# Himmelblau basins log
# X Y Root_Std Root_Sym
-4.500000e+00 -4.500000e+00 4 4 4
-4.500000e+00 -4.409091e+00 4 4 4
-4.500000e+00 -4.318182e+00 1 1 4
-4.500000e+00 -4.227273e+00 4 4 4
-4.500000e+00 -4.136364e+00 4 4 4
-4.500000e+00 -4.045455e+00 4 4 4
-4.500000e+00 -3.954545e+00 4 4 4
-4.500000e+00 -3.863636e+00 4 4 4
-4.500000e+00 -3.772727e+00 4 3 4
-4.500000e+00 -3.681818e+00 4 3 4
-4.500000e+00 -3.590909e+00 4 4 4
-4.500000e+00 -3.500000e+00 4 4 4
-4.500000e+00 -3.409091e+00 4 4 4
-4.500000e+00 -3.318182e+00 4 4 4
-4.500000e+00 -3.227273e+00 4 4 4
-4.500000e+00 -3.136364e+00 4 4 4
-4.500000e+00 -3.045455e+00 4 4 4
-4.500000e+00 -2.954545e+00 4 4 4
-4.500000e+00 -2.863636e+00 4 4 4
-4.500000e+00 -2.772727e+00 4 4 4
-4.500000e+00 -2.681818e+00 4 4 4
-4.500000e+00 -2.590909e+00 4 4 4
-4.500000e+00 -2.500000e+00 4 4 4
-4.500000e+00 -2.409091e+00 4 4 4
-4.500000e+00 -2.318182e+00 4 4 4
-4.500000e+00 -2.227273e+00 4 4 4
-4.500000e+00 -2.136364e+00 1 4 4
-4.500000e+00 -2.045455e+00 4 4 4
-4.500000e+00 -1.954545e+00 4 4 4
-4.500000e+00 -1.863636e+00 4 4 4
-4.500000e+00 -1.772727e+00 1 4 4
-4.500000e+00 -1.681818e+00 4 4 4
-4.500000e+00 -1.590909e+00 4 4 4
-4.500000e+00 -1.500000e+00 4 4 4
-4.500000e+00 -1.409091e+00 4 4 4
-4.500000e+00 -1.318182e+00 4 4 4
-4.500000e+00 -1.227273e+00 4 4 4
-4.500000e+00 -1.136364e+00 4 4 4
-4.500000e+00 -1.045455e+00 4 4 4
-4.500000e+00 -9.545455e-01 1 1 4
-4.500000e+00 -8.636364e-01 1 1 4
-4.500000e+00 -7.727273e-01 1 1 4
-4.500000e+00 -6.818182e-01 1 1 4
-4.500000e+00 -5.909091e-01 1 1 4
-4.500000e+00 -5.000000e-01 2 2 4
-4.500000e+00 -4.090909e-01 2 2 4
-4.500000e+00 -3.181818e-01 1 1 4
-4.500000e+00 -2.272727e-01 1 1 4
-4.500000e+00 -1.363636e-01 2 2 4
-4.500000e+00 -4.545455e-02 2 2 4
-4.500000e+00 4.545455e-02 1 1 4
-4.500000e+00 1.363636e-01 1 1 3
-4.500000e+00 2.272727e-01 1 2 3
-4.500000e+00 3.181818e-01 1 1 3
-4.500000e+00 4.090909e-01 3 1 3
-4.500000e+00 5.000000e-01 1 1 3
-4.500000e+00 5.909091e-01 2 1 3
-4.500000e+00 6.818182e-01 2 1 3
-4.500000e+00 7.727273e-01 1 1 3
-4.500000e+00 8.636364e-01 1 1 3
-4.500000e+00 9.545455e-01 1 1 3
-4.500000e+00 1.045455e+00 1 1 3
-4.500000e+00 1.136364e+00 1 1 3
-4.500000e+00 1.227273e+00 2 1 3
-4.500000e+00 1.318182e+00 1 1 3
-4.500000e+00 1.409091e+00 2 2 3
-4.500000e+00 1.500000e+00 2 2 3
-4.500000e+00 1.590909e+00 1 2 3
-4.500000e+00 1.681818e+00 2 2 3
-4.500000e+00 1.772727e+00 2 1 3
-4.500000e+00 1.863636e+00 2 2 3
-4.500000e+00 1.954545e+00 2 2 3
-4.500000e+00 2.045455e+00 2 1 3
-4.500000e+00 2.136364e+00 2 1 3
-4.500000e+00 2.227273e+00 2 1 3
-4.500000e+00 2.318182e+00 2 1 3
-4.500000e+00 2.409091e+00 2 1 3
-4.500000e+00 2.500000e+00 2 1 3
-4.500000e+00 2.590909e+00 2 1 3
-4.500000e+00 2.681818e+00 2 1 3
-4.500000e+00 2.772727e+00 2 1 3
-4.500000e+00 2.863636e+00 2 1 3
-4.500000e+00 2.954545e+00 2 2 3
-4.500000e+00 3.045455e+00 1 2 3
-4.500000e+00 3.136364e+00 1 2 3
-4.500000e+00 3.227273e+00 1 2 3
-4.500000e+00 3.318182e+00 1 1 3
-4.500000e+00 3.409091e+00 1 1 3
-4.500000e+00 3.500000e+00 2 1 3
-4.500000e+00 3.590909e+00 1 1 3
-4.500000e+00 3.681818e+00 1 1 3
-4.500000e+00 3.772727e+00 1 1 3
-4.500000e+00 3.863636e+00 1 1 3
-4.500000e+00 3.954545e+00 1 1 3
-4.500000e+00 4.045455e+00 1 1 3
-4.500000e+00 4.136364e+00 1 1 3
-4.500000e+00 4.227273e+00 1 1 3
-4.500000e+00 4.318182e+00 1 1 3
-4.500000e+00 4.409091e+00 1 2 3
-4.500000e+00 4.500000e+00 2 2 3

-4.409091e+00 -4.500000e+00 4 4 4
-4.409091e+00 -4.409091e+00 4 4 4
-4.409091e+00 -4.318182e+00 3 3 4
-4.409091e+00 -4.227273e+00 4 4 4
-4.409091e+00 -4.136364e+00 4 4 4
-4.409091e+00 -4.045455e+00 4 4 4
-4.409091e+00 -3.954545e+00 4 4 4
-4.409091e+00 -3.863636e+00 4 4 4
-4.409091e+00 -3.772727e+00 3 4 4
-4.409091e+00 -3.681818e+00 4 4 4
-4.409091e+00 -3.590909e+00 4 3 4
-4.409091e+00 -3.500000e+00 4 4 4
-4.409091e+00 -3.409091e+00 4 4 4
-4.409091e+00 -3.318182e+00 4 4 4
-4.409091e+00 -3.227273e+00 4 4 4
-4.409091e+00 -3.136364e+00 4 4 4
-4.409091e+00 -3.045455e+00 4 4 4
-4.409091e+00 -2.954545e+00 4 4 4
-4.409091e+00 -2.863636e+00 4 4 4
-4.409091e+00 -2.772727e+00 4 4 4
-4.409091e+00 -2.681818e+00 4 4 4
-4.409091e+00 -2.590909e+00 4 4 4
-4.409091e+00 -2.500000e+00 4 4 4
-4.409091e+00 -2.409091e+00 4 4 4
-4.409091e+00 -2.318182e+00 4 4 4
-4.409091e+00 -2.227273e+00 4 4 4
-4.409091e+00 -2.136364e+00 4 4 4
-4.409091e+00 -2.045455e+00 4 4 4
-4.409091e+00 -1.954545e+00 4 4 4
-4.409091e+00 -1.863636e+00 4 4 4
-4.409091e+00 -1.772727e+00 4 4 4
-4.409091e+00 -1.681818e+00 4 4 4
-4.409091e+00 -1.590909e+00 4 4 4
-4.409091e+00 -1.500000e+00 4 4 4
-4.409091e+00 -1.409091e+00 4 4 4
-4.409091e+00 -1.318182e+00 4 4 4
-4.409091e+00 -1.227273e+00 4 4 4
-4.409091e+00 -1.136364e+00 4 4 4
-4.409091e+00 -1.045455e+00 4 4 4
-4.409091e+00 -9.545455e-01 4 4 4
-4.409091e+00 -8.636364e-01 4 4 4
-4.409091e+00 -7.727273e-01 1 1 4
-4.409091e+00 -6.818182e-01 1 1 4
-4.409091e+00 -5.909091e-01 1 1 4
-4.409091e+00 -5.000000e-01 1 1 4
-4.409091e+00 -4.090909e-01 2 2 4
-4.409091e+00 -3.181818e-01 2 2 4
-4.409091e+00 -2.272727e-01 1 1 4
-4.409091e+00 -1.363636e-01 2 2 4
-4.409091e+00 -4.545455e-02 2 2 4
-4.409091e+00 4.545455e-02 1 1 4
-4.409091e+00 1.363636e-01 1 1 3
-4.409091e+00 2.272727e-01 2 2 3
-4.409091e+00 3.181818e-01 1 1 3
-4.409091e+00 4.090909e-01 1 1 3
-4.409091e+00 5.000000e-01 1 1 3
-4.409091e+00 5.909091e-01 1 1 3
-4.409091e+00 6.818182e-01 1 1 3
-4.409091e+00 7.727273e-01 1 1 3
-4.409091e+00 8.636364e-01 1 1 3
-4.409091e+00 9.545455e-01 1 1 3
-4.409091e+00 1.045455e+00 1 1 3
-4.409091e+00 1.136364e+00 1 1 3
-4.409091e+00 1.227273e+00 1 1 3
-4.409091e+00 1.318182e+00 2 1 3
-4.409091e+00 1.409091e+00 1 1 3
-4.409091e+00 1.500000e+00 1 1 3
-4.409091e+00 1.590909e+00 2 2 3
-4.409091e+00 1.681818e+00 2 2 3
-4.409091e+00 1.772727e+00 2 2 3
-4.409091e+00 1.863636e+00 1 1 3
-4.409091e+00 1.954545e+00 1 2 3
-4.409091e+00 2.045455e+00 2 2 3
-4.409091e+00 2.136364e+00 2 2 3
-4.409091e+00 2.227273e+00 2 1 3
-4.409091e+00 2.318182e+00 2 1 3
-4.409091e+00 2.409091e+00 2 1 3
-4.409091e+00 2.500000e+00 2 1 3
-4.409091e+00 2.590909e+00 2 1 3
-4.409091e+00 2.681818e+00 2 1 3
-4.409091e+00 2.772727e+00 2 1 3
-4.409091e+00 2.863636e+00 1 2 3
-4.409091e+00 2.954545e+00 1 2 3
-4.409091e+00 3.045455e+00 1 2 3
-4.409091e+00 3.136364e+00 1 2 3
-4.409091e+00 3.227273e+00 1 1 3
-4.409091e+00 3.318182e+00 2 1 3
-4.409091e+00 3.409091e+00 1 1 3
-4.409091e+00 3.500000e+00 1 1 3
-4.409091e+00 3.590909e+00 2 1 3
-4.409091e+00 3.681818e+00 2 1 3
-4.409091e+00 3.772727e+00 1 1 3
-4.409091e+00 3.863636e+00 1 1 3
-4.409091e+00 3.954545e+00 1 1 3
-4.409091e+00 4.045455e+00 1 1 3
-4.409091e+00 4.136364e+00 1 1 3
-4.409091e+00 4.227273e+00 1 1 3
-4.409091e+00 4.318182e+00 1 1 3
-4.409091e+00 4.409091e+00 1 1 3
-4.409091e+00 4.500000e+00 2 2 3

-4.318182e+00 -4.500000e+00 4 2 4
-4.318182e+00 -4.409091e+00 4 4 4
-4.318182e+00 -4.318182e+00 1 3 4
-4.318182e+00 -4.227273e+00 4 4 4
-4.318182e+00 -4.136364e+00 4 4 4
-4.318182e+00 -4.045455e+00 4 4 4
-4.318182e+00 -3.954545e+00 4 4 4
-4.318182e+00 -3.863636e+00 1 1 4
-4.318182e+00 -3.772727e+00 1 1 4
-4.318182e+00 -3.681818e+00 2 2 4
-4.318182e+00 -3.590909e+00 2 2 4
-4.318182e+00 -3.500000e+00 4 4 4
-4.318182e+00 -3.409091e+00 4 4 4
-4.318182e+00 -3.318182e+00 4 4 4
-4.318182e+00 -3.227273e+00 4 4 4
-4.318182e+00 -3.136364e+00 4 4 4
-4.318182e+00 -3.045455e+00 4 4 4
-4.318182e+00 -2.954545e+00 4 4 4
-4.318182e+00 -2.863636e+00 4 4 4
-4.318182e+00 -2.772727e+00 4 4 4
-4.318182e+00 -2.681818e+00 4 4 4
-4.318182e+00 -2.590909e+00 4 4 4
-4.318182e+00 -2.500000e+00 4 4 4
-4.318182e+00 -2.409091e+00 4 4 4
-4.318182e+00 -2.318182e+00 4 4 4
-4.318182e+00 -2.227273e+00 4 4 4
-4.318182e+00 -2.136364e+00 4 4 4
-4.318182e+00 -2.045455e+00 1 4 4
-4.318182e+00 -1.954545e+00 1 4 4
-4.318182e+00 -1.863636e+00 1 4 4
-4.318182e+00 -1.772727e+00 4 4 4
-4.318182e+00 -1.681818e+00 4 4 4
-4.318182e+00 -1.590909e+00 4 4 4
-4.318182e+00 -1.500000e+00 4 4 4
-4.318182e+00 -1.409091e+00 4 4 4
-4.318182e+00 -1.318182e+00 4 4 4
-4.318182e+00 -1.227273e+00 4 4 4
-4.318182e+00 -1.136364e+00 4 4 4
-4.318182e+00 -1.045455e+00 4 4 4
-4.318182e+00 -9.545455e-01 4 4 4
-4.318182e+00 -8.636364e-01 4 4 4
-4.318182e+00 -7.727273e-01 3 3 4
-4.318182e+00 -6.818182e-01 3 3 4
-4.318182e+00 -5.909091e-01 2 2 4
-4.318182e+00 -5.000000e-01 2 1 4
-4.318182e+00 -4.090909e-01 1 2 4
-4.318182e+00 -3.181818e-01 1 2 4
-4.318182e+00 -2.272727e-01 1 1 4
-4.318182e+00 -1.363636e-01 1 1 4
-4.318182e+00 -4.545455e-02 2 2 4
-4.318182e+00 4.545455e-02 1 1 3
-4.318182e+00 1.363636e-01 2 1 3
-4.318182e+00 2.272727e-01 1 1 3
-4.318182e+00 3.181818e-01 1 1 3
-4.318182e+00 4.090909e-01 1 1 3
-4.318182e+00 5.000000e-01 1 1 3
-4.318182e+00 5.909091e-01 1 1 3
-4.318182e+00 6.818182e-01 1 1 3
-4.318182e+00 7.727273e-01 1 1 3
-4.318182e+00 8.636364e-01 1 1 3
-4.318182e+00 9.545455e-01 1 1 3
-4.318182e+00 1.045455e+00 2 1 3
-4.318182e+00 1.136364e+00 2 1 3
-4.318182e+00 1.227273e+00 1 1 3
-4.318182e+00 1.318182e+00 1 1 3
-4.318182e+00 1.409091e+00 2 1 3
-4.318182e+00 1.500000e+00 2 2 3
-4.318182e+00 1.590909e+00 1 2 3
-4.318182e+00 1.681818e+00 2 1 3
-4.318182e+00 1.772727e+00 1 2 3
-4.318182e+00 1.863636e+00 2 2 3
-4.318182e+00 1.954545e+00 1 2 3
-4.318182e+00 2.045455e+00 1 2 3
-4.318182e+00 2.136364e+00 2 2 3
-4.318182e+00 2.227273e+00 2 2 3
-4.318182e+00 2.318182e+00 2 2 3
-4.318182e+00 2.409091e+00 2 2 3
-4.318182e+00 2.500000e+00 2 2 3
-4.318182e+00 2.590909e+00 2 2 3
-4.318182e+00 2.681818e+00 1 2 3
-4.318182e+00 2.772727e+00 1 2 3
-4.318182e+00 2.863636e+00 1 2 3
-4.318182e+00 2.954545e+00 1 2 3
-4.318182e+00 3.045455e+00 1 2 3
-4.318182e+00 3.136364e+00 1 2 3
-4.318182e+00 3.227273e+00 2 1 3
-4.318182e+00 3.318182e+00 1 1 3
-4.318182e+00 3.409091e+00 1 1 3
-4.318182e+00 3.500000e+00 1 1 3
-4.318182e+00 3.590909e+00 1 1 3
-4.318182e+00 3.681818e+00 1 1 3
-4.318182e+00 3.772727e+00 2 1 3
-4.318182e+00 3.863636e+00 2 1 3
-4.318182e+00 3.954545e+00 2 1 3
-4.318182e+00 4.045455e+00 1 1 3
-4.318182e+00 4.136364e+00 1 1 3
-4.318182e+00 4.227273e+00 1 1 3
-4.318182e+00 4.318182e+00 2 1 3
-4.318182e+00 4.409091e+00 1 1 3
-4.318182e+00 4.500000e+00 1 2 3

-4.227273e+00 -4.500000e+00 4 4 4
-4.227273e+00 -4.409091e+00 4 4 4
-4.227273e+00 -4.318182e+00 3 3 4
-4.227273e+00 -4.227273e+00 3 3 4
-4.227273e+00 -4.136364e+00 4 4 4
-4.227273e+00 -4.045455e+00 4 4 4
-4.227273e+00 -3.954545e+00 4 4 4
-4.227273e+00 -3.863636e+00 4 4 4
-4.227273e+00 -3.772727e+00 4 4 4
-4.227273e+00 -3.681818e+00 4 4 4
-4.227273e+00 -3.590909e+00 4 4 4
-4.227273e+00 -3.500000e+00 4 4 4
-4.227273e+00 -3.409091e+00 4 4 4
-4.227273e+00 -3.318182e+00 4 4 4
-4.227273e+00 -3.227273e+00 4 4 4
-4.227273e+00 -3.136364e+00 4 4 4
-4.227273e+00 -3.045455e+00 4 4 4
-4.227273e+00 -2.954545e+00 4 4 4
-4.227273e+00 -2.863636e+00 4 4 4
-4.227273e+00 -2.772727e+00 4 4 4
-4.227273e+00 -2.681818e+00 4 4 4
-4.227273e+00 -2.590909e+00 4 4 4
-4.227273e+00 -2.500000e+00 4 4 4
-4.227273e+00 -2.409091e+00 4 4 4
-4.227273e+00 -2.318182e+00 4 4 4
-4.227273e+00 -2.227273e+00 4 4 4
-4.227273e+00 -2.136364e+00 4 4 4
-4.227273e+00 -2.045455e+00 4 4 4
-4.227273e+00 -1.954545e+00 4 4 4
-4.227273e+00 -1.863636e+00 4 4 4
-4.227273e+00 -1.772727e+00 4 4 4
-4.227273e+00 -1.681818e+00 4 4 4
-4.227273e+00 -1.590909e+00 4 4 4
-4.227273e+00 -1.500000e+00 1 4 4
-4.227273e+00 -1.409091e+00 4 4 4
-4.227273e+00 -1.318182e+00 4 4 4
-4.227273e+00 -1.227273e+00 4 4 4
-4.227273e+00 -1.136364e+00 4 4 4
-4.227273e+00 -1.045455e+00 4 4 4
-4.227273e+00 -9.545455e-01 4 4 4
-4.227273e+00 -8.636364e-01 2 2 4
-4.227273e+00 -7.727273e-01 2 2 4
-4.227273e+00 -6.818182e-01 2 2 4
-4.227273e+00 -5.909091e-01 2 2 4
-4.227273e+00 -5.000000e-01 2 2 4
-4.227273e+00 -4.090909e-01 2 2 4
-4.227273e+00 -3.181818e-01 2 2 4
-4.227273e+00 -2.272727e-01 2 2 4
-4.227273e+00 -1.363636e-01 2 2 4
-4.227273e+00 -4.545455e-02 2 2 4
-4.227273e+00 4.545455e-02 2 2 3
-4.227273e+00 1.363636e-01 2 1 3
-4.227273e+00 2.272727e-01 1 2 3
-4.227273e+00 3.181818e-01 2 2 3
-4.227273e+00 4.090909e-01 1 1 3
-4.227273e+00 5.000000e-01 1 1 3
-4.227273e+00 5.909091e-01 1 1 3
-4.227273e+00 6.818182e-01 2 1 3
-4.227273e+00 7.727273e-01 2 1 3
-4.227273e+00 8.636364e-01 1 1 3
-4.227273e+00 9.545455e-01 1 1 3
-4.227273e+00 1.045455e+00 1 1 3
-4.227273e+00 1.136364e+00 2 1 3
-4.227273e+00 1.227273e+00 1 1 3
-4.227273e+00 1.318182e+00 2 1 3
-4.227273e+00 1.409091e+00 1 1 3
-4.227273e+00 1.500000e+00 1 1 3
-4.227273e+00 1.590909e+00 2 1 3
-4.227273e+00 1.681818e+00 1 2 3
-4.227273e+00 1.772727e+00 1 2 3
-4.227273e+00 1.863636e+00 1 2 3
-4.227273e+00 1.954545e+00 2 2 3
-4.227273e+00 2.045455e+00 1 2 3
-4.227273e+00 2.136364e+00 1 2 3
-4.227273e+00 2.227273e+00 1 2 3
-4.227273e+00 2.318182e+00 1 2 3
-4.227273e+00 2.409091e+00 1 2 3
-4.227273e+00 2.500000e+00 1 2 3
-4.227273e+00 2.590909e+00 1 2 3
-4.227273e+00 2.681818e+00 1 2 3
-4.227273e+00 2.772727e+00 1 2 3
-4.227273e+00 2.863636e+00 1 2 3
-4.227273e+00 2.954545e+00 1 2 3
-4.227273e+00 3.045455e+00 1 2 3
-4.227273e+00 3.136364e+00 1 1 3
-4.227273e+00 3.227273e+00 4 1 3
-4.227273e+00 3.318182e+00 1 1 3
-4.227273e+00 3.409091e+00 2 1 3
-4.227273e+00 3.500000e+00 1 1 3
-4.227273e+00 3.590909e+00 1 1 3
-4.227273e+00 3.681818e+00 1 1 3
-4.227273e+00 3.772727e+00 2 1 3
-4.227273e+00 3.863636e+00 2 1 3
-4.227273e+00 3.954545e+00 4 1 3
-4.227273e+00 4.045455e+00 1 1 3
-4.227273e+00 4.136364e+00 1 1 3
-4.227273e+00 4.227273e+00 1 1 3
-4.227273e+00 4.318182e+00 1 1 3
-4.227273e+00 4.409091e+00 1 1 3
-4.227273e+00 4.500000e+00 1 2 3

-4.136364e+00 -4.500000e+00 4 4 4
-4.136364e+00 -4.409091e+00 4 4 4
-4.136364e+00 -4.318182e+00 3 3 4
-4.136364e+00 -4.227273e+00 3 3 4
-4.136364e+00 -4.136364e+00 4 4 4
-4.136364e+00 -4.045455e+00 4 4 4
-4.136364e+00 -3.954545e+00 4 4 4
-4.136364e+00 -3.863636e+00 4 4 4
-4.136364e+00 -3.772727e+00 4 4 4
-4.136364e+00 -3.681818e+00 4 4 4
-4.136364e+00 -3.590909e+00 4 4 4
-4.136364e+00 -3.500000e+00 4 4 4
-4.136364e+00 -3.409091e+00 4 4 4
-4.136364e+00 -3.318182e+00 4 4 4
-4.136364e+00 -3.227273e+00 4 4 4
-4.136364e+00 -3.136364e+00 4 4 4
-4.136364e+00 -3.045455e+00 4 4 4
-4.136364e+00 -2.954545e+00 4 4 4
-4.136364e+00 -2.863636e+00 4 4 4
-4.136364e+00 -2.772727e+00 4 4 4
-4.136364e+00 -2.681818e+00 4 4 4
-4.136364e+00 -2.590909e+00 4 4 4
-4.136364e+00 -2.500000e+00 4 4 4
-4.136364e+00 -2.409091e+00 4 4 4
-4.136364e+00 -2.318182e+00 4 4 4
-4.136364e+00 -2.227273e+00 4 4 4
-4.136364e+00 -2.136364e+00 4 4 4
-4.136364e+00 -2.045455e+00 4 4 4
-4.136364e+00 -1.954545e+00 4 4 4
-4.136364e+00 -1.863636e+00 4 4 4
-4.136364e+00 -1.772727e+00 4 4 4
-4.136364e+00 -1.681818e+00 4 4 4
-4.136364e+00 -1.590909e+00 4 4 4
-4.136364e+00 -1.500000e+00 4 4 4
-4.136364e+00 -1.409091e+00 4 4 4
-4.136364e+00 -1.318182e+00 4 4 4
-4.136364e+00 -1.227273e+00 4 4 4
-4.136364e+00 -1.136364e+00 4 4 4
-4.136364e+00 -1.045455e+00 4 4 4
-4.136364e+00 -9.545455e-01 4 4 4
-4.136364e+00 -8.636364e-01 4 4 4
-4.136364e+00 -7.727273e-01 2 2 4
-4.136364e+00 -6.818182e-01 2 2 4
-4.136364e+00 -5.909091e-01 2 2 4
-4.136364e+00 -5.000000e-01 2 2 4
-4.136364e+00 -4.090909e-01 2 2 4
-4.136364e+00 -3.181818e-01 2 2 4
-4.136364e+00 -2.272727e-01 2 2 4
-4.136364e+00 -1.363636e-01 2 2 4
-4.136364e+00 -4.545455e-02 2 2 4
-4.136364e+00 4.545455e-02 2 2 3
-4.136364e+00 1.363636e-01 2 2 3
-4.136364e+00 2.272727e-01 1 2 3
-4.136364e+00 3.181818e-01 1 2 3
-4.136364e+00 4.090909e-01 1 1 3
-4.136364e+00 5.000000e-01 1 1 3
-4.136364e+00 5.909091e-01 1 1 3
-4.136364e+00 6.818182e-01 1 1 3
-4.136364e+00 7.727273e-01 2 1 3
-4.136364e+00 8.636364e-01 1 2 3
-4.136364e+00 9.545455e-01 2 2 3
-4.136364e+00 1.045455e+00 3 1 3
-4.136364e+00 1.136364e+00 3 1 3
-4.136364e+00 1.227273e+00 3 1 3
-4.136364e+00 1.318182e+00 3 1 3
-4.136364e+00 1.409091e+00 1 1 3
-4.136364e+00 1.500000e+00 1 1 3
-4.136364e+00 1.590909e+00 1 1 3
-4.136364e+00 1.681818e+00 1 2 3
-4.136364e+00 1.772727e+00 1 2 3
-4.136364e+00 1.863636e+00 1 2 3
-4.136364e+00 1.954545e+00 1 2 3
-4.136364e+00 2.045455e+00 1 2 3
-4.136364e+00 2.136364e+00 1 2 3
-4.136364e+00 2.227273e+00 1 2 3
-4.136364e+00 2.318182e+00 1 2 3
-4.136364e+00 2.409091e+00 1 2 3
-4.136364e+00 2.500000e+00 1 2 3
-4.136364e+00 2.590909e+00 1 2 3
-4.136364e+00 2.681818e+00 1 2 3
-4.136364e+00 2.772727e+00 1 2 3
-4.136364e+00 2.863636e+00 1 2 3
-4.136364e+00 2.954545e+00 1 2 3
-4.136364e+00 3.045455e+00 1 1 3
-4.136364e+00 3.136364e+00 2 1 3
-4.136364e+00 3.227273e+00 1 1 3
-4.136364e+00 3.318182e+00 2 1 3
-4.136364e+00 3.409091e+00 2 2 3
-4.136364e+00 3.500000e+00 1 1 3
-4.136364e+00 3.590909e+00 1 1 3
-4.136364e+00 3.681818e+00 4 1 3
-4.136364e+00 3.772727e+00 2 1 3
-4.136364e+00 3.863636e+00 1 1 3
-4.136364e+00 3.954545e+00 1 1 3
-4.136364e+00 4.045455e+00 2 1 3
-4.136364e+00 4.136364e+00 1 1 3
-4.136364e+00 4.227273e+00 1 1 3
-4.136364e+00 4.318182e+00 1 1 3
-4.136364e+00 4.409091e+00 1 1 3
-4.136364e+00 4.500000e+00 1 1 3

-4.045455e+00 -4.500000e+00 2 1 4
-4.045455e+00 -4.409091e+00 2 4 4
-4.045455e+00 -4.318182e+00 4 4 4
-4.045455e+00 -4.227273e+00 3 3 4
-4.045455e+00 -4.136364e+00 4 2 4
-4.045455e+00 -4.045455e+00 4 4 4
-4.045455e+00 -3.954545e+00 4 4 4
-4.045455e+00 -3.863636e+00 4 4 4
-4.045455e+00 -3.772727e+00 4 4 4
-4.045455e+00 -3.681818e+00 4 4 4
-4.045455e+00 -3.590909e+00 4 4 4
-4.045455e+00 -3.500000e+00 4 4 4
-4.045455e+00 -3.409091e+00 4 4 4
-4.045455e+00 -3.318182e+00 4 4 4
-4.045455e+00 -3.227273e+00 4 4 4
-4.045455e+00 -3.136364e+00 4 4 4
-4.045455e+00 -3.045455e+00 4 4 4
-4.045455e+00 -2.954545e+00 4 4 4
-4.045455e+00 -2.863636e+00 4 4 4
-4.045455e+00 -2.772727e+00 4 4 4
-4.045455e+00 -2.681818e+00 4 4 4
-4.045455e+00 -2.590909e+00 4 4 4
-4.045455e+00 -2.500000e+00 4 4 4
-4.045455e+00 -2.409091e+00 4 4 4
-4.045455e+00 -2.318182e+00 4 4 4
-4.045455e+00 -2.227273e+00 4 4 4
-4.045455e+00 -2.136364e+00 4 4 4
-4.045455e+00 -2.045455e+00 4 4 4
-4.045455e+00 -1.954545e+00 4 4 4
-4.045455e+00 -1.863636e+00 4 4 4
-4.045455e+00 -1.772727e+00 4 4 4
-4.045455e+00 -1.681818e+00 4 4 4
-4.045455e+00 -1.590909e+00 4 4 4
-4.045455e+00 -1.500000e+00 4 4 4
-4.045455e+00 -1.409091e+00 4 4 4
-4.045455e+00 -1.318182e+00 4 4 4
-4.045455e+00 -1.227273e+00 4 4 4
-4.045455e+00 -1.136364e+00 4 4 4
-4.045455e+00 -1.045455e+00 4 4 4
-4.045455e+00 -9.545455e-01 4 4 4
-4.045455e+00 -8.636364e-01 4 4 4
-4.045455e+00 -7.727273e-01 4 4 4
-4.045455e+00 -6.818182e-01 2 2 4
-4.045455e+00 -5.909091e-01 1 2 4
-4.045455e+00 -5.000000e-01 1 2 4
-4.045455e+00 -4.090909e-01 1 2 4
-4.045455e+00 -3.181818e-01 1 2 4
-4.045455e+00 -2.272727e-01 2 1 4
-4.045455e+00 -1.363636e-01 2 2 4
-4.045455e+00 -4.545455e-02 2 2 4
-4.045455e+00 4.545455e-02 2 1 3
-4.045455e+00 1.363636e-01 1 1 3
-4.045455e+00 2.272727e-01 1 1 3
-4.045455e+00 3.181818e-01 1 1 3
-4.045455e+00 4.090909e-01 1 1 3
-4.045455e+00 5.000000e-01 1 1 3
-4.045455e+00 5.909091e-01 1 1 3
-4.045455e+00 6.818182e-01 1 1 3
-4.045455e+00 7.727273e-01 1 1 3
-4.045455e+00 8.636364e-01 1 2 3
-4.045455e+00 9.545455e-01 2 2 3
-4.045455e+00 1.045455e+00 1 1 3
-4.045455e+00 1.136364e+00 1 1 3
-4.045455e+00 1.227273e+00 1 1 3
-4.045455e+00 1.318182e+00 3 3 3
-4.045455e+00 1.409091e+00 3 3 3
-4.045455e+00 1.500000e+00 3 3 3
-4.045455e+00 1.590909e+00 3 3 3
-4.045455e+00 1.681818e+00 3 3 3
-4.045455e+00 1.772727e+00 3 1 3
-4.045455e+00 1.863636e+00 1 2 3
-4.045455e+00 1.954545e+00 1 2 3
-4.045455e+00 2.045455e+00 1 2 3
-4.045455e+00 2.136364e+00 1 2 3
-4.045455e+00 2.227273e+00 1 2 3
-4.045455e+00 2.318182e+00 1 2 3
-4.045455e+00 2.409091e+00 1 2 3
-4.045455e+00 2.500000e+00 3 3 3
-4.045455e+00 2.590909e+00 3 3 3
-4.045455e+00 2.681818e+00 3 3 3
-4.045455e+00 2.772727e+00 3 3 3
-4.045455e+00 2.863636e+00 3 3 3
-4.045455e+00 2.954545e+00 3 3 3
-4.045455e+00 3.045455e+00 1 1 3
-4.045455e+00 3.136364e+00 2 1 3
-4.045455e+00 3.227273e+00 1 1 3
-4.045455e+00 3.318182e+00 1 1 3
-4.045455e+00 3.409091e+00 1 1 3
-4.045455e+00 3.500000e+00 1 1 3
-4.045455e+00 3.590909e+00 1 1 3
-4.045455e+00 3.681818e+00 2 1 3
-4.045455e+00 3.772727e+00 3 3 3
-4.045455e+00 3.863636e+00 3 3 3
-4.045455e+00 3.954545e+00 1 2 3
-4.045455e+00 4.045455e+00 1 3 3
-4.045455e+00 4.136364e+00 3 3 3
-4.045455e+00 4.227273e+00 3 3 3
-4.045455e+00 4.318182e+00 3 3 3
-4.045455e+00 4.409091e+00 3 3 3
-4.045455e+00 4.500000e+00 1 1 3

-3.954545e+00 -4.500000e+00 2 1 4
-3.954545e+00 -4.409091e+00 2 1 4
-3.954545e+00 -4.318182e+00 4 4 4
-3.954545e+00 -4.227273e+00 4 4 4
-3.954545e+00 -4.136364e+00 2 4 4
-3.954545e+00 -4.045455e+00 4 4 4
-3.954545e+00 -3.954545e+00 4 4 4
-3.954545e+00 -3.863636e+00 4 4 4
-3.954545e+00 -3.772727e+00 4 4 4
-3.954545e+00 -3.681818e+00 4 4 4
-3.954545e+00 -3.590909e+00 4 4 4
-3.954545e+00 -3.500000e+00 4 4 4
-3.954545e+00 -3.409091e+00 4 4 4
-3.954545e+00 -3.318182e+00 4 4 4
-3.954545e+00 -3.227273e+00 4 4 4
-3.954545e+00 -3.136364e+00 4 4 4
-3.954545e+00 -3.045455e+00 4 4 4
-3.954545e+00 -2.954545e+00 4 4 4
-3.954545e+00 -2.863636e+00 4 4 4
-3.954545e+00 -2.772727e+00 4 4 4
-3.954545e+00 -2.681818e+00 4 4 4
-3.954545e+00 -2.590909e+00 4 4 4
-3.954545e+00 -2.500000e+00 4 4 4
-3.954545e+00 -2.409091e+00 4 4 4
-3.954545e+00 -2.318182e+00 4 4 4
-3.954545e+00 -2.227273e+00 4 4 4
-3.954545e+00 -2.136364e+00 4 4 4
-3.954545e+00 -2.045455e+00 4 4 4
-3.954545e+00 -1.954545e+00 4 4 4
-3.954545e+00 -1.863636e+00 4 4 4
-3.954545e+00 -1.772727e+00 4 4 4
-3.954545e+00 -1.681818e+00 4 4 4
-3.954545e+00 -1.590909e+00 4 4 4
-3.954545e+00 -1.500000e+00 4 4 4
-3.954545e+00 -1.409091e+00 4 4 4
-3.954545e+00 -1.318182e+00 4 4 4
-3.954545e+00 -1.227273e+00 4 4 4
-3.954545e+00 -1.136364e+00 4 4 4
-3.954545e+00 -1.045455e+00 4 4 4
-3.954545e+00 -9.545455e-01 1 4 4
-3.954545e+00 -8.636364e-01 4 4 4
-3.954545e+00 -7.727273e-01 4 4 4
-3.954545e+00 -6.818182e-01 4 4 4
-3.954545e+00 -5.909091e-01 4 4 4
-3.954545e+00 -5.000000e-01 1 2 4
-3.954545e+00 -4.090909e-01 1 2 4
-3.954545e+00 -3.181818e-01 1 2 4
-3.954545e+00 -2.272727e-01 1 2 4
-3.954545e+00 -1.363636e-01 1 1 4
-3.954545e+00 -4.545455e-02 1 1 4
-3.954545e+00 4.545455e-02 1 2 3
-3.954545e+00 1.363636e-01 1 1 3
-3.954545e+00 2.272727e-01 1 1 3
-3.954545e+00 3.181818e-01 1 1 3
-3.954545e+00 4.090909e-01 1 1 3
-3.954545e+00 5.000000e-01 1 1 3
-3.954545e+00 5.909091e-01 1 1 3
-3.954545e+00 6.818182e-01 1 1 3
-3.954545e+00 7.727273e-01 1 1 3
-3.954545e+00 8.636364e-01 1 1 3
-3.954545e+00 9.545455e-01 1 1 3
-3.954545e+00 1.045455e+00 2 1 3
-3.954545e+00 1.136364e+00 1 1 3
-3.954545e+00 1.227273e+00 1 1 3
-3.954545e+00 1.318182e+00 1 1 3
-3.954545e+00 1.409091e+00 3 3 3
-3.954545e+00 1.500000e+00 3 3 3
-3.954545e+00 1.590909e+00 3 3 3
-3.954545e+00 1.681818e+00 3 3 3
-3.954545e+00 1.772727e+00 3 3 3
-3.954545e+00 1.863636e+00 3 3 3
-3.954545e+00 1.954545e+00 3 3 3
-3.954545e+00 2.045455e+00 4 2 3
-3.954545e+00 2.136364e+00 3 1 3
-3.954545e+00 2.227273e+00 3 2 3
-3.954545e+00 2.318182e+00 3 3 3
-3.954545e+00 2.409091e+00 3 3 3
-3.954545e+00 2.500000e+00 3 3 3
-3.954545e+00 2.590909e+00 3 3 3
-3.954545e+00 2.681818e+00 3 3 3
-3.954545e+00 2.772727e+00 3 3 3
-3.954545e+00 2.863636e+00 3 3 3
-3.954545e+00 2.954545e+00 3 3 3
-3.954545e+00 3.045455e+00 3 3 3
-3.954545e+00 3.136364e+00 3 3 3
-3.954545e+00 3.227273e+00 3 3 3
-3.954545e+00 3.318182e+00 2 2 3
-3.954545e+00 3.409091e+00 2 2 3
-3.954545e+00 3.500000e+00 2 2 3
-3.954545e+00 3.590909e+00 2 2 3
-3.954545e+00 3.681818e+00 2 1 3
-3.954545e+00 3.772727e+00 2 2 3
-3.954545e+00 3.863636e+00 2 2 3
-3.954545e+00 3.954545e+00 2 2 3
-3.954545e+00 4.045455e+00 2 1 3
-3.954545e+00 4.136364e+00 2 2 3
-3.954545e+00 4.227273e+00 3 3 3
-3.954545e+00 4.318182e+00 3 3 3
-3.954545e+00 4.409091e+00 3 3 3
-3.954545e+00 4.500000e+00 3 3 3

-3.863636e+00 -4.500000e+00 4 4 4
-3.863636e+00 -4.409091e+00 2 4 4
-3.863636e+00 -4.318182e+00 4 4 4
-3.863636e+00 -4.227273e+00 4 4 4
-3.863636e+00 -4.136364e+00 4 4 4
-3.863636e+00 -4.045455e+00 2 1 4
-3.863636e+00 -3.954545e+00 4 4 4
-3.863636e+00 -3.863636e+00 4 4 4
-3.863636e+00 -3.772727e+00 4 4 4
-3.863636e+00 -3.681818e+00 4 4 4
-3.863636e+00 -3.590909e+00 4 4 4
-3.863636e+00 -3.500000e+00 4 4 4
-3.863636e+00 -3.409091e+00 4 4 4
-3.863636e+00 -3.318182e+00 4 4 4
-3.863636e+00 -3.227273e+00 4 4 4
-3.863636e+00 -3.136364e+00 4 4 4
-3.863636e+00 -3.045455e+00 4 4 4
-3.863636e+00 -2.954545e+00 4 4 4
-3.863636e+00 -2.863636e+00 4 4 4
-3.863636e+00 -2.772727e+00 4 4 4
-3.863636e+00 -2.681818e+00 4 4 4
-3.863636e+00 -2.590909e+00 4 4 4
-3.863636e+00 -2.500000e+00 4 4 4
-3.863636e+00 -2.409091e+00 4 4 4
-3.863636e+00 -2.318182e+00 4 4 4
-3.863636e+00 -2.227273e+00 4 4 4
-3.863636e+00 -2.136364e+00 4 4 4
-3.863636e+00 -2.045455e+00 4 4 4
-3.863636e+00 -1.954545e+00 4 4 4
-3.863636e+00 -1.863636e+00 4 4 4
-3.863636e+00 -1.772727e+00 4 4 4
-3.863636e+00 -1.681818e+00 4 4 4
-3.863636e+00 -1.590909e+00 4 4 4
-3.863636e+00 -1.500000e+00 4 4 4
-3.863636e+00 -1.409091e+00 4 4 4
-3.863636e+00 -1.318182e+00 4 4 4
-3.863636e+00 -1.227273e+00 4 4 4
-3.863636e+00 -1.136364e+00 4 4 4
-3.863636e+00 -1.045455e+00 4 4 4
-3.863636e+00 -9.545455e-01 4 4 4
-3.863636e+00 -8.636364e-01 4 4 4
-3.863636e+00 -7.727273e-01 4 4 4
-3.863636e+00 -6.818182e-01 4 4 4
-3.863636e+00 -5.909091e-01 4 4 4
-3.863636e+00 -5.000000e-01 4 4 4
-3.863636e+00 -4.090909e-01 4 4 4
-3.863636e+00 -3.181818e-01 4 4 4
-3.863636e+00 -2.272727e-01 3 4 4
-3.863636e+00 -1.363636e-01 3 4 4
-3.863636e+00 -4.545455e-02 1 2 4
-3.863636e+00 4.545455e-02 1 1 3
-3.863636e+00 1.363636e-01 1 1 3
-3.863636e+00 2.272727e-01 1 1 3
-3.863636e+00 3.181818e-01 2 1 3
-3.863636e+00 4.090909e-01 2 1 3
-3.863636e+00 5.000000e-01 1 1 3
-3.863636e+00 5.909091e-01 1 1 3
-3.863636e+00 6.818182e-01 1 1 3
-3.863636e+00 7.727273e-01 2 1 3
-3.863636e+00 8.636364e-01 2 1 3
-3.863636e+00 9.545455e-01 2 1 3
-3.863636e+00 1.045455e+00 2 1 3
-3.863636e+00 1.136364e+00 2 1 3
-3.863636e+00 1.227273e+00 1 1 3
-3.863636e+00 1.318182e+00 1 1 3
-3.863636e+00 1.409091e+00 3 3 3
-3.863636e+00 1.500000e+00 3 3 3
-3.863636e+00 1.590909e+00 3 3 3
-3.863636e+00 1.681818e+00 3 3 3
-3.863636e+00 1.772727e+00 3 3 3
-3.863636e+00 1.863636e+00 3 3 3
-3.863636e+00 1.954545e+00 3 3 3
-3.863636e+00 2.045455e+00 3 3 3
-3.863636e+00 2.136364e+00 3 2 3
-3.863636e+00 2.227273e+00 3 3 3
-3.863636e+00 2.318182e+00 3 3 3
-3.863636e+00 2.409091e+00 3 3 3
-3.863636e+00 2.500000e+00 3 3 3
-3.863636e+00 2.590909e+00 3 3 3
-3.863636e+00 2.681818e+00 3 3 3
-3.863636e+00 2.772727e+00 3 3 3
-3.863636e+00 2.863636e+00 3 3 3
-3.863636e+00 2.954545e+00 3 3 3
-3.863636e+00 3.045455e+00 3 3 3
-3.863636e+00 3.136364e+00 2 1 3
-3.863636e+00 3.227273e+00 1 2 3
-3.863636e+00 3.318182e+00 1 1 3
-3.863636e+00 3.409091e+00 1 1 3
-3.863636e+00 3.500000e+00 1 1 3
-3.863636e+00 3.590909e+00 1 1 3
-3.863636e+00 3.681818e+00 1 1 3
-3.863636e+00 3.772727e+00 2 2 3
-3.863636e+00 3.863636e+00 2 2 3
-3.863636e+00 3.954545e+00 2 2 3
-3.863636e+00 4.045455e+00 2 2 3
-3.863636e+00 4.136364e+00 1 1 3
-3.863636e+00 4.227273e+00 3 3 3
-3.863636e+00 4.318182e+00 3 3 3
-3.863636e+00 4.409091e+00 3 3 3
-3.863636e+00 4.500000e+00 3 3 3

-3.772727e+00 -4.500000e+00 2 4 4
-3.772727e+00 -4.409091e+00 4 4 4
-3.772727e+00 -4.318182e+00 4 4 4
-3.772727e+00 -4.227273e+00 4 4 4
-3.772727e+00 -4.136364e+00 4 4 4
-3.772727e+00 -4.045455e+00 2 1 4
-3.772727e+00 -3.954545e+00 4 4 4
-3.772727e+00 -3.863636e+00 4 4 4
-3.772727e+00 -3.772727e+00 4 1 4
-3.772727e+00 -3.681818e+00 4 4 4
-3.772727e+00 -3.590909e+00 4 4 4
-3.772727e+00 -3.500000e+00 4 4 4
-3.772727e+00 -3.409091e+00 4 4 4
-3.772727e+00 -3.318182e+00 4 4 4
-3.772727e+00 -3.227273e+00 4 4 4
-3.772727e+00 -3.136364e+00 4 4 4
-3.772727e+00 -3.045455e+00 4 4 4
-3.772727e+00 -2.954545e+00 4 4 4
-3.772727e+00 -2.863636e+00 4 4 4
-3.772727e+00 -2.772727e+00 4 4 4
-3.772727e+00 -2.681818e+00 4 4 4
-3.772727e+00 -2.590909e+00 4 4 4
-3.772727e+00 -2.500000e+00 4 4 4
-3.772727e+00 -2.409091e+00 4 4 4
-3.772727e+00 -2.318182e+00 4 4 4
-3.772727e+00 -2.227273e+00 4 4 4
-3.772727e+00 -2.136364e+00 4 4 4
-3.772727e+00 -2.045455e+00 4 4 4
-3.772727e+00 -1.954545e+00 4 4 4
-3.772727e+00 -1.863636e+00 4 4 4
-3.772727e+00 -1.772727e+00 4 4 4
-3.772727e+00 -1.681818e+00 4 4 4
-3.772727e+00 -1.590909e+00 1 4 4
-3.772727e+00 -1.500000e+00 1 4 4
-3.772727e+00 -1.409091e+00 1 4 4
-3.772727e+00 -1.318182e+00 1 4 4
-3.772727e+00 -1.227273e+00 1 4 4
-3.772727e+00 -1.136364e+00 1 4 4
-3.772727e+00 -1.045455e+00 4 4 4
-3.772727e+00 -9.545455e-01 4 4 4
-3.772727e+00 -8.636364e-01 4 4 4
-3.772727e+00 -7.727273e-01 4 4 4
-3.772727e+00 -6.818182e-01 4 4 4
-3.772727e+00 -5.909091e-01 4 4 4
-3.772727e+00 -5.000000e-01 4 4 4
-3.772727e+00 -4.090909e-01 2 2 4
-3.772727e+00 -3.181818e-01 1 2 4
-3.772727e+00 -2.272727e-01 1 2 4
-3.772727e+00 -1.363636e-01 1 2 4
-3.772727e+00 -4.545455e-02 4 4 4
-3.772727e+00 4.545455e-02 4 3 3
-3.772727e+00 1.363636e-01 3 3 3
-3.772727e+00 2.272727e-01 3 3 3
-3.772727e+00 3.181818e-01 1 1 3
-3.772727e+00 4.090909e-01 1 1 3
-3.772727e+00 5.000000e-01 1 1 3
-3.772727e+00 5.909091e-01 1 1 3
-3.772727e+00 6.818182e-01 1 1 3
-3.772727e+00 7.727273e-01 1 1 3
-3.772727e+00 8.636364e-01 1 1 3
-3.772727e+00 9.545455e-01 2 2 3
-3.772727e+00 1.045455e+00 2 1 3
-3.772727e+00 1.136364e+00 2 1 3
-3.772727e+00 1.227273e+00 2 1 3
-3.772727e+00 1.318182e+00 2 1 3
-3.772727e+00 1.409091e+00 3 3 3
-3.772727e+00 1.500000e+00 3 3 3
-3.772727e+00 1.590909e+00 3 3 3
-3.772727e+00 1.681818e+00 3 3 3
-3.772727e+00 1.772727e+00 3 3 3
-3.772727e+00 1.863636e+00 3 3 3
-3.772727e+00 1.954545e+00 3 4 3
-3.772727e+00 2.045455e+00 3 3 3
-3.772727e+00 2.136364e+00 3 3 3
-3.772727e+00 2.227273e+00 3 3 3
-3.772727e+00 2.318182e+00 3 3 3
-3.772727e+00 2.409091e+00 3 3 3
-3.772727e+00 2.500000e+00 3 3 3
-3.772727e+00 2.590909e+00 3 3 3
-3.772727e+00 2.681818e+00 3 3 3
-3.772727e+00 2.772727e+00 3 3 3
-3.772727e+00 2.863636e+00 3 3 3
-3.772727e+00 2.954545e+00 3 3 3
-3.772727e+00 3.045455e+00 3 3 3
-3.772727e+00 3.136364e+00 1 1 3
-3.772727e+00 3.227273e+00 1 2 3
-3.772727e+00 3.318182e+00 1 1 3
-3.772727e+00 3.409091e+00 1 1 3
-3.772727e+00 3.500000e+00 1 1 3
-3.772727e+00 3.590909e+00 1 1 3
-3.772727e+00 3.681818e+00 1 1 3
-3.772727e+00 3.772727e+00 1 2 3
-3.772727e+00 3.863636e+00 1 2 3
-3.772727e+00 3.954545e+00 2 2 3
-3.772727e+00 4.045455e+00 2 2 3
-3.772727e+00 4.136364e+00 3 3 3
-3.772727e+00 4.227273e+00 3 3 3
-3.772727e+00 4.318182e+00 3 3 3
-3.772727e+00 4.409091e+00 3 3 3
-3.772727e+00 4.500000e+00 3 3 3

-3.681818e+00 -4.500000e+00 4 4 4
-3.681818e+00 -4.409091e+00 4 4 4
-3.681818e+00 -4.318182e+00 4 4 4
-3.681818e+00 -4.227273e+00 4 4 4
-3.681818e+00 -4.136364e+00 4 4 4
-3.681818e+00 -4.045455e+00 4 4 4
-3.681818e+00 -3.954545e+00 4 4 4
-3.681818e+00 -3.863636e+00 4 4 4
-3.681818e+00 -3.772727e+00 4 4 4
-3.681818e+00 -3.681818e+00 4 4 4
-3.681818e+00 -3.590909e+00 4 4 4
-3.681818e+00 -3.500000e+00 4 4 4
-3.681818e+00 -3.409091e+00 4 4 4
-3.681818e+00 -3.318182e+00 4 4 4
-3.681818e+00 -3.227273e+00 4 4 4
-3.681818e+00 -3.136364e+00 4 4 4
-3.681818e+00 -3.045455e+00 4 4 4
-3.681818e+00 -2.954545e+00 4 4 4
-3.681818e+00 -2.863636e+00 4 4 4
-3.681818e+00 -2.772727e+00 4 4 4
-3.681818e+00 -2.681818e+00 4 4 4
-3.681818e+00 -2.590909e+00 4 4 4
-3.681818e+00 -2.500000e+00 4 4 4
-3.681818e+00 -2.409091e+00 4 4 4
-3.681818e+00 -2.318182e+00 4 4 4
-3.681818e+00 -2.227273e+00 4 4 4
-3.681818e+00 -2.136364e+00 4 4 4
-3.681818e+00 -2.045455e+00 4 4 4
-3.681818e+00 -1.954545e+00 4 4 4
-3.681818e+00 -1.863636e+00 4 4 4
-3.681818e+00 -1.772727e+00 4 4 4
-3.681818e+00 -1.681818e+00 4 4 4
-3.681818e+00 -1.590909e+00 4 4 4
-3.681818e+00 -1.500000e+00 4 4 4
-3.681818e+00 -1.409091e+00 4 4 4
-3.681818e+00 -1.318182e+00 4 4 4
-3.681818e+00 -1.227273e+00 4 4 4
-3.681818e+00 -1.136364e+00 4 4 4
-3.681818e+00 -1.045455e+00 4 4 4
-3.681818e+00 -9.545455e-01 4 4 4
-3.681818e+00 -8.636364e-01 4 4 4
-3.681818e+00 -7.727273e-01 4 4 4
-3.681818e+00 -6.818182e-01 4 4 4
-3.681818e+00 -5.909091e-01 4 4 4
-3.681818e+00 -5.000000e-01 4 4 4
-3.681818e+00 -4.090909e-01 2 2 4
-3.681818e+00 -3.181818e-01 2 2 4
-3.681818e+00 -2.272727e-01 2 2 4
-3.681818e+00 -1.363636e-01 2 2 4
-3.681818e+00 -4.545455e-02 2 2 4
-3.681818e+00 4.545455e-02 2 2 3
-3.681818e+00 1.363636e-01 2 2 3
-3.681818e+00 2.272727e-01 1 1 3
-3.681818e+00 3.181818e-01 3 3 3
-3.681818e+00 4.090909e-01 3 3 3
-3.681818e+00 5.000000e-01 1 1 3
-3.681818e+00 5.909091e-01 1 1 3
-3.681818e+00 6.818182e-01 2 1 3
-3.681818e+00 7.727273e-01 1 1 3
-3.681818e+00 8.636364e-01 2 1 3
-3.681818e+00 9.545455e-01 2 2 3
-3.681818e+00 1.045455e+00 2 1 3
-3.681818e+00 1.136364e+00 2 1 3
-3.681818e+00 1.227273e+00 2 1 3
-3.681818e+00 1.318182e+00 3 3 3
-3.681818e+00 1.409091e+00 3 3 3
-3.681818e+00 1.500000e+00 3 3 3
-3.681818e+00 1.590909e+00 3 3 3
-3.681818e+00 1.681818e+00 3 3 3
-3.681818e+00 1.772727e+00 3 3 3
-3.681818e+00 1.863636e+00 3 3 3
-3.681818e+00 1.954545e+00 3 3 3
-3.681818e+00 2.045455e+00 3 3 3
-3.681818e+00 2.136364e+00 3 3 3
-3.681818e+00 2.227273e+00 3 3 3
-3.681818e+00 2.318182e+00 3 3 3
-3.681818e+00 2.409091e+00 3 3 3
-3.681818e+00 2.500000e+00 3 3 3
-3.681818e+00 2.590909e+00 3 3 3
-3.681818e+00 2.681818e+00 3 3 3
-3.681818e+00 2.772727e+00 3 3 3
-3.681818e+00 2.863636e+00 3 3 3
-3.681818e+00 2.954545e+00 3 3 3
-3.681818e+00 3.045455e+00 3 3 3
-3.681818e+00 3.136364e+00 3 3 3
-3.681818e+00 3.227273e+00 3 3 3
-3.681818e+00 3.318182e+00 1 1 3
-3.681818e+00 3.409091e+00 3 3 3
-3.681818e+00 3.500000e+00 3 3 3
-3.681818e+00 3.590909e+00 3 3 3
-3.681818e+00 3.681818e+00 3 3 3
-3.681818e+00 3.772727e+00 3 3 3
-3.681818e+00 3.863636e+00 3 3 3
-3.681818e+00 3.954545e+00 3 3 3
-3.681818e+00 4.045455e+00 3 3 3
-3.681818e+00 4.136364e+00 3 3 3
-3.681818e+00 4.227273e+00 3 3 3
-3.681818e+00 4.318182e+00 3 3 3
-3.681818e+00 4.409091e+00 3 3 3
-3.681818e+00 4.500000e+00 3 3 3

-3.590909e+00 -4.500000e+00 4 4 4
-3.590909e+00 -4.409091e+00 4 4 4
-3.590909e+00 -4.318182e+00 4 4 4
-3.590909e+00 -4.227273e+00 4 4 4
-3.590909e+00 -4.136364e+00 4 4 4
-3.590909e+00 -4.045455e+00 4 4 4
-3.590909e+00 -3.954545e+00 4 4 4
-3.590909e+00 -3.863636e+00 4 4 4
-3.590909e+00 -3.772727e+00 4 4 4
-3.590909e+00 -3.681818e+00 4 4 4
-3.590909e+00 -3.590909e+00 4 4 4
-3.590909e+00 -3.500000e+00 4 4 4
-3.590909e+00 -3.409091e+00 4 4 4
-3.590909e+00 -3.318182e+00 4 4 4
-3.590909e+00 -3.227273e+00 4 4 4
-3.590909e+00 -3.136364e+00 4 4 4
-3.590909e+00 -3.045455e+00 4 4 4
-3.590909e+00 -2.954545e+00 4 1 4
-3.590909e+00 -2.863636e+00 4 4 4
-3.590909e+00 -2.772727e+00 4 4 4
-3.590909e+00 -2.681818e+00 4 4 4
-3.590909e+00 -2.590909e+00 4 4 4
-3.590909e+00 -2.500000e+00 4 4 4
-3.590909e+00 -2.409091e+00 4 4 4
-3.590909e+00 -2.318182e+00 4 4 4
-3.590909e+00 -2.227273e+00 4 4 4
-3.590909e+00 -2.136364e+00 4 4 4
-3.590909e+00 -2.045455e+00 4 4 4
-3.590909e+00 -1.954545e+00 4 4 4
-3.590909e+00 -1.863636e+00 4 4 4
-3.590909e+00 -1.772727e+00 4 4 4
-3.590909e+00 -1.681818e+00 4 4 4
-3.590909e+00 -1.590909e+00 4 4 4
-3.590909e+00 -1.500000e+00 4 4 4
-3.590909e+00 -1.409091e+00 4 4 4
-3.590909e+00 -1.318182e+00 4 4 4
-3.590909e+00 -1.227273e+00 4 4 4
-3.590909e+00 -1.136364e+00 4 4 4
-3.590909e+00 -1.045455e+00 4 4 4
-3.590909e+00 -9.545455e-01 4 4 4
-3.590909e+00 -8.636364e-01 2 4 4
-3.590909e+00 -7.727273e-01 4 4 4
-3.590909e+00 -6.818182e-01 4 4 4
-3.590909e+00 -5.909091e-01 4 4 4
-3.590909e+00 -5.000000e-01 4 4 4
-3.590909e+00 -4.090909e-01 4 4 4
-3.590909e+00 -3.181818e-01 1 2 4
-3.590909e+00 -2.272727e-01 2 2 4
-3.590909e+00 -1.363636e-01 1 2 4
-3.590909e+00 -4.545455e-02 2 2 4
-3.590909e+00 4.545455e-02 2 2 3
-3.590909e+00 1.363636e-01 1 1 3
-3.590909e+00 2.272727e-01 1 1 3
-3.590909e+00 3.181818e-01 1 1 3
-3.590909e+00 4.090909e-01 1 1 3
-3.590909e+00 5.000000e-01 1 1 3
-3.590909e+00 5.909091e-01 2 1 3
-3.590909e+00 6.818182e-01 1 1 3
-3.590909e+00 7.727273e-01 3 1 3
-3.590909e+00 8.636364e-01 3 1 3
-3.590909e+00 9.545455e-01 1 1 3
-3.590909e+00 1.045455e+00 2 2 3
-3.590909e+00 1.136364e+00 2 1 3
-3.590909e+00 1.227273e+00 3 3 3
-3.590909e+00 1.318182e+00 3 3 3
-3.590909e+00 1.409091e+00 3 3 3
-3.590909e+00 1.500000e+00 3 3 3
-3.590909e+00 1.590909e+00 3 3 3
-3.590909e+00 1.681818e+00 3 3 3
-3.590909e+00 1.772727e+00 3 3 3
-3.590909e+00 1.863636e+00 3 3 3
-3.590909e+00 1.954545e+00 3 3 3
-3.590909e+00 2.045455e+00 2 3 3
-3.590909e+00 2.136364e+00 3 3 3
-3.590909e+00 2.227273e+00 3 3 3
-3.590909e+00 2.318182e+00 3 3 3
-3.590909e+00 2.409091e+00 3 3 3
-3.590909e+00 2.500000e+00 3 3 3
-3.590909e+00 2.590909e+00 3 3 3
-3.590909e+00 2.681818e+00 3 3 3
-3.590909e+00 2.772727e+00 3 3 3
-3.590909e+00 2.863636e+00 3 3 3
-3.590909e+00 2.954545e+00 3 3 3
-3.590909e+00 3.045455e+00 3 3 3
-3.590909e+00 3.136364e+00 3 3 3
-3.590909e+00 3.227273e+00 3 3 3
-3.590909e+00 3.318182e+00 3 3 3
-3.590909e+00 3.409091e+00 3 3 3
-3.590909e+00 3.500000e+00 3 3 3
-3.590909e+00 3.590909e+00 3 3 3
-3.590909e+00 3.681818e+00 3 3 3
-3.590909e+00 3.772727e+00 3 3 3
-3.590909e+00 3.863636e+00 3 3 3
-3.590909e+00 3.954545e+00 3 3 3
-3.590909e+00 4.045455e+00 3 3 3
-3.590909e+00 4.136364e+00 3 3 3
-3.590909e+00 4.227273e+00 3 3 3
-3.590909e+00 4.318182e+00 3 3 3
-3.590909e+00 4.409091e+00 3 3 3
-3.590909e+00 4.500000e+00 3 3 3

-3.500000e+00 -4.500000e+00 4 4 4
-3.500000e+00 -4.409091e+00 4 4 4
-3.500000e+00 -4.318182e+00 4 4 4
-3.500000e+00 -4.227273e+00 4 4 4
-3.500000e+00 -4.136364e+00 4 4 4
-3.500000e+00 -4.045455e+00 4 4 4
-3.500000e+00 -3.954545e+00 4 4 4
-3.500000e+00 -3.863636e+00 4 4 4
-3.500000e+00 -3.772727e+00 4 4 4
-3.500000e+00 -3.681818e+00 4 4 4
-3.500000e+00 -3.590909e+00 4 4 4
-3.500000e+00 -3.500000e+00 4 4 4
-3.500000e+00 -3.409091e+00 4 4 4
-3.500000e+00 -3.318182e+00 4 4 4
-3.500000e+00 -3.227273e+00 4 4 4
-3.500000e+00 -3.136364e+00 4 4 4
-3.500000e+00 -3.045455e+00 4 4 4
-3.500000e+00 -2.954545e+00 4 4 4
-3.500000e+00 -2.863636e+00 4 4 4
-3.500000e+00 -2.772727e+00 4 4 4
-3.500000e+00 -2.681818e+00 4 4 4
-3.500000e+00 -2.590909e+00 4 4 4
-3.500000e+00 -2.500000e+00 4 4 4
-3.500000e+00 -2.409091e+00 4 4 4
-3.500000e+00 -2.318182e+00 4 4 4
-3.500000e+00 -2.227273e+00 4 4 4
-3.500000e+00 -2.136364e+00 4 4 4
-3.500000e+00 -2.045455e+00 4 4 4
-3.500000e+00 -1.954545e+00 4 4 4
-3.500000e+00 -1.863636e+00 4 4 4
-3.500000e+00 -1.772727e+00 4 4 4
-3.500000e+00 -1.681818e+00 4 4 4
-3.500000e+00 -1.590909e+00 4 4 4
-3.500000e+00 -1.500000e+00 4 4 4
-3.500000e+00 -1.409091e+00 4 4 4
-3.500000e+00 -1.318182e+00 4 4 4
-3.500000e+00 -1.227273e+00 4 4 4
-3.500000e+00 -1.136364e+00 4 4 4
-3.500000e+00 -1.045455e+00 4 4 4
-3.500000e+00 -9.545455e-01 4 4 4
-3.500000e+00 -8.636364e-01 4 4 4
-3.500000e+00 -7.727273e-01 4 4 4
-3.500000e+00 -6.818182e-01 4 4 4
-3.500000e+00 -5.909091e-01 4 4 4
-3.500000e+00 -5.000000e-01 4 4 4
-3.500000e+00 -4.090909e-01 4 4 4
-3.500000e+00 -3.181818e-01 4 4 4
-3.500000e+00 -2.272727e-01 4 4 4
-3.500000e+00 -1.363636e-01 4 4 4
-3.500000e+00 -4.545455e-02 4 4 4
-3.500000e+00 4.545455e-02 3 3 3
-3.500000e+00 1.363636e-01 1 2 3
-3.500000e+00 2.272727e-01 1 2 3
-3.500000e+00 3.181818e-01 1 1 3
-3.500000e+00 4.090909e-01 1 1 3
-3.500000e+00 5.000000e-01 1 1 3
-3.500000e+00 5.909091e-01 1 1 3
-3.500000e+00 6.818182e-01 1 1 3
-3.500000e+00 7.727273e-01 3 3 3
-3.500000e+00 8.636364e-01 3 3 3
-3.500000e+00 9.545455e-01 3 3 3
-3.500000e+00 1.045455e+00 3 2 3
-3.500000e+00 1.136364e+00 2 1 3
-3.500000e+00 1.227273e+00 3 3 3
-3.500000e+00 1.318182e+00 3 3 3
-3.500000e+00 1.409091e+00 3 3 3
-3.500000e+00 1.500000e+00 3 3 3
-3.500000e+00 1.590909e+00 3 3 3
-3.500000e+00 1.681818e+00 3 3 3
-3.500000e+00 1.772727e+00 3 3 3
-3.500000e+00 1.863636e+00 3 3 3
-3.500000e+00 1.954545e+00 3 3 3
-3.500000e+00 2.045455e+00 3 3 3
-3.500000e+00 2.136364e+00 3 3 3
-3.500000e+00 2.227273e+00 3 3 3
-3.500000e+00 2.318182e+00 3 3 3
-3.500000e+00 2.409091e+00 3 3 3
-3.500000e+00 2.500000e+00 3 3 3
-3.500000e+00 2.590909e+00 3 3 3
-3.500000e+00 2.681818e+00 3 3 3
-3.500000e+00 2.772727e+00 3 3 3
-3.500000e+00 2.863636e+00 3 3 3
-3.500000e+00 2.954545e+00 3 3 3
-3.500000e+00 3.045455e+00 3 3 3
-3.500000e+00 3.136364e+00 3 3 3
-3.500000e+00 3.227273e+00 3 3 3
-3.500000e+00 3.318182e+00 3 3 3
-3.500000e+00 3.409091e+00 3 3 3
-3.500000e+00 3.500000e+00 3 3 3
-3.500000e+00 3.590909e+00 3 3 3
-3.500000e+00 3.681818e+00 3 3 3
-3.500000e+00 3.772727e+00 3 3 3
-3.500000e+00 3.863636e+00 3 3 3
-3.500000e+00 3.954545e+00 3 3 3
-3.500000e+00 4.045455e+00 3 3 3
-3.500000e+00 4.136364e+00 3 3 3
-3.500000e+00 4.227273e+00 3 3 3
-3.500000e+00 4.318182e+00 3 3 3
-3.500000e+00 4.409091e+00 3 3 3
-3.500000e+00 4.500000e+00 3 3 3

-3.409091e+00 -4.500000e+00 4 4 4
-3.409091e+00 -4.409091e+00 4 4 4
-3.409091e+00 -4.318182e+00 4 4 4
-3.409091e+00 -4.227273e+00 4 4 4
-3.409091e+00 -4.136364e+00 4 4 4
-3.409091e+00 -4.045455e+00 4 4 4
-3.409091e+00 -3.954545e+00 4 4 4
-3.409091e+00 -3.863636e+00 4 4 4
-3.409091e+00 -3.772727e+00 4 4 4
-3.409091e+00 -3.681818e+00 4 4 4
-3.409091e+00 -3.590909e+00 4 4 4
-3.409091e+00 -3.500000e+00 4 4 4
-3.409091e+00 -3.409091e+00 4 4 4
-3.409091e+00 -3.318182e+00 4 4 4
-3.409091e+00 -3.227273e+00 4 4 4
-3.409091e+00 -3.136364e+00 4 4 4
-3.409091e+00 -3.045455e+00 4 4 4
-3.409091e+00 -2.954545e+00 4 4 4
-3.409091e+00 -2.863636e+00 4 4 4
-3.409091e+00 -2.772727e+00 4 4 4
-3.409091e+00 -2.681818e+00 4 4 4
-3.409091e+00 -2.590909e+00 4 4 4
-3.409091e+00 -2.500000e+00 4 4 4
-3.409091e+00 -2.409091e+00 4 4 4
-3.409091e+00 -2.318182e+00 4 4 4
-3.409091e+00 -2.227273e+00 4 4 4
-3.409091e+00 -2.136364e+00 4 4 4
-3.409091e+00 -2.045455e+00 4 4 4
-3.409091e+00 -1.954545e+00 4 4 4
-3.409091e+00 -1.863636e+00 4 4 4
-3.409091e+00 -1.772727e+00 4 4 4
-3.409091e+00 -1.681818e+00 4 4 4
-3.409091e+00 -1.590909e+00 4 4 4
-3.409091e+00 -1.500000e+00 4 4 4
-3.409091e+00 -1.409091e+00 4 4 4
-3.409091e+00 -1.318182e+00 4 4 4
-3.409091e+00 -1.227273e+00 4 4 4
-3.409091e+00 -1.136364e+00 4 4 4
-3.409091e+00 -1.045455e+00 2 4 4
-3.409091e+00 -9.545455e-01 4 4 4
-3.409091e+00 -8.636364e-01 4 4 4
-3.409091e+00 -7.727273e-01 4 4 4
-3.409091e+00 -6.818182e-01 4 4 4
-3.409091e+00 -5.909091e-01 4 4 4
-3.409091e+00 -5.000000e-01 4 4 4
-3.409091e+00 -4.090909e-01 2 4 4
-3.409091e+00 -3.181818e-01 4 4 4
-3.409091e+00 -2.272727e-01 2 3 4
-3.409091e+00 -1.363636e-01 2 2 4
-3.409091e+00 -4.545455e-02 2 2 4
-3.409091e+00 4.545455e-02 2 2 3
-3.409091e+00 1.363636e-01 3 3 3
-3.409091e+00 2.272727e-01 3 3 3
-3.409091e+00 3.181818e-01 1 1 3
-3.409091e+00 4.090909e-01 1 3 3
-3.409091e+00 5.000000e-01 2 1 3
-3.409091e+00 5.909091e-01 2 1 3
-3.409091e+00 6.818182e-01 2 1 3
-3.409091e+00 7.727273e-01 3 3 3
-3.409091e+00 8.636364e-01 3 3 3
-3.409091e+00 9.545455e-01 3 3 3
-3.409091e+00 1.045455e+00 3 3 3
-3.409091e+00 1.136364e+00 3 3 3
-3.409091e+00 1.227273e+00 3 3 3
-3.409091e+00 1.318182e+00 3 3 3
-3.409091e+00 1.409091e+00 3 3 3
-3.409091e+00 1.500000e+00 3 3 3
-3.409091e+00 1.590909e+00 3 3 3
-3.409091e+00 1.681818e+00 3 3 3
-3.409091e+00 1.772727e+00 3 3 3
-3.409091e+00 1.863636e+00 3 3 3
-3.409091e+00 1.954545e+00 3 3 3
-3.409091e+00 2.045455e+00 3 3 3
-3.409091e+00 2.136364e+00 3 3 3
-3.409091e+00 2.227273e+00 3 3 3
-3.409091e+00 2.318182e+00 3 2 3
-3.409091e+00 2.409091e+00 3 3 3
-3.409091e+00 2.500000e+00 3 3 3
-3.409091e+00 2.590909e+00 3 3 3
-3.409091e+00 2.681818e+00 3 3 3
-3.409091e+00 2.772727e+00 3 3 3
-3.409091e+00 2.863636e+00 3 3 3
-3.409091e+00 2.954545e+00 3 3 3
-3.409091e+00 3.045455e+00 3 3 3
-3.409091e+00 3.136364e+00 3 3 3
-3.409091e+00 3.227273e+00 1 1 3
-3.409091e+00 3.318182e+00 1 1 3
-3.409091e+00 3.409091e+00 1 1 3
-3.409091e+00 3.500000e+00 2 2 3
-3.409091e+00 3.590909e+00 2 2 3
-3.409091e+00 3.681818e+00 3 3 3
-3.409091e+00 3.772727e+00 3 3 3
-3.409091e+00 3.863636e+00 3 3 3
-3.409091e+00 3.954545e+00 3 3 3
-3.409091e+00 4.045455e+00 3 3 3
-3.409091e+00 4.136364e+00 3 3 3
-3.409091e+00 4.227273e+00 3 3 3
-3.409091e+00 4.318182e+00 3 3 3
-3.409091e+00 4.409091e+00 3 3 3
-3.409091e+00 4.500000e+00 3 3 3

-3.318182e+00 -4.500000e+00 4 4 4
-3.318182e+00 -4.409091e+00 4 4 4
-3.318182e+00 -4.318182e+00 4 4 4
-3.318182e+00 -4.227273e+00 4 4 4
-3.318182e+00 -4.136364e+00 4 4 4
-3.318182e+00 -4.045455e+00 4 4 4
-3.318182e+00 -3.954545e+00 4 4 4
-3.318182e+00 -3.863636e+00 4 4 4
-3.318182e+00 -3.772727e+00 4 4 4
-3.318182e+00 -3.681818e+00 1 4 4
-3.318182e+00 -3.590909e+00 4 4 4
-3.318182e+00 -3.500000e+00 4 4 4
-3.318182e+00 -3.409091e+00 4 4 4
-3.318182e+00 -3.318182e+00 4 4 4
-3.318182e+00 -3.227273e+00 3 4 4
-3.318182e+00 -3.136364e+00 4 4 4
-3.318182e+00 -3.045455e+00 4 4 4
-3.318182e+00 -2.954545e+00 4 4 4
-3.318182e+00 -2.863636e+00 4 4 4
-3.318182e+00 -2.772727e+00 4 4 4
-3.318182e+00 -2.681818e+00 4 4 4
-3.318182e+00 -2.590909e+00 4 4 4
-3.318182e+00 -2.500000e+00 4 4 4
-3.318182e+00 -2.409091e+00 4 4 4
-3.318182e+00 -2.318182e+00 4 4 4
-3.318182e+00 -2.227273e+00 4 4 4
-3.318182e+00 -2.136364e+00 4 4 4
-3.318182e+00 -2.045455e+00 4 4 4
-3.318182e+00 -1.954545e+00 4 4 4
-3.318182e+00 -1.863636e+00 4 4 4
-3.318182e+00 -1.772727e+00 4 4 4
-3.318182e+00 -1.681818e+00 4 4 4
-3.318182e+00 -1.590909e+00 4 4 4
-3.318182e+00 -1.500000e+00 4 4 4
-3.318182e+00 -1.409091e+00 4 4 4
-3.318182e+00 -1.318182e+00 4 4 4
-3.318182e+00 -1.227273e+00 2 4 4
-3.318182e+00 -1.136364e+00 4 4 4
-3.318182e+00 -1.045455e+00 4 4 4
-3.318182e+00 -9.545455e-01 4 4 4
-3.318182e+00 -8.636364e-01 4 4 4
-3.318182e+00 -7.727273e-01 4 4 4
-3.318182e+00 -6.818182e-01 4 4 4
-3.318182e+00 -5.909091e-01 4 4 4
-3.318182e+00 -5.000000e-01 4 4 4
-3.318182e+00 -4.090909e-01 4 4 4
-3.318182e+00 -3.181818e-01 4 4 4
-3.318182e+00 -2.272727e-01 4 4 4
-3.318182e+00 -1.363636e-01 4 4 4
-3.318182e+00 -4.545455e-02 2 2 3
-3.318182e+00 4.545455e-02 1 1 3
-3.318182e+00 1.363636e-01 1 1 3
-3.318182e+00 2.272727e-01 1 1 3
-3.318182e+00 3.181818e-01 1 1 3
-3.318182e+00 4.090909e-01 3 1 3
-3.318182e+00 5.000000e-01 3 3 3
-3.318182e+00 5.909091e-01 2 1 3
-3.318182e+00 6.818182e-01 3 3 3
-3.318182e+00 7.727273e-01 3 3 3
-3.318182e+00 8.636364e-01 3 3 3
-3.318182e+00 9.545455e-01 3 3 3
-3.318182e+00 1.045455e+00 3 3 3
-3.318182e+00 1.136364e+00 3 3 3
-3.318182e+00 1.227273e+00 2 2 3
-3.318182e+00 1.318182e+00 3 3 3
-3.318182e+00 1.409091e+00 3 3 3
-3.318182e+00 1.500000e+00 3 3 3
-3.318182e+00 1.590909e+00 3 3 3
-3.318182e+00 1.681818e+00 3 3 3
-3.318182e+00 1.772727e+00 3 3 3
-3.318182e+00 1.863636e+00 3 3 3
-3.318182e+00 1.954545e+00 3 3 3
-3.318182e+00 2.045455e+00 3 3 3
-3.318182e+00 2.136364e+00 3 3 3
-3.318182e+00 2.227273e+00 3 3 3
-3.318182e+00 2.318182e+00 3 3 3
-3.318182e+00 2.409091e+00 3 3 3
-3.318182e+00 2.500000e+00 3 3 3
-3.318182e+00 2.590909e+00 3 3 3
-3.318182e+00 2.681818e+00 3 3 3
-3.318182e+00 2.772727e+00 3 3 3
-3.318182e+00 2.863636e+00 3 3 3
-3.318182e+00 2.954545e+00 3 3 3
-3.318182e+00 3.045455e+00 3 3 3
-3.318182e+00 3.136364e+00 3 3 3
-3.318182e+00 3.227273e+00 3 3 3
-3.318182e+00 3.318182e+00 3 3 3
-3.318182e+00 3.409091e+00 3 3 3
-3.318182e+00 3.500000e+00 3 3 3
-3.318182e+00 3.590909e+00 3 3 3
-3.318182e+00 3.681818e+00 3 3 3
-3.318182e+00 3.772727e+00 3 3 3
-3.318182e+00 3.863636e+00 3 3 3
-3.318182e+00 3.954545e+00 3 3 3
-3.318182e+00 4.045455e+00 3 3 3
-3.318182e+00 4.136364e+00 3 3 3
-3.318182e+00 4.227273e+00 3 3 3
-3.318182e+00 4.318182e+00 3 3 3
-3.318182e+00 4.409091e+00 3 3 3
-3.318182e+00 4.500000e+00 4 4 3

-3.227273e+00 -4.500000e+00 4 4 4
-3.227273e+00 -4.409091e+00 4 4 4
-3.227273e+00 -4.318182e+00 4 4 4
-3.227273e+00 -4.227273e+00 4 4 4
-3.227273e+00 -4.136364e+00 4 4 4
-3.227273e+00 -4.045455e+00 4 4 4
-3.227273e+00 -3.954545e+00 4 4 4
-3.227273e+00 -3.863636e+00 4 4 4
-3.227273e+00 -3.772727e+00 4 4 4
-3.227273e+00 -3.681818e+00 4 4 4
-3.227273e+00 -3.590909e+00 4 4 4
-3.227273e+00 -3.500000e+00 4 4 4
-3.227273e+00 -3.409091e+00 4 4 4
-3.227273e+00 -3.318182e+00 4 4 4
-3.227273e+00 -3.227273e+00 4 4 4
-3.227273e+00 -3.136364e+00 4 4 4
-3.227273e+00 -3.045455e+00 4 4 4
-3.227273e+00 -2.954545e+00 4 4 4
-3.227273e+00 -2.863636e+00 4 4 4
-3.227273e+00 -2.772727e+00 4 4 4
-3.227273e+00 -2.681818e+00 4 4 4
-3.227273e+00 -2.590909e+00 4 4 4
-3.227273e+00 -2.500000e+00 4 4 4
-3.227273e+00 -2.409091e+00 1 4 4
-3.227273e+00 -2.318182e+00 4 4 4
-3.227273e+00 -2.227273e+00 4 4 4
-3.227273e+00 -2.136364e+00 4 4 4
-3.227273e+00 -2.045455e+00 4 4 4
-3.227273e+00 -1.954545e+00 4 4 4
-3.227273e+00 -1.863636e+00 4 4 4
-3.227273e+00 -1.772727e+00 4 4 4
-3.227273e+00 -1.681818e+00 4 4 4
-3.227273e+00 -1.590909e+00 4 4 4
-3.227273e+00 -1.500000e+00 4 4 4
-3.227273e+00 -1.409091e+00 4 4 4
-3.227273e+00 -1.318182e+00 4 4 4
-3.227273e+00 -1.227273e+00 4 4 4
-3.227273e+00 -1.136364e+00 4 4 4
-3.227273e+00 -1.045455e+00 4 4 4
-3.227273e+00 -9.545455e-01 4 4 4
-3.227273e+00 -8.636364e-01 4 4 4
-3.227273e+00 -7.727273e-01 4 4 4
-3.227273e+00 -6.818182e-01 4 4 4
-3.227273e+00 -5.909091e-01 3 4 4
-3.227273e+00 -5.000000e-01 4 4 4
-3.227273e+00 -4.090909e-01 4 4 4
-3.227273e+00 -3.181818e-01 4 4 4
-3.227273e+00 -2.272727e-01 4 4 4
-3.227273e+00 -1.363636e-01 2 2 4
-3.227273e+00 -4.545455e-02 2 2 3
-3.227273e+00 4.545455e-02 1 1 3
-3.227273e+00 1.363636e-01 1 2 3
-3.227273e+00 2.272727e-01 2 0 3
-3.227273e+00 3.181818e-01 2 2 3
-3.227273e+00 4.090909e-01 3 3 3
-3.227273e+00 5.000000e-01 2 3 3
-3.227273e+00 5.909091e-01 3 3 3
-3.227273e+00 6.818182e-01 3 3 3
-3.227273e+00 7.727273e-01 2 3 3
-3.227273e+00 8.636364e-01 3 3 3
-3.227273e+00 9.545455e-01 3 3 3
-3.227273e+00 1.045455e+00 3 3 3
-3.227273e+00 1.136364e+00 3 3 3
-3.227273e+00 1.227273e+00 3 3 3
-3.227273e+00 1.318182e+00 3 3 3
-3.227273e+00 1.409091e+00 3 3 3
-3.227273e+00 1.500000e+00 3 3 3
-3.227273e+00 1.590909e+00 3 3 3
-3.227273e+00 1.681818e+00 3 3 3
-3.227273e+00 1.772727e+00 3 3 3
-3.227273e+00 1.863636e+00 2 3 3
-3.227273e+00 1.954545e+00 3 3 3
-3.227273e+00 2.045455e+00 3 3 3
-3.227273e+00 2.136364e+00 3 3 3
-3.227273e+00 2.227273e+00 3 3 3
-3.227273e+00 2.318182e+00 3 3 3
-3.227273e+00 2.409091e+00 3 3 3
-3.227273e+00 2.500000e+00 3 3 3
-3.227273e+00 2.590909e+00 3 3 3
-3.227273e+00 2.681818e+00 3 3 3
-3.227273e+00 2.772727e+00 3 3 3
-3.227273e+00 2.863636e+00 3 3 3
-3.227273e+00 2.954545e+00 3 3 3
-3.227273e+00 3.045455e+00 3 3 3
-3.227273e+00 3.136364e+00 3 3 3
-3.227273e+00 3.227273e+00 3 3 3
-3.227273e+00 3.318182e+00 3 3 3
-3.227273e+00 3.409091e+00 3 3 3
-3.227273e+00 3.500000e+00 3 3 3
-3.227273e+00 3.590909e+00 3 3 3
-3.227273e+00 3.681818e+00 3 3 3
-3.227273e+00 3.772727e+00 3 3 3
-3.227273e+00 3.863636e+00 3 3 3
-3.227273e+00 3.954545e+00 3 3 3
-3.227273e+00 4.045455e+00 3 3 3
-3.227273e+00 4.136364e+00 3 3 3
-3.227273e+00 4.227273e+00 3 3 3
-3.227273e+00 4.318182e+00 3 3 3
-3.227273e+00 4.409091e+00 3 3 3
-3.227273e+00 4.500000e+00 4 4 3

-3.136364e+00 -4.500000e+00 4 4 4
-3.136364e+00 -4.409091e+00 4 4 4
-3.136364e+00 -4.318182e+00 4 4 4
-3.136364e+00 -4.227273e+00 4 4 4
-3.136364e+00 -4.136364e+00 4 4 4
-3.136364e+00 -4.045455e+00 4 4 4
-3.136364e+00 -3.954545e+00 4 4 4
-3.136364e+00 -3.863636e+00 1 4 4
-3.136364e+00 -3.772727e+00 4 4 4
-3.136364e+00 -3.681818e+00 4 4 4
-3.136364e+00 -3.590909e+00 4 4 4
-3.136364e+00 -3.500000e+00 4 4 4
-3.136364e+00 -3.409091e+00 4 4 4
-3.136364e+00 -3.318182e+00 4 4 4
-3.136364e+00 -3.227273e+00 4 4 4
-3.136364e+00 -3.136364e+00 4 4 4
-3.136364e+00 -3.045455e+00 4 4 4
-3.136364e+00 -2.954545e+00 4 4 4
-3.136364e+00 -2.863636e+00 4 4 4
-3.136364e+00 -2.772727e+00 4 4 4
-3.136364e+00 -2.681818e+00 4 4 4
-3.136364e+00 -2.590909e+00 4 4 4
-3.136364e+00 -2.500000e+00 4 4 4
-3.136364e+00 -2.409091e+00 4 4 4
-3.136364e+00 -2.318182e+00 1 4 4
-3.136364e+00 -2.227273e+00 4 4 4
-3.136364e+00 -2.136364e+00 4 4 4
-3.136364e+00 -2.045455e+00 4 4 4
-3.136364e+00 -1.954545e+00 4 4 4
-3.136364e+00 -1.863636e+00 4 4 4
-3.136364e+00 -1.772727e+00 4 4 4
-3.136364e+00 -1.681818e+00 4 4 4
-3.136364e+00 -1.590909e+00 4 4 4
-3.136364e+00 -1.500000e+00 4 4 4
-3.136364e+00 -1.409091e+00 4 4 4
-3.136364e+00 -1.318182e+00 4 4 4
-3.136364e+00 -1.227273e+00 4 4 4
-3.136364e+00 -1.136364e+00 4 4 4
-3.136364e+00 -1.045455e+00 4 4 4
-3.136364e+00 -9.545455e-01 4 4 4
-3.136364e+00 -8.636364e-01 4 4 4
-3.136364e+00 -7.727273e-01 4 4 4
-3.136364e+00 -6.818182e-01 4 4 4
-3.136364e+00 -5.909091e-01 4 4 4
-3.136364e+00 -5.000000e-01 4 4 4
-3.136364e+00 -4.090909e-01 4 4 4
-3.136364e+00 -3.181818e-01 4 4 4
-3.136364e+00 -2.272727e-01 4 0 4
-3.136364e+00 -1.363636e-01 4 4 4
-3.136364e+00 -4.545455e-02 1 1 3
-3.136364e+00 4.545455e-02 1 1 3
-3.136364e+00 1.363636e-01 3 3 3
-3.136364e+00 2.272727e-01 3 3 3
-3.136364e+00 3.181818e-01 3 3 3
-3.136364e+00 4.090909e-01 3 3 3
-3.136364e+00 5.000000e-01 3 3 3
-3.136364e+00 5.909091e-01 3 3 3
-3.136364e+00 6.818182e-01 3 3 3
-3.136364e+00 7.727273e-01 3 3 3
-3.136364e+00 8.636364e-01 3 3 3
-3.136364e+00 9.545455e-01 3 3 3
-3.136364e+00 1.045455e+00 3 3 3
-3.136364e+00 1.136364e+00 3 3 3
-3.136364e+00 1.227273e+00 3 3 3
-3.136364e+00 1.318182e+00 3 3 3
-3.136364e+00 1.409091e+00 3 3 3
-3.136364e+00 1.500000e+00 3 3 3
-3.136364e+00 1.590909e+00 3 3 3
-3.136364e+00 1.681818e+00 3 3 3
-3.136364e+00 1.772727e+00 3 3 3
-3.136364e+00 1.863636e+00 3 3 3
-3.136364e+00 1.954545e+00 3 3 3
-3.136364e+00 2.045455e+00 3 3 3
-3.136364e+00 2.136364e+00 3 3 3
-3.136364e+00 2.227273e+00 3 3 3
-3.136364e+00 2.318182e+00 3 3 3
-3.136364e+00 2.409091e+00 3 3 3
-3.136364e+00 2.500000e+00 3 3 3
-3.136364e+00 2.590909e+00 3 3 3
-3.136364e+00 2.681818e+00 3 3 3
-3.136364e+00 2.772727e+00 3 3 3
-3.136364e+00 2.863636e+00 3 3 3
-3.136364e+00 2.954545e+00 3 3 3
-3.136364e+00 3.045455e+00 3 3 3
-3.136364e+00 3.136364e+00 3 3 3
-3.136364e+00 3.227273e+00 3 3 3
-3.136364e+00 3.318182e+00 3 3 3
-3.136364e+00 3.409091e+00 3 3 3
-3.136364e+00 3.500000e+00 3 3 3
-3.136364e+00 3.590909e+00 3 3 3
-3.136364e+00 3.681818e+00 3 3 3
-3.136364e+00 3.772727e+00 3 3 3
-3.136364e+00 3.863636e+00 3 3 3
-3.136364e+00 3.954545e+00 3 3 3
-3.136364e+00 4.045455e+00 3 3 3
-3.136364e+00 4.136364e+00 3 3 3
-3.136364e+00 4.227273e+00 3 3 3
-3.136364e+00 4.318182e+00 3 3 3
-3.136364e+00 4.409091e+00 3 3 3
-3.136364e+00 4.500000e+00 4 4 3

-3.045455e+00 -4.500000e+00 4 4 4
-3.045455e+00 -4.409091e+00 4 4 4
-3.045455e+00 -4.318182e+00 4 4 4
-3.045455e+00 -4.227273e+00 4 4 4
-3.045455e+00 -4.136364e+00 1 4 4
-3.045455e+00 -4.045455e+00 4 4 4
-3.045455e+00 -3.954545e+00 4 4 4
-3.045455e+00 -3.863636e+00 4 4 4
-3.045455e+00 -3.772727e+00 4 4 4
-3.045455e+00 -3.681818e+00 4 4 4
-3.045455e+00 -3.590909e+00 4 4 4
-3.045455e+00 -3.500000e+00 4 4 4
-3.045455e+00 -3.409091e+00 4 4 4
-3.045455e+00 -3.318182e+00 4 4 4
-3.045455e+00 -3.227273e+00 4 4 4
-3.045455e+00 -3.136364e+00 3 4 4
-3.045455e+00 -3.045455e+00 4 4 4
-3.045455e+00 -2.954545e+00 4 4 4
-3.045455e+00 -2.863636e+00 4 4 4
-3.045455e+00 -2.772727e+00 4 4 4
-3.045455e+00 -2.681818e+00 4 4 4
-3.045455e+00 -2.590909e+00 4 4 4
-3.045455e+00 -2.500000e+00 4 4 4
-3.045455e+00 -2.409091e+00 4 4 4
-3.045455e+00 -2.318182e+00 4 4 4
-3.045455e+00 -2.227273e+00 4 4 4
-3.045455e+00 -2.136364e+00 4 4 4
-3.045455e+00 -2.045455e+00 4 4 4
-3.045455e+00 -1.954545e+00 4 4 4
-3.045455e+00 -1.863636e+00 4 4 4
-3.045455e+00 -1.772727e+00 4 4 4
-3.045455e+00 -1.681818e+00 4 4 4
-3.045455e+00 -1.590909e+00 4 4 4
-3.045455e+00 -1.500000e+00 4 4 4
-3.045455e+00 -1.409091e+00 4 4 4
-3.045455e+00 -1.318182e+00 4 4 4
-3.045455e+00 -1.227273e+00 4 4 4
-3.045455e+00 -1.136364e+00 4 4 4
-3.045455e+00 -1.045455e+00 4 4 4
-3.045455e+00 -9.545455e-01 4 4 4
-3.045455e+00 -8.636364e-01 4 4 4
-3.045455e+00 -7.727273e-01 1 4 4
-3.045455e+00 -6.818182e-01 4 4 4
-3.045455e+00 -5.909091e-01 4 4 4
-3.045455e+00 -5.000000e-01 4 4 4
-3.045455e+00 -4.090909e-01 4 4 4
-3.045455e+00 -3.181818e-01 4 2 4
-3.045455e+00 -2.272727e-01 1 1 4
-3.045455e+00 -1.363636e-01 4 4 4
-3.045455e+00 -4.545455e-02 3 2 3
-3.045455e+00 4.545455e-02 3 3 3
-3.045455e+00 1.363636e-01 3 3 3
-3.045455e+00 2.272727e-01 3 3 3
-3.045455e+00 3.181818e-01 1 3 3
-3.045455e+00 4.090909e-01 3 3 3
-3.045455e+00 5.000000e-01 3 3 3
-3.045455e+00 5.909091e-01 1 3 3
-3.045455e+00 6.818182e-01 3 3 3
-3.045455e+00 7.727273e-01 3 3 3
-3.045455e+00 8.636364e-01 3 3 3
-3.045455e+00 9.545455e-01 3 3 3
-3.045455e+00 1.045455e+00 3 3 3
-3.045455e+00 1.136364e+00 1 3 3
-3.045455e+00 1.227273e+00 3 3 3
-3.045455e+00 1.318182e+00 1 3 3
-3.045455e+00 1.409091e+00 3 3 3
-3.045455e+00 1.500000e+00 3 3 3
-3.045455e+00 1.590909e+00 3 3 3
-3.045455e+00 1.681818e+00 3 3 3
-3.045455e+00 1.772727e+00 3 3 3
-3.045455e+00 1.863636e+00 3 3 3
-3.045455e+00 1.954545e+00 3 3 3
-3.045455e+00 2.045455e+00 3 3 3
-3.045455e+00 2.136364e+00 3 3 3
-3.045455e+00 2.227273e+00 3 3 3
-3.045455e+00 2.318182e+00 3 3 3
-3.045455e+00 2.409091e+00 3 3 3
-3.045455e+00 2.500000e+00 3 3 3
-3.045455e+00 2.590909e+00 3 3 3
-3.045455e+00 2.681818e+00 3 3 3
-3.045455e+00 2.772727e+00 3 3 3
-3.045455e+00 2.863636e+00 3 3 3
-3.045455e+00 2.954545e+00 3 3 3
-3.045455e+00 3.045455e+00 3 3 3
-3.045455e+00 3.136364e+00 3 3 3
-3.045455e+00 3.227273e+00 3 3 3
-3.045455e+00 3.318182e+00 3 3 3
-3.045455e+00 3.409091e+00 3 3 3
-3.045455e+00 3.500000e+00 3 3 3
-3.045455e+00 3.590909e+00 3 3 3
-3.045455e+00 3.681818e+00 3 3 3
-3.045455e+00 3.772727e+00 3 3 3
-3.045455e+00 3.863636e+00 3 3 3
-3.045455e+00 3.954545e+00 3 3 3
-3.045455e+00 4.045455e+00 3 3 3
-3.045455e+00 4.136364e+00 3 3 3
-3.045455e+00 4.227273e+00 3 3 3
-3.045455e+00 4.318182e+00 3 3 3
-3.045455e+00 4.409091e+00 3 3 3
-3.045455e+00 4.500000e+00 4 4 3

-2.954545e+00 -4.500000e+00 4 4 4
-2.954545e+00 -4.409091e+00 4 4 4
-2.954545e+00 -4.318182e+00 1 2 4
-2.954545e+00 -4.227273e+00 4 4 4
-2.954545e+00 -4.136364e+00 1 1 4
-2.954545e+00 -4.045455e+00 4 4 4
-2.954545e+00 -3.954545e+00 1 4 4
-2.954545e+00 -3.863636e+00 4 4 4
-2.954545e+00 -3.772727e+00 1 4 4
-2.954545e+00 -3.681818e+00 4 4 4
-2.954545e+00 -3.590909e+00 4 4 4
-2.954545e+00 -3.500000e+00 4 4 4
-2.954545e+00 -3.409091e+00 4 4 4
-2.954545e+00 -3.318182e+00 4 4 4
-2.954545e+00 -3.227273e+00 4 4 4
-2.954545e+00 -3.136364e+00 3 4 4
-2.954545e+00 -3.045455e+00 4 4 4
-2.954545e+00 -2.954545e+00 4 4 4
-2.954545e+00 -2.863636e+00 4 4 4
-2.954545e+00 -2.772727e+00 4 4 4
-2.954545e+00 -2.681818e+00 4 4 4
-2.954545e+00 -2.590909e+00 4 4 4
-2.954545e+00 -2.500000e+00 2 4 4
-2.954545e+00 -2.409091e+00 4 4 4
-2.954545e+00 -2.318182e+00 4 4 4
-2.954545e+00 -2.227273e+00 4 4 4
-2.954545e+00 -2.136364e+00 4 4 4
-2.954545e+00 -2.045455e+00 4 4 4
-2.954545e+00 -1.954545e+00 4 4 4
-2.954545e+00 -1.863636e+00 4 4 4
-2.954545e+00 -1.772727e+00 4 4 4
-2.954545e+00 -1.681818e+00 4 4 4
-2.954545e+00 -1.590909e+00 4 4 4
-2.954545e+00 -1.500000e+00 4 4 4
-2.954545e+00 -1.409091e+00 4 4 4
-2.954545e+00 -1.318182e+00 4 4 4
-2.954545e+00 -1.227273e+00 4 4 4
-2.954545e+00 -1.136364e+00 4 4 4
-2.954545e+00 -1.045455e+00 4 4 4
-2.954545e+00 -9.545455e-01 4 4 4
-2.954545e+00 -8.636364e-01 4 4 4
-2.954545e+00 -7.727273e-01 4 4 4
-2.954545e+00 -6.818182e-01 4 4 4
-2.954545e+00 -5.909091e-01 4 4 4
-2.954545e+00 -5.000000e-01 3 4 4
-2.954545e+00 -4.090909e-01 4 4 4
-2.954545e+00 -3.181818e-01 4 4 4
-2.954545e+00 -2.272727e-01 4 4 4
-2.954545e+00 -1.363636e-01 4 4 4
-2.954545e+00 -4.545455e-02 3 3 3
-2.954545e+00 4.545455e-02 3 1 3
-2.954545e+00 1.363636e-01 3 3 3
-2.954545e+00 2.272727e-01 1 3 3
-2.954545e+00 3.181818e-01 3 3 3
-2.954545e+00 4.090909e-01 3 3 3
-2.954545e+00 5.000000e-01 3 3 3
-2.954545e+00 5.909091e-01 3 3 3
-2.954545e+00 6.818182e-01 3 3 3
-2.954545e+00 7.727273e-01 3 3 3
-2.954545e+00 8.636364e-01 3 3 3
-2.954545e+00 9.545455e-01 3 3 3
-2.954545e+00 1.045455e+00 3 3 3
-2.954545e+00 1.136364e+00 3 3 3
-2.954545e+00 1.227273e+00 3 3 3
-2.954545e+00 1.318182e+00 1 3 3
-2.954545e+00 1.409091e+00 3 3 3
-2.954545e+00 1.500000e+00 3 3 3
-2.954545e+00 1.590909e+00 3 3 3
-2.954545e+00 1.681818e+00 3 3 3
-2.954545e+00 1.772727e+00 3 3 3
-2.954545e+00 1.863636e+00 3 3 3
-2.954545e+00 1.954545e+00 1 3 3
-2.954545e+00 2.045455e+00 3 3 3
-2.954545e+00 2.136364e+00 1 3 3
-2.954545e+00 2.227273e+00 3 3 3
-2.954545e+00 2.318182e+00 3 3 3
-2.954545e+00 2.409091e+00 3 3 3
-2.954545e+00 2.500000e+00 3 3 3
-2.954545e+00 2.590909e+00 3 3 3
-2.954545e+00 2.681818e+00 3 3 3
-2.954545e+00 2.772727e+00 3 3 3
-2.954545e+00 2.863636e+00 3 3 3
-2.954545e+00 2.954545e+00 3 3 3
-2.954545e+00 3.045455e+00 3 3 3
-2.954545e+00 3.136364e+00 3 3 3
-2.954545e+00 3.227273e+00 3 3 3
-2.954545e+00 3.318182e+00 3 3 3
-2.954545e+00 3.409091e+00 3 3 3
-2.954545e+00 3.500000e+00 3 3 3
-2.954545e+00 3.590909e+00 3 3 3
-2.954545e+00 3.681818e+00 3 3 3
-2.954545e+00 3.772727e+00 3 3 3
-2.954545e+00 3.863636e+00 3 3 3
-2.954545e+00 3.954545e+00 3 3 3
-2.954545e+00 4.045455e+00 3 3 3
-2.954545e+00 4.136364e+00 3 3 3
-2.954545e+00 4.227273e+00 3 3 3
-2.954545e+00 4.318182e+00 3 3 3
-2.954545e+00 4.409091e+00 3 3 3
-2.954545e+00 4.500000e+00 4 4 3

-2.863636e+00 -4.500000e+00 1 3 4
-2.863636e+00 -4.409091e+00 1 1 4
-2.863636e+00 -4.318182e+00 1 1 4
-2.863636e+00 -4.227273e+00 1 4 4
-2.863636e+00 -4.136364e+00 1 1 4
-2.863636e+00 -4.045455e+00 4 4 4
-2.863636e+00 -3.954545e+00 1 4 4
-2.863636e+00 -3.863636e+00 4 4 4
-2.863636e+00 -3.772727e+00 4 4 4
-2.863636e+00 -3.681818e+00 4 4 4
-2.863636e+00 -3.590909e+00 1 4 4
-2.863636e+00 -3.500000e+00 4 4 4
-2.863636e+00 -3.409091e+00 1 4 4
-2.863636e+00 -3.318182e+00 4 4 4
-2.863636e+00 -3.227273e+00 4 4 4
-2.863636e+00 -3.136364e+00 3 4 4
-2.863636e+00 -3.045455e+00 4 4 4
-2.863636e+00 -2.954545e+00 4 4 4
-2.863636e+00 -2.863636e+00 4 4 4
-2.863636e+00 -2.772727e+00 4 4 4
-2.863636e+00 -2.681818e+00 4 4 4
-2.863636e+00 -2.590909e+00 4 4 4
-2.863636e+00 -2.500000e+00 4 4 4
-2.863636e+00 -2.409091e+00 4 4 4
-2.863636e+00 -2.318182e+00 4 4 4
-2.863636e+00 -2.227273e+00 4 4 4
-2.863636e+00 -2.136364e+00 4 4 4
-2.863636e+00 -2.045455e+00 4 4 4
-2.863636e+00 -1.954545e+00 4 4 4
-2.863636e+00 -1.863636e+00 4 4 4
-2.863636e+00 -1.772727e+00 4 4 4
-2.863636e+00 -1.681818e+00 4 4 4
-2.863636e+00 -1.590909e+00 4 4 4
-2.863636e+00 -1.500000e+00 4 4 4
-2.863636e+00 -1.409091e+00 4 4 4
-2.863636e+00 -1.318182e+00 1 4 4
-2.863636e+00 -1.227273e+00 4 4 4
-2.863636e+00 -1.136364e+00 4 4 4
-2.863636e+00 -1.045455e+00 4 4 4
-2.863636e+00 -9.545455e-01 4 4 4
-2.863636e+00 -8.636364e-01 4 4 4
-2.863636e+00 -7.727273e-01 4 4 4
-2.863636e+00 -6.818182e-01 4 4 4
-2.863636e+00 -5.909091e-01 4 4 4
-2.863636e+00 -5.000000e-01 4 4 4
-2.863636e+00 -4.090909e-01 4 4 4
-2.863636e+00 -3.181818e-01 4 4 4
-2.863636e+00 -2.272727e-01 4 4 4
-2.863636e+00 -1.363636e-01 4 4 4
-2.863636e+00 -4.545455e-02 4 3 3
-2.863636e+00 4.545455e-02 3 3 3
-2.863636e+00 1.363636e-01 3 3 3
-2.863636e+00 2.272727e-01 3 3 3
-2.863636e+00 3.181818e-01 3 3 3
-2.863636e+00 4.090909e-01 3 3 3
-2.863636e+00 5.000000e-01 3 3 3
-2.863636e+00 5.909091e-01 3 3 3
-2.863636e+00 6.818182e-01 3 3 3
-2.863636e+00 7.727273e-01 3 3 3
-2.863636e+00 8.636364e-01 3 3 3
-2.863636e+00 9.545455e-01 3 3 3
-2.863636e+00 1.045455e+00 3 3 3
-2.863636e+00 1.136364e+00 3 3 3
-2.863636e+00 1.227273e+00 3 3 3
-2.863636e+00 1.318182e+00 3 3 3
-2.863636e+00 1.409091e+00 3 3 3
-2.863636e+00 1.500000e+00 3 3 3
-2.863636e+00 1.590909e+00 3 3 3
-2.863636e+00 1.681818e+00 3 3 3
-2.863636e+00 1.772727e+00 3 3 3
-2.863636e+00 1.863636e+00 3 3 3
-2.863636e+00 1.954545e+00 3 3 3
-2.863636e+00 2.045455e+00 3 3 3
-2.863636e+00 2.136364e+00 3 3 3
-2.863636e+00 2.227273e+00 3 3 3
-2.863636e+00 2.318182e+00 3 3 3
-2.863636e+00 2.409091e+00 3 3 3
-2.863636e+00 2.500000e+00 3 3 3
-2.863636e+00 2.590909e+00 3 3 3
-2.863636e+00 2.681818e+00 3 3 3
-2.863636e+00 2.772727e+00 3 3 3
-2.863636e+00 2.863636e+00 3 3 3
-2.863636e+00 2.954545e+00 3 3 3
-2.863636e+00 3.045455e+00 3 3 3
-2.863636e+00 3.136364e+00 3 3 3
-2.863636e+00 3.227273e+00 3 3 3
-2.863636e+00 3.318182e+00 3 3 3
-2.863636e+00 3.409091e+00 3 3 3
-2.863636e+00 3.500000e+00 3 3 3
-2.863636e+00 3.590909e+00 3 3 3
-2.863636e+00 3.681818e+00 3 3 3
-2.863636e+00 3.772727e+00 3 3 3
-2.863636e+00 3.863636e+00 3 3 3
-2.863636e+00 3.954545e+00 3 3 3
-2.863636e+00 4.045455e+00 1 4 3
-2.863636e+00 4.136364e+00 4 4 3
-2.863636e+00 4.227273e+00 3 3 3
-2.863636e+00 4.318182e+00 3 3 3
-2.863636e+00 4.409091e+00 4 4 3
-2.863636e+00 4.500000e+00 4 4 3

-2.772727e+00 -4.500000e+00 1 3 4
-2.772727e+00 -4.409091e+00 1 1 4
-2.772727e+00 -4.318182e+00 1 1 4
-2.772727e+00 -4.227273e+00 1 4 4
-2.772727e+00 -4.136364e+00 1 1 4
-2.772727e+00 -4.045455e+00 4 4 4
-2.772727e+00 -3.954545e+00 1 2 4
-2.772727e+00 -3.863636e+00 4 4 4
-2.772727e+00 -3.772727e+00 4 4 4
-2.772727e+00 -3.681818e+00 4 4 4
-2.772727e+00 -3.590909e+00 4 4 4
-2.772727e+00 -3.500000e+00 4 4 4
-2.772727e+00 -3.409091e+00 4 4 4
-2.772727e+00 -3.318182e+00 4 4 4
-2.772727e+00 -3.227273e+00 4 4 4
-2.772727e+00 -3.136364e+00 4 4 4
-2.772727e+00 -3.045455e+00 4 4 4
-2.772727e+00 -2.954545e+00 4 4 4
-2.772727e+00 -2.863636e+00 4 4 4
-2.772727e+00 -2.772727e+00 4 4 4
-2.772727e+00 -2.681818e+00 4 4 4
-2.772727e+00 -2.590909e+00 4 4 4
-2.772727e+00 -2.500000e+00 4 4 4
-2.772727e+00 -2.409091e+00 4 4 4
-2.772727e+00 -2.318182e+00 4 4 4
-2.772727e+00 -2.227273e+00 4 4 4
-2.772727e+00 -2.136364e+00 4 4 4
-2.772727e+00 -2.045455e+00 4 4 4
-2.772727e+00 -1.954545e+00 4 4 4
-2.772727e+00 -1.863636e+00 4 4 4
-2.772727e+00 -1.772727e+00 4 4 4
-2.772727e+00 -1.681818e+00 4 4 4
-2.772727e+00 -1.590909e+00 4 4 4
-2.772727e+00 -1.500000e+00 4 4 4
-2.772727e+00 -1.409091e+00 4 4 4
-2.772727e+00 -1.318182e+00 4 4 4
-2.772727e+00 -1.227273e+00 4 4 4
-2.772727e+00 -1.136364e+00 4 4 4
-2.772727e+00 -1.045455e+00 4 4 4
-2.772727e+00 -9.545455e-01 4 4 4
-2.772727e+00 -8.636364e-01 4 4 4
-2.772727e+00 -7.727273e-01 4 4 4
-2.772727e+00 -6.818182e-01 4 4 4
-2.772727e+00 -5.909091e-01 4 4 4
-2.772727e+00 -5.000000e-01 4 4 4
-2.772727e+00 -4.090909e-01 4 4 4
-2.772727e+00 -3.181818e-01 4 4 4
-2.772727e+00 -2.272727e-01 3 4 4
-2.772727e+00 -1.363636e-01 4 4 4
-2.772727e+00 -4.545455e-02 3 3 3
-2.772727e+00 4.545455e-02 3 3 3
-2.772727e+00 1.363636e-01 3 3 3
-2.772727e+00 2.272727e-01 3 3 3
-2.772727e+00 3.181818e-01 3 3 3
-2.772727e+00 4.090909e-01 3 3 3
-2.772727e+00 5.000000e-01 3 3 3
-2.772727e+00 5.909091e-01 3 3 3
-2.772727e+00 6.818182e-01 3 3 3
-2.772727e+00 7.727273e-01 3 3 3
-2.772727e+00 8.636364e-01 3 3 3
-2.772727e+00 9.545455e-01 3 3 3
-2.772727e+00 1.045455e+00 3 3 3
-2.772727e+00 1.136364e+00 3 3 3
-2.772727e+00 1.227273e+00 3 3 3
-2.772727e+00 1.318182e+00 3 3 3
-2.772727e+00 1.409091e+00 3 3 3
-2.772727e+00 1.500000e+00 3 3 3
-2.772727e+00 1.590909e+00 3 3 3
-2.772727e+00 1.681818e+00 3 3 3
-2.772727e+00 1.772727e+00 3 3 3
-2.772727e+00 1.863636e+00 3 3 3
-2.772727e+00 1.954545e+00 3 3 3
-2.772727e+00 2.045455e+00 3 3 3
-2.772727e+00 2.136364e+00 3 3 3
-2.772727e+00 2.227273e+00 3 3 3
-2.772727e+00 2.318182e+00 3 3 3
-2.772727e+00 2.409091e+00 3 2 3
-2.772727e+00 2.500000e+00 3 3 3
-2.772727e+00 2.590909e+00 3 3 3
-2.772727e+00 2.681818e+00 3 3 3
-2.772727e+00 2.772727e+00 3 3 3
-2.772727e+00 2.863636e+00 3 3 3
-2.772727e+00 2.954545e+00 3 3 3
-2.772727e+00 3.045455e+00 3 3 3
-2.772727e+00 3.136364e+00 3 3 3
-2.772727e+00 3.227273e+00 3 3 3
-2.772727e+00 3.318182e+00 3 3 3
-2.772727e+00 3.409091e+00 3 3 3
-2.772727e+00 3.500000e+00 3 3 3
-2.772727e+00 3.590909e+00 3 3 3
-2.772727e+00 3.681818e+00 3 3 3
-2.772727e+00 3.772727e+00 3 3 3
-2.772727e+00 3.863636e+00 3 3 3
-2.772727e+00 3.954545e+00 3 3 3
-2.772727e+00 4.045455e+00 4 4 3
-2.772727e+00 4.136364e+00 4 4 3
-2.772727e+00 4.227273e+00 3 3 3
-2.772727e+00 4.318182e+00 3 3 3
-2.772727e+00 4.409091e+00 4 4 3
-2.772727e+00 4.500000e+00 4 4 3

-2.681818e+00 -4.500000e+00 1 3 4
-2.681818e+00 -4.409091e+00 1 1 4
-2.681818e+00 -4.318182e+00 1 1 4
-2.681818e+00 -4.227273e+00 1 1 4
-2.681818e+00 -4.136364e+00 4 1 4
-2.681818e+00 -4.045455e+00 1 4 4
-2.681818e+00 -3.954545e+00 4 4 4
-2.681818e+00 -3.863636e+00 4 4 4
-2.681818e+00 -3.772727e+00 4 4 4
-2.681818e+00 -3.681818e+00 1 4 4
-2.681818e+00 -3.590909e+00 4 4 4
-2.681818e+00 -3.500000e+00 1 4 4
-2.681818e+00 -3.409091e+00 4 4 4
-2.681818e+00 -3.318182e+00 4 4 4
-2.681818e+00 -3.227273e+00 4 4 4
-2.681818e+00 -3.136364e+00 4 4 4
-2.681818e+00 -3.045455e+00 4 4 4
-2.681818e+00 -2.954545e+00 4 4 4
-2.681818e+00 -2.863636e+00 4 4 4
-2.681818e+00 -2.772727e+00 4 4 4
-2.681818e+00 -2.681818e+00 4 4 4
-2.681818e+00 -2.590909e+00 4 4 4
-2.681818e+00 -2.500000e+00 4 4 4
-2.681818e+00 -2.409091e+00 4 4 4
-2.681818e+00 -2.318182e+00 4 4 4
-2.681818e+00 -2.227273e+00 4 4 4
-2.681818e+00 -2.136364e+00 4 4 4
-2.681818e+00 -2.045455e+00 4 4 4
-2.681818e+00 -1.954545e+00 4 4 4
-2.681818e+00 -1.863636e+00 4 4 4
-2.681818e+00 -1.772727e+00 4 4 4
-2.681818e+00 -1.681818e+00 4 4 4
-2.681818e+00 -1.590909e+00 4 4 4
-2.681818e+00 -1.500000e+00 4 4 4
-2.681818e+00 -1.409091e+00 4 4 4
-2.681818e+00 -1.318182e+00 4 4 4
-2.681818e+00 -1.227273e+00 4 4 4
-2.681818e+00 -1.136364e+00 4 4 4
-2.681818e+00 -1.045455e+00 4 4 4
-2.681818e+00 -9.545455e-01 4 4 4
-2.681818e+00 -8.636364e-01 4 4 4
-2.681818e+00 -7.727273e-01 4 4 4
-2.681818e+00 -6.818182e-01 4 4 4
-2.681818e+00 -5.909091e-01 4 4 4
-2.681818e+00 -5.000000e-01 4 4 4
-2.681818e+00 -4.090909e-01 4 4 4
-2.681818e+00 -3.181818e-01 4 4 4
-2.681818e+00 -2.272727e-01 4 4 4
-2.681818e+00 -1.363636e-01 1 4 4
-2.681818e+00 -4.545455e-02 3 3 3
-2.681818e+00 4.545455e-02 3 3 3
-2.681818e+00 1.363636e-01 3 3 3
-2.681818e+00 2.272727e-01 3 3 3
-2.681818e+00 3.181818e-01 3 3 3
-2.681818e+00 4.090909e-01 3 3 3
-2.681818e+00 5.000000e-01 3 3 3
-2.681818e+00 5.909091e-01 3 3 3
-2.681818e+00 6.818182e-01 3 3 3
-2.681818e+00 7.727273e-01 3 3 3
-2.681818e+00 8.636364e-01 3 3 3
-2.681818e+00 9.545455e-01 3 3 3
-2.681818e+00 1.045455e+00 3 3 3
-2.681818e+00 1.136364e+00 3 3 3
-2.681818e+00 1.227273e+00 3 3 3
-2.681818e+00 1.318182e+00 3 3 3
-2.681818e+00 1.409091e+00 3 3 3
-2.681818e+00 1.500000e+00 3 3 3
-2.681818e+00 1.590909e+00 3 3 3
-2.681818e+00 1.681818e+00 3 3 3
-2.681818e+00 1.772727e+00 3 3 3
-2.681818e+00 1.863636e+00 3 3 3
-2.681818e+00 1.954545e+00 3 3 3
-2.681818e+00 2.045455e+00 3 3 3
-2.681818e+00 2.136364e+00 3 1 3
-2.681818e+00 2.227273e+00 3 2 3
-2.681818e+00 2.318182e+00 3 3 3
-2.681818e+00 2.409091e+00 3 3 3
-2.681818e+00 2.500000e+00 3 3 3
-2.681818e+00 2.590909e+00 3 3 3
-2.681818e+00 2.681818e+00 3 3 3
-2.681818e+00 2.772727e+00 3 3 3
-2.681818e+00 2.863636e+00 3 3 3
-2.681818e+00 2.954545e+00 3 3 3
-2.681818e+00 3.045455e+00 3 3 3
-2.681818e+00 3.136364e+00 3 3 3
-2.681818e+00 3.227273e+00 3 3 3
-2.681818e+00 3.318182e+00 3 3 3
-2.681818e+00 3.409091e+00 3 3 3
-2.681818e+00 3.500000e+00 3 3 3
-2.681818e+00 3.590909e+00 3 3 3
-2.681818e+00 3.681818e+00 4 4 3
-2.681818e+00 3.772727e+00 1 3 3
-2.681818e+00 3.863636e+00 3 3 3
-2.681818e+00 3.954545e+00 1 3 3
-2.681818e+00 4.045455e+00 4 4 3
-2.681818e+00 4.136364e+00 4 4 3
-2.681818e+00 4.227273e+00 3 3 3
-2.681818e+00 4.318182e+00 3 3 3
-2.681818e+00 4.409091e+00 4 4 3
-2.681818e+00 4.500000e+00 4 4 3

-2.590909e+00 -4.500000e+00 1 1 4
-2.590909e+00 -4.409091e+00 1 1 4
-2.590909e+00 -4.318182e+00 1 4 4
-2.590909e+00 -4.227273e+00 1 1 4
-2.590909e+00 -4.136364e+00 4 4 4
-2.590909e+00 -4.045455e+00 1 1 4
-2.590909e+00 -3.954545e+00 4 1 4
-2.590909e+00 -3.863636e+00 4 4 4
-2.590909e+00 -3.772727e+00 4 4 4
-2.590909e+00 -3.681818e+00 4 4 4
-2.590909e+00 -3.590909e+00 4 4 4
-2.590909e+00 -3.500000e+00 1 4 4
-2.590909e+00 -3.409091e+00 4 4 4
-2.590909e+00 -3.318182e+00 4 4 4
-2.590909e+00 -3.227273e+00 4 4 4
-2.590909e+00 -3.136364e+00 4 4 4
-2.590909e+00 -3.045455e+00 4 4 4
-2.590909e+00 -2.954545e+00 4 4 4
-2.590909e+00 -2.863636e+00 4 4 4
-2.590909e+00 -2.772727e+00 4 4 4
-2.590909e+00 -2.681818e+00 4 4 4
-2.590909e+00 -2.590909e+00 4 4 4
-2.590909e+00 -2.500000e+00 4 4 4
-2.590909e+00 -2.409091e+00 4 4 4
-2.590909e+00 -2.318182e+00 4 4 4
-2.590909e+00 -2.227273e+00 4 4 4
-2.590909e+00 -2.136364e+00 4 4 4
-2.590909e+00 -2.045455e+00 4 4 4
-2.590909e+00 -1.954545e+00 4 4 4
-2.590909e+00 -1.863636e+00 4 4 4
-2.590909e+00 -1.772727e+00 4 4 4
-2.590909e+00 -1.681818e+00 4 4 4
-2.590909e+00 -1.590909e+00 4 4 4
-2.590909e+00 -1.500000e+00 4 4 4
-2.590909e+00 -1.409091e+00 4 4 4
-2.590909e+00 -1.318182e+00 4 4 4
-2.590909e+00 -1.227273e+00 4 4 4
-2.590909e+00 -1.136364e+00 4 4 4
-2.590909e+00 -1.045455e+00 4 4 4
-2.590909e+00 -9.545455e-01 4 4 4
-2.590909e+00 -8.636364e-01 4 4 4
-2.590909e+00 -7.727273e-01 4 4 4
-2.590909e+00 -6.818182e-01 4 4 4
-2.590909e+00 -5.909091e-01 4 4 4
-2.590909e+00 -5.000000e-01 4 4 4
-2.590909e+00 -4.090909e-01 4 4 4
-2.590909e+00 -3.181818e-01 4 1 4
-2.590909e+00 -2.272727e-01 4 4 4
-2.590909e+00 -1.363636e-01 3 3 3
-2.590909e+00 -4.545455e-02 3 3 3
-2.590909e+00 4.545455e-02 3 3 3
-2.590909e+00 1.363636e-01 3 3 3
-2.590909e+00 2.272727e-01 3 3 3
-2.590909e+00 3.181818e-01 3 3 3
-2.590909e+00 4.090909e-01 3 3 3
-2.590909e+00 5.000000e-01 3 3 3
-2.590909e+00 5.909091e-01 3 3 3
-2.590909e+00 6.818182e-01 3 3 3
-2.590909e+00 7.727273e-01 3 3 3
-2.590909e+00 8.636364e-01 3 3 3
-2.590909e+00 9.545455e-01 3 3 3
-2.590909e+00 1.045455e+00 3 3 3
-2.590909e+00 1.136364e+00 3 3 3
-2.590909e+00 1.227273e+00 3 3 3
-2.590909e+00 1.318182e+00 3 3 3
-2.590909e+00 1.409091e+00 3 3 3
-2.590909e+00 1.500000e+00 3 3 3
-2.590909e+00 1.590909e+00 3 3 3
-2.590909e+00 1.681818e+00 3 3 3
-2.590909e+00 1.772727e+00 3 3 3
-2.590909e+00 1.863636e+00 3 3 3
-2.590909e+00 1.954545e+00 3 3 3
-2.590909e+00 2.045455e+00 3 3 3
-2.590909e+00 2.136364e+00 3 3 3
-2.590909e+00 2.227273e+00 3 3 3
-2.590909e+00 2.318182e+00 3 3 3
-2.590909e+00 2.409091e+00 3 3 3
-2.590909e+00 2.500000e+00 3 3 3
-2.590909e+00 2.590909e+00 3 3 3
-2.590909e+00 2.681818e+00 3 3 3
-2.590909e+00 2.772727e+00 3 3 3
-2.590909e+00 2.863636e+00 3 3 3
-2.590909e+00 2.954545e+00 3 3 3
-2.590909e+00 3.045455e+00 3 3 3
-2.590909e+00 3.136364e+00 3 3 3
-2.590909e+00 3.227273e+00 3 3 3
-2.590909e+00 3.318182e+00 3 3 3
-2.590909e+00 3.409091e+00 3 3 3
-2.590909e+00 3.500000e+00 3 3 3
-2.590909e+00 3.590909e+00 3 3 3
-2.590909e+00 3.681818e+00 3 3 3
-2.590909e+00 3.772727e+00 3 3 3
-2.590909e+00 3.863636e+00 3 3 3
-2.590909e+00 3.954545e+00 1 3 3
-2.590909e+00 4.045455e+00 4 4 3
-2.590909e+00 4.136364e+00 4 4 3
-2.590909e+00 4.227273e+00 1 3 3
-2.590909e+00 4.318182e+00 1 3 3
-2.590909e+00 4.409091e+00 4 4 3
-2.590909e+00 4.500000e+00 4 4 3

-2.500000e+00 -4.500000e+00 1 2 4
-2.500000e+00 -4.409091e+00 1 1 4
-2.500000e+00 -4.318182e+00 1 4 4
-2.500000e+00 -4.227273e+00 1 1 4
-2.500000e+00 -4.136364e+00 4 4 4
-2.500000e+00 -4.045455e+00 4 4 4
-2.500000e+00 -3.954545e+00 4 4 4
-2.500000e+00 -3.863636e+00 4 4 4
-2.500000e+00 -3.772727e+00 4 4 4
-2.500000e+00 -3.681818e+00 4 4 4
-2.500000e+00 -3.590909e+00 1 4 4
-2.500000e+00 -3.500000e+00 4 4 4
-2.500000e+00 -3.409091e+00 4 4 4
-2.500000e+00 -3.318182e+00 4 4 4
-2.500000e+00 -3.227273e+00 4 4 4
-2.500000e+00 -3.136364e+00 4 4 4
-2.500000e+00 -3.045455e+00 4 4 4
-2.500000e+00 -2.954545e+00 4 4 4
-2.500000e+00 -2.863636e+00 4 4 4
-2.500000e+00 -2.772727e+00 4 4 4
-2.500000e+00 -2.681818e+00 4 4 4
-2.500000e+00 -2.590909e+00 4 4 4
-2.500000e+00 -2.500000e+00 4 4 4
-2.500000e+00 -2.409091e+00 4 4 4
-2.500000e+00 -2.318182e+00 4 4 4
-2.500000e+00 -2.227273e+00 4 4 4
-2.500000e+00 -2.136364e+00 4 4 4
-2.500000e+00 -2.045455e+00 4 4 4
-2.500000e+00 -1.954545e+00 4 4 4
-2.500000e+00 -1.863636e+00 4 4 4
-2.500000e+00 -1.772727e+00 4 4 4
-2.500000e+00 -1.681818e+00 4 4 4
-2.500000e+00 -1.590909e+00 4 4 4
-2.500000e+00 -1.500000e+00 4 4 4
-2.500000e+00 -1.409091e+00 4 4 4
-2.500000e+00 -1.318182e+00 4 4 4
-2.500000e+00 -1.227273e+00 4 4 4
-2.500000e+00 -1.136364e+00 4 4 4
-2.500000e+00 -1.045455e+00 4 4 4
-2.500000e+00 -9.545455e-01 4 4 4
-2.500000e+00 -8.636364e-01 4 4 4
-2.500000e+00 -7.727273e-01 4 4 4
-2.500000e+00 -6.818182e-01 4 4 4
-2.500000e+00 -5.909091e-01 4 4 4
-2.500000e+00 -5.000000e-01 4 4 4
-2.500000e+00 -4.090909e-01 4 4 4
-2.500000e+00 -3.181818e-01 4 4 4
-2.500000e+00 -2.272727e-01 4 4 4
-2.500000e+00 -1.363636e-01 3 3 3
-2.500000e+00 -4.545455e-02 3 3 3
-2.500000e+00 4.545455e-02 3 3 3
-2.500000e+00 1.363636e-01 3 3 3
-2.500000e+00 2.272727e-01 3 3 3
-2.500000e+00 3.181818e-01 3 3 3
-2.500000e+00 4.090909e-01 3 3 3
-2.500000e+00 5.000000e-01 3 3 3
-2.500000e+00 5.909091e-01 3 3 3
-2.500000e+00 6.818182e-01 3 3 3
-2.500000e+00 7.727273e-01 3 3 3
-2.500000e+00 8.636364e-01 3 3 3
-2.500000e+00 9.545455e-01 3 3 3
-2.500000e+00 1.045455e+00 3 3 3
-2.500000e+00 1.136364e+00 3 3 3
-2.500000e+00 1.227273e+00 3 3 3
-2.500000e+00 1.318182e+00 3 3 3
-2.500000e+00 1.409091e+00 3 3 3
-2.500000e+00 1.500000e+00 3 3 3
-2.500000e+00 1.590909e+00 3 3 3
-2.500000e+00 1.681818e+00 2 3 3
-2.500000e+00 1.772727e+00 3 3 3
-2.500000e+00 1.863636e+00 3 3 3
-2.500000e+00 1.954545e+00 3 3 3
-2.500000e+00 2.045455e+00 3 3 3
-2.500000e+00 2.136364e+00 3 3 3
-2.500000e+00 2.227273e+00 3 3 3
-2.500000e+00 2.318182e+00 3 3 3
-2.500000e+00 2.409091e+00 3 3 3
-2.500000e+00 2.500000e+00 3 3 3
-2.500000e+00 2.590909e+00 3 3 3
-2.500000e+00 2.681818e+00 3 3 3
-2.500000e+00 2.772727e+00 3 3 3
-2.500000e+00 2.863636e+00 3 3 3
-2.500000e+00 2.954545e+00 3 3 3
-2.500000e+00 3.045455e+00 3 3 3
-2.500000e+00 3.136364e+00 3 3 3
-2.500000e+00 3.227273e+00 3 3 3
-2.500000e+00 3.318182e+00 3 3 3
-2.500000e+00 3.409091e+00 3 3 3
-2.500000e+00 3.500000e+00 3 3 3
-2.500000e+00 3.590909e+00 3 3 3
-2.500000e+00 3.681818e+00 3 3 3
-2.500000e+00 3.772727e+00 3 3 3
-2.500000e+00 3.863636e+00 3 3 3
-2.500000e+00 3.954545e+00 3 3 3
-2.500000e+00 4.045455e+00 4 4 3
-2.500000e+00 4.136364e+00 4 4 3
-2.500000e+00 4.227273e+00 3 3 3
-2.500000e+00 4.318182e+00 3 3 3
-2.500000e+00 4.409091e+00 4 4 3
-2.500000e+00 4.500000e+00 4 4 3

-2.409091e+00 -4.500000e+00 1 1 4
-2.409091e+00 -4.409091e+00 4 2 4
-2.409091e+00 -4.318182e+00 1 1 4
-2.409091e+00 -4.227273e+00 4 4 4
-2.409091e+00 -4.136364e+00 1 1 4
-2.409091e+00 -4.045455e+00 1 1 4
-2.409091e+00 -3.954545e+00 4 4 4
-2.409091e+00 -3.863636e+00 4 4 4
-2.409091e+00 -3.772727e+00 4 4 4
-2.409091e+00 -3.681818e+00 4 4 4
-2.409091e+00 -3.590909e+00 4 4 4
-2.409091e+00 -3.500000e+00 4 4 4
-2.409091e+00 -3.409091e+00 4 4 4
-2.409091e+00 -3.318182e+00 4 4 4
-2.409091e+00 -3.227273e+00 4 4 4
-2.409091e+00 -3.136364e+00 4 4 4
-2.409091e+00 -3.045455e+00 4 4 4
-2.409091e+00 -2.954545e+00 4 4 4
-2.409091e+00 -2.863636e+00 4 4 4
-2.409091e+00 -2.772727e+00 4 4 4
-2.409091e+00 -2.681818e+00 4 4 4
-2.409091e+00 -2.590909e+00 4 4 4
-2.409091e+00 -2.500000e+00 4 4 4
-2.409091e+00 -2.409091e+00 4 4 4
-2.409091e+00 -2.318182e+00 4 4 4
-2.409091e+00 -2.227273e+00 4 4 4
-2.409091e+00 -2.136364e+00 4 4 4
-2.409091e+00 -2.045455e+00 4 4 4
-2.409091e+00 -1.954545e+00 4 4 4
-2.409091e+00 -1.863636e+00 4 4 4
-2.409091e+00 -1.772727e+00 4 4 4
-2.409091e+00 -1.681818e+00 4 4 4
-2.409091e+00 -1.590909e+00 4 4 4
-2.409091e+00 -1.500000e+00 4 4 4
-2.409091e+00 -1.409091e+00 4 4 4
-2.409091e+00 -1.318182e+00 4 4 4
-2.409091e+00 -1.227273e+00 4 4 4
-2.409091e+00 -1.136364e+00 1 4 4
-2.409091e+00 -1.045455e+00 4 4 4
-2.409091e+00 -9.545455e-01 4 4 4
-2.409091e+00 -8.636364e-01 4 4 4
-2.409091e+00 -7.727273e-01 4 4 4
-2.409091e+00 -6.818182e-01 3 4 4
-2.409091e+00 -5.909091e-01 4 4 4
-2.409091e+00 -5.000000e-01 4 4 4
-2.409091e+00 -4.090909e-01 4 4 4
-2.409091e+00 -3.181818e-01 4 4 4
-2.409091e+00 -2.272727e-01 4 4 4
-2.409091e+00 -1.363636e-01 3 3 3
-2.409091e+00 -4.545455e-02 4 3 3
-2.409091e+00 4.545455e-02 3 3 3
-2.409091e+00 1.363636e-01 3 3 3
-2.409091e+00 2.272727e-01 3 3 3
-2.409091e+00 3.181818e-01 3 3 3
-2.409091e+00 4.090909e-01 3 3 3
-2.409091e+00 5.000000e-01 3 3 3
-2.409091e+00 5.909091e-01 3 3 3
-2.409091e+00 6.818182e-01 3 3 3
-2.409091e+00 7.727273e-01 3 3 3
-2.409091e+00 8.636364e-01 3 3 3
-2.409091e+00 9.545455e-01 3 3 3
-2.409091e+00 1.045455e+00 3 3 3
-2.409091e+00 1.136364e+00 3 3 3
-2.409091e+00 1.227273e+00 3 3 3
-2.409091e+00 1.318182e+00 3 3 3
-2.409091e+00 1.409091e+00 3 3 3
-2.409091e+00 1.500000e+00 3 3 3
-2.409091e+00 1.590909e+00 3 3 3
-2.409091e+00 1.681818e+00 3 3 3
-2.409091e+00 1.772727e+00 3 3 3
-2.409091e+00 1.863636e+00 3 3 3
-2.409091e+00 1.954545e+00 3 3 3
-2.409091e+00 2.045455e+00 3 3 3
-2.409091e+00 2.136364e+00 3 3 3
-2.409091e+00 2.227273e+00 3 3 3
-2.409091e+00 2.318182e+00 3 3 3
-2.409091e+00 2.409091e+00 3 3 3
-2.409091e+00 2.500000e+00 3 3 3
-2.409091e+00 2.590909e+00 3 3 3
-2.409091e+00 2.681818e+00 3 3 3
-2.409091e+00 2.772727e+00 3 3 3
-2.409091e+00 2.863636e+00 3 3 3
-2.409091e+00 2.954545e+00 3 3 3
-2.409091e+00 3.045455e+00 3 3 3
-2.409091e+00 3.136364e+00 3 3 3
-2.409091e+00 3.227273e+00 3 3 3
-2.409091e+00 3.318182e+00 3 3 3
-2.409091e+00 3.409091e+00 3 3 3
-2.409091e+00 3.500000e+00 3 3 3
-2.409091e+00 3.590909e+00 3 3 3
-2.409091e+00 3.681818e+00 3 3 3
-2.409091e+00 3.772727e+00 3 3 3
-2.409091e+00 3.863636e+00 3 3 3
-2.409091e+00 3.954545e+00 3 3 3
-2.409091e+00 4.045455e+00 4 4 3
-2.409091e+00 4.136364e+00 4 4 3
-2.409091e+00 4.227273e+00 1 3 3
-2.409091e+00 4.318182e+00 1 3 3
-2.409091e+00 4.409091e+00 4 4 3
-2.409091e+00 4.500000e+00 4 4 3

-2.318182e+00 -4.500000e+00 1 1 4
-2.318182e+00 -4.409091e+00 1 4 4
-2.318182e+00 -4.318182e+00 1 2 4
-2.318182e+00 -4.227273e+00 4 1 4
-2.318182e+00 -4.136364e+00 4 4 4
-2.318182e+00 -4.045455e+00 3 4 4
-2.318182e+00 -3.954545e+00 1 4 4
-2.318182e+00 -3.863636e+00 4 4 4
-2.318182e+00 -3.772727e+00 4 4 4
-2.318182e+00 -3.681818e+00 4 4 4
-2.318182e+00 -3.590909e+00 4 4 4
-2.318182e+00 -3.500000e+00 4 4 4
-2.318182e+00 -3.409091e+00 4 4 4
-2.318182e+00 -3.318182e+00 4 4 4
-2.318182e+00 -3.227273e+00 4 4 4
-2.318182e+00 -3.136364e+00 4 4 4
-2.318182e+00 -3.045455e+00 4 4 4
-2.318182e+00 -2.954545e+00 4 4 4
-2.318182e+00 -2.863636e+00 4 4 4
-2.318182e+00 -2.772727e+00 4 4 4
-2.318182e+00 -2.681818e+00 4 4 4
-2.318182e+00 -2.590909e+00 3 4 4
-2.318182e+00 -2.500000e+00 2 4 4
-2.318182e+00 -2.409091e+00 4 4 4
-2.318182e+00 -2.318182e+00 4 4 4
-2.318182e+00 -2.227273e+00 4 4 4
-2.318182e+00 -2.136364e+00 4 4 4
-2.318182e+00 -2.045455e+00 4 4 4
-2.318182e+00 -1.954545e+00 4 4 4
-2.318182e+00 -1.863636e+00 4 4 4
-2.318182e+00 -1.772727e+00 4 4 4
-2.318182e+00 -1.681818e+00 4 4 4
-2.318182e+00 -1.590909e+00 4 4 4
-2.318182e+00 -1.500000e+00 4 4 4
-2.318182e+00 -1.409091e+00 4 4 4
-2.318182e+00 -1.318182e+00 4 4 4
-2.318182e+00 -1.227273e+00 4 4 4
-2.318182e+00 -1.136364e+00 4 4 4
-2.318182e+00 -1.045455e+00 4 4 4
-2.318182e+00 -9.545455e-01 4 4 4
-2.318182e+00 -8.636364e-01 4 4 4
-2.318182e+00 -7.727273e-01 4 4 4
-2.318182e+00 -6.818182e-01 4 4 4
-2.318182e+00 -5.909091e-01 4 4 4
-2.318182e+00 -5.000000e-01 4 4 4
-2.318182e+00 -4.090909e-01 3 4 4
-2.318182e+00 -3.181818e-01 4 4 4
-2.318182e+00 -2.272727e-01 4 4 4
-2.318182e+00 -1.363636e-01 3 3 3
-2.318182e+00 -4.545455e-02 3 3 3
-2.318182e+00 4.545455e-02 4 3 3
-2.318182e+00 1.363636e-01 3 3 3
-2.318182e+00 2.272727e-01 3 3 3
-2.318182e+00 3.181818e-01 3 3 3
-2.318182e+00 4.090909e-01 3 3 3
-2.318182e+00 5.000000e-01 3 3 3
-2.318182e+00 5.909091e-01 2 3 3
-2.318182e+00 6.818182e-01 3 3 3
-2.318182e+00 7.727273e-01 3 3 3
-2.318182e+00 8.636364e-01 2 3 3
-2.318182e+00 9.545455e-01 3 3 3
-2.318182e+00 1.045455e+00 3 3 3
-2.318182e+00 1.136364e+00 3 3 3
-2.318182e+00 1.227273e+00 3 3 3
-2.318182e+00 1.318182e+00 3 3 3
-2.318182e+00 1.409091e+00 3 3 3
-2.318182e+00 1.500000e+00 3 3 3
-2.318182e+00 1.590909e+00 3 3 3
-2.318182e+00 1.681818e+00 3 3 3
-2.318182e+00 1.772727e+00 3 3 3
-2.318182e+00 1.863636e+00 3 3 3
-2.318182e+00 1.954545e+00 3 3 3
-2.318182e+00 2.045455e+00 3 3 3
-2.318182e+00 2.136364e+00 3 3 3
-2.318182e+00 2.227273e+00 3 3 3
-2.318182e+00 2.318182e+00 3 3 3
-2.318182e+00 2.409091e+00 3 3 3
-2.318182e+00 2.500000e+00 3 3 3
-2.318182e+00 2.590909e+00 3 3 3
-2.318182e+00 2.681818e+00 3 3 3
-2.318182e+00 2.772727e+00 3 3 3
-2.318182e+00 2.863636e+00 3 3 3
-2.318182e+00 2.954545e+00 3 3 3
-2.318182e+00 3.045455e+00 3 3 3
-2.318182e+00 3.136364e+00 3 3 3
-2.318182e+00 3.227273e+00 3 3 3
-2.318182e+00 3.318182e+00 3 3 3
-2.318182e+00 3.409091e+00 3 3 3
-2.318182e+00 3.500000e+00 3 3 3
-2.318182e+00 3.590909e+00 3 3 3
-2.318182e+00 3.681818e+00 3 3 3
-2.318182e+00 3.772727e+00 3 3 3
-2.318182e+00 3.863636e+00 3 3 3
-2.318182e+00 3.954545e+00 3 3 3
-2.318182e+00 4.045455e+00 4 4 3
-2.318182e+00 4.136364e+00 4 4 3
-2.318182e+00 4.227273e+00 1 3 3
-2.318182e+00 4.318182e+00 1 3 3
-2.318182e+00 4.409091e+00 1 4 3
-2.318182e+00 4.500000e+00 4 4 3

-2.227273e+00 -4.500000e+00 4 1 4
-2.227273e+00 -4.409091e+00 1 1 4
-2.227273e+00 -4.318182e+00 1 4 4
-2.227273e+00 -4.227273e+00 1 1 4
-2.227273e+00 -4.136364e+00 4 4 4
-2.227273e+00 -4.045455e+00 4 4 4
-2.227273e+00 -3.954545e+00 4 4 4
-2.227273e+00 -3.863636e+00 4 4 4
-2.227273e+00 -3.772727e+00 4 4 4
-2.227273e+00 -3.681818e+00 4 4 4
-2.227273e+00 -3.590909e+00 4 4 4
-2.227273e+00 -3.500000e+00 4 4 4
-2.227273e+00 -3.409091e+00 4 4 4
-2.227273e+00 -3.318182e+00 4 4 4
-2.227273e+00 -3.227273e+00 4 4 4
-2.227273e+00 -3.136364e+00 2 4 4
-2.227273e+00 -3.045455e+00 4 4 4
-2.227273e+00 -2.954545e+00 4 4 4
-2.227273e+00 -2.863636e+00 4 4 4
-2.227273e+00 -2.772727e+00 4 4 4
-2.227273e+00 -2.681818e+00 4 4 4
-2.227273e+00 -2.590909e+00 4 4 4
-2.227273e+00 -2.500000e+00 4 4 4
-2.227273e+00 -2.409091e+00 4 4 4
-2.227273e+00 -2.318182e+00 4 4 4
-2.227273e+00 -2.227273e+00 4 4 4
-2.227273e+00 -2.136364e+00 4 4 4
-2.227273e+00 -2.045455e+00 4 4 4
-2.227273e+00 -1.954545e+00 4 4 4
-2.227273e+00 -1.863636e+00 4 4 4
-2.227273e+00 -1.772727e+00 4 4 4
-2.227273e+00 -1.681818e+00 4 4 4
-2.227273e+00 -1.590909e+00 4 4 4
-2.227273e+00 -1.500000e+00 4 4 4
-2.227273e+00 -1.409091e+00 4 4 4
-2.227273e+00 -1.318182e+00 4 4 4
-2.227273e+00 -1.227273e+00 4 4 4
-2.227273e+00 -1.136364e+00 4 4 4
-2.227273e+00 -1.045455e+00 4 4 4
-2.227273e+00 -9.545455e-01 4 4 4
-2.227273e+00 -8.636364e-01 4 4 4
-2.227273e+00 -7.727273e-01 4 4 4
-2.227273e+00 -6.818182e-01 4 4 4
-2.227273e+00 -5.909091e-01 4 4 4
-2.227273e+00 -5.000000e-01 4 4 4
-2.227273e+00 -4.090909e-01 4 4 4
-2.227273e+00 -3.181818e-01 3 4 4
-2.227273e+00 -2.272727e-01 4 4 4
-2.227273e+00 -1.363636e-01 3 3 3
-2.227273e+00 -4.545455e-02 3 3 3
-2.227273e+00 4.545455e-02 3 3 3
-2.227273e+00 1.363636e-01 3 3 3
-2.227273e+00 2.272727e-01 3 3 3
-2.227273e+00 3.181818e-01 3 3 3
-2.227273e+00 4.090909e-01 3 3 3
-2.227273e+00 5.000000e-01 3 3 3
-2.227273e+00 5.909091e-01 3 3 3
-2.227273e+00 6.818182e-01 1 3 3
-2.227273e+00 7.727273e-01 2 3 3
-2.227273e+00 8.636364e-01 3 3 3
-2.227273e+00 9.545455e-01 3 3 3
-2.227273e+00 1.045455e+00 3 3 3
-2.227273e+00 1.136364e+00 3 3 3
-2.227273e+00 1.227273e+00 3 3 3
-2.227273e+00 1.318182e+00 3 3 3
-2.227273e+00 1.409091e+00 3 3 3
-2.227273e+00 1.500000e+00 3 3 3
-2.227273e+00 1.590909e+00 3 3 3
-2.227273e+00 1.681818e+00 3 3 3
-2.227273e+00 1.772727e+00 3 3 3
-2.227273e+00 1.863636e+00 3 3 3
-2.227273e+00 1.954545e+00 3 3 3
-2.227273e+00 2.045455e+00 3 3 3
-2.227273e+00 2.136364e+00 3 3 3
-2.227273e+00 2.227273e+00 3 3 3
-2.227273e+00 2.318182e+00 3 3 3
-2.227273e+00 2.409091e+00 3 3 3
-2.227273e+00 2.500000e+00 3 3 3
-2.227273e+00 2.590909e+00 3 3 3
-2.227273e+00 2.681818e+00 3 3 3
-2.227273e+00 2.772727e+00 3 3 3
-2.227273e+00 2.863636e+00 3 3 3
-2.227273e+00 2.954545e+00 3 3 3
-2.227273e+00 3.045455e+00 3 3 3
-2.227273e+00 3.136364e+00 3 3 3
-2.227273e+00 3.227273e+00 3 3 3
-2.227273e+00 3.318182e+00 3 3 3
-2.227273e+00 3.409091e+00 3 3 3
-2.227273e+00 3.500000e+00 3 3 3
-2.227273e+00 3.590909e+00 3 3 3
-2.227273e+00 3.681818e+00 3 3 3
-2.227273e+00 3.772727e+00 3 3 3
-2.227273e+00 3.863636e+00 3 3 3
-2.227273e+00 3.954545e+00 3 3 3
-2.227273e+00 4.045455e+00 4 4 3
-2.227273e+00 4.136364e+00 4 4 3
-2.227273e+00 4.227273e+00 1 3 3
-2.227273e+00 4.318182e+00 1 3 3
-2.227273e+00 4.409091e+00 1 4 3
-2.227273e+00 4.500000e+00 4 4 3

-2.136364e+00 -4.500000e+00 1 4 4
-2.136364e+00 -4.409091e+00 1 1 4
-2.136364e+00 -4.318182e+00 1 1 4
-2.136364e+00 -4.227273e+00 1 1 4
-2.136364e+00 -4.136364e+00 4 4 4
-2.136364e+00 -4.045455e+00 4 4 4
-2.136364e+00 -3.954545e+00 4 4 4
-2.136364e+00 -3.863636e+00 4 4 4
-2.136364e+00 -3.772727e+00 4 4 4
-2.136364e+00 -3.681818e+00 4 4 4
-2.136364e+00 -3.590909e+00 4 4 4
-2.136364e+00 -3.500000e+00 4 4 4
-2.136364e+00 -3.409091e+00 4 4 4
-2.136364e+00 -3.318182e+00 4 4 4
-2.136364e+00 -3.227273e+00 4 4 4
-2.136364e+00 -3.136364e+00 4 4 4
-2.136364e+00 -3.045455e+00 4 4 4
-2.136364e+00 -2.954545e+00 4 4 4
-2.136364e+00 -2.863636e+00 4 4 4
-2.136364e+00 -2.772727e+00 4 4 4
-2.136364e+00 -2.681818e+00 4 4 4
-2.136364e+00 -2.590909e+00 4 4 4
-2.136364e+00 -2.500000e+00 4 4 4
-2.136364e+00 -2.409091e+00 4 4 4
-2.136364e+00 -2.318182e+00 4 4 4
-2.136364e+00 -2.227273e+00 4 4 4
-2.136364e+00 -2.136364e+00 4 4 4
-2.136364e+00 -2.045455e+00 4 4 4
-2.136364e+00 -1.954545e+00 4 4 4
-2.136364e+00 -1.863636e+00 4 4 4
-2.136364e+00 -1.772727e+00 4 4 4
-2.136364e+00 -1.681818e+00 4 4 4
-2.136364e+00 -1.590909e+00 4 4 4
-2.136364e+00 -1.500000e+00 4 4 4
-2.136364e+00 -1.409091e+00 4 4 4
-2.136364e+00 -1.318182e+00 4 4 4
-2.136364e+00 -1.227273e+00 4 4 4
-2.136364e+00 -1.136364e+00 4 4 4
-2.136364e+00 -1.045455e+00 4 4 4
-2.136364e+00 -9.545455e-01 4 4 4
-2.136364e+00 -8.636364e-01 4 4 4
-2.136364e+00 -7.727273e-01 4 4 4
-2.136364e+00 -6.818182e-01 4 4 4
-2.136364e+00 -5.909091e-01 4 4 4
-2.136364e+00 -5.000000e-01 4 4 4
-2.136364e+00 -4.090909e-01 4 4 4
-2.136364e+00 -3.181818e-01 4 4 4
-2.136364e+00 -2.272727e-01 3 4 4
-2.136364e+00 -1.363636e-01 3 3 3
-2.136364e+00 -4.545455e-02 3 3 3
-2.136364e+00 4.545455e-02 3 3 3
-2.136364e+00 1.363636e-01 3 3 3
-2.136364e+00 2.272727e-01 3 3 3
-2.136364e+00 3.181818e-01 3 3 3
-2.136364e+00 4.090909e-01 3 3 3
-2.136364e+00 5.000000e-01 3 3 3
-2.136364e+00 5.909091e-01 3 3 3
-2.136364e+00 6.818182e-01 3 3 3
-2.136364e+00 7.727273e-01 3 3 3
-2.136364e+00 8.636364e-01 3 3 3
-2.136364e+00 9.545455e-01 3 3 3
-2.136364e+00 1.045455e+00 3 3 3
-2.136364e+00 1.136364e+00 3 3 3
-2.136364e+00 1.227273e+00 3 3 3
-2.136364e+00 1.318182e+00 3 3 3
-2.136364e+00 1.409091e+00 3 3 3
-2.136364e+00 1.500000e+00 3 3 3
-2.136364e+00 1.590909e+00 3 3 3
-2.136364e+00 1.681818e+00 3 3 3
-2.136364e+00 1.772727e+00 3 3 3
-2.136364e+00 1.863636e+00 3 3 3
-2.136364e+00 1.954545e+00 3 3 3
-2.136364e+00 2.045455e+00 3 3 3
-2.136364e+00 2.136364e+00 3 3 3
-2.136364e+00 2.227273e+00 3 3 3
-2.136364e+00 2.318182e+00 3 3 3
-2.136364e+00 2.409091e+00 3 3 3
-2.136364e+00 2.500000e+00 3 3 3
-2.136364e+00 2.590909e+00 3 3 3
-2.136364e+00 2.681818e+00 3 3 3
-2.136364e+00 2.772727e+00 3 3 3
-2.136364e+00 2.863636e+00 3 3 3
-2.136364e+00 2.954545e+00 3 3 3
-2.136364e+00 3.045455e+00 3 3 3
-2.136364e+00 3.136364e+00 3 3 3
-2.136364e+00 3.227273e+00 3 3 3
-2.136364e+00 3.318182e+00 3 3 3
-2.136364e+00 3.409091e+00 3 3 3
-2.136364e+00 3.500000e+00 3 3 3
-2.136364e+00 3.590909e+00 3 3 3
-2.136364e+00 3.681818e+00 3 3 3
-2.136364e+00 3.772727e+00 3 3 3
-2.136364e+00 3.863636e+00 3 3 3
-2.136364e+00 3.954545e+00 1 3 3
-2.136364e+00 4.045455e+00 4 4 3
-2.136364e+00 4.136364e+00 4 4 3
-2.136364e+00 4.227273e+00 1 3 3
-2.136364e+00 4.318182e+00 1 3 3
-2.136364e+00 4.409091e+00 2 4 3
-2.136364e+00 4.500000e+00 4 4 3

-2.045455e+00 -4.500000e+00 1 1 4
-2.045455e+00 -4.409091e+00 4 4 4
-2.045455e+00 -4.318182e+00 4 4 4
-2.045455e+00 -4.227273e+00 4 4 4
-2.045455e+00 -4.136364e+00 1 4 4
-2.045455e+00 -4.045455e+00 4 4 4
-2.045455e+00 -3.954545e+00 4 4 4
-2.045455e+00 -3.863636e+00 4 4 4
-2.045455e+00 -3.772727e+00 4 4 4
-2.045455e+00 -3.681818e+00 4 4 4
-2.045455e+00 -3.590909e+00 4 4 4
-2.045455e+00 -3.500000e+00 4 4 4
-2.045455e+00 -3.409091e+00 4 4 4
-2.045455e+00 -3.318182e+00 4 4 4
-2.045455e+00 -3.227273e+00 4 4 4
-2.045455e+00 -3.136364e+00 4 4 4
-2.045455e+00 -3.045455e+00 4 4 4
-2.045455e+00 -2.954545e+00 4 4 4
-2.045455e+00 -2.863636e+00 4 4 4
-2.045455e+00 -2.772727e+00 4 4 4
-2.045455e+00 -2.681818e+00 4 4 4
-2.045455e+00 -2.590909e+00 4 4 4
-2.045455e+00 -2.500000e+00 4 4 4
-2.045455e+00 -2.409091e+00 4 4 4
-2.045455e+00 -2.318182e+00 4 4 4
-2.045455e+00 -2.227273e+00 4 4 4
-2.045455e+00 -2.136364e+00 4 4 4
-2.045455e+00 -2.045455e+00 4 4 4
-2.045455e+00 -1.954545e+00 4 4 4
-2.045455e+00 -1.863636e+00 4 4 4
-2.045455e+00 -1.772727e+00 4 4 4
-2.045455e+00 -1.681818e+00 4 4 4
-2.045455e+00 -1.590909e+00 4 4 4
-2.045455e+00 -1.500000e+00 4 4 4
-2.045455e+00 -1.409091e+00 4 4 4
-2.045455e+00 -1.318182e+00 4 4 4
-2.045455e+00 -1.227273e+00 4 4 4
-2.045455e+00 -1.136364e+00 4 4 4
-2.045455e+00 -1.045455e+00 4 4 4
-2.045455e+00 -9.545455e-01 4 4 4
-2.045455e+00 -8.636364e-01 4 4 4
-2.045455e+00 -7.727273e-01 4 4 4
-2.045455e+00 -6.818182e-01 4 4 4
-2.045455e+00 -5.909091e-01 4 4 4
-2.045455e+00 -5.000000e-01 4 4 4
-2.045455e+00 -4.090909e-01 4 4 4
-2.045455e+00 -3.181818e-01 4 4 4
-2.045455e+00 -2.272727e-01 3 1 4
-2.045455e+00 -1.363636e-01 3 3 3
-2.045455e+00 -4.545455e-02 3 3 3
-2.045455e+00 4.545455e-02 3 3 3
-2.045455e+00 1.363636e-01 3 3 3
-2.045455e+00 2.272727e-01 3 3 3
-2.045455e+00 3.181818e-01 3 3 3
-2.045455e+00 4.090909e-01 3 3 3
-2.045455e+00 5.000000e-01 3 3 3
-2.045455e+00 5.909091e-01 3 3 3
-2.045455e+00 6.818182e-01 3 3 3
-2.045455e+00 7.727273e-01 3 3 3
-2.045455e+00 8.636364e-01 3 3 3
-2.045455e+00 9.545455e-01 3 3 3
-2.045455e+00 1.045455e+00 1 3 3
-2.045455e+00 1.136364e+00 3 3 3
-2.045455e+00 1.227273e+00 3 3 3
-2.045455e+00 1.318182e+00 3 3 3
-2.045455e+00 1.409091e+00 3 3 3
-2.045455e+00 1.500000e+00 3 3 3
-2.045455e+00 1.590909e+00 3 3 3
-2.045455e+00 1.681818e+00 2 3 3
-2.045455e+00 1.772727e+00 3 3 3
-2.045455e+00 1.863636e+00 3 3 3
-2.045455e+00 1.954545e+00 3 3 3
-2.045455e+00 2.045455e+00 3 3 3
-2.045455e+00 2.136364e+00 3 3 3
-2.045455e+00 2.227273e+00 3 3 3
-2.045455e+00 2.318182e+00 3 3 3
-2.045455e+00 2.409091e+00 3 3 3
-2.045455e+00 2.500000e+00 3 3 3
-2.045455e+00 2.590909e+00 3 3 3
-2.045455e+00 2.681818e+00 3 3 3
-2.045455e+00 2.772727e+00 3 3 3
-2.045455e+00 2.863636e+00 3 3 3
-2.045455e+00 2.954545e+00 3 3 3
-2.045455e+00 3.045455e+00 3 3 3
-2.045455e+00 3.136364e+00 3 3 3
-2.045455e+00 3.227273e+00 3 3 3
-2.045455e+00 3.318182e+00 3 3 3
-2.045455e+00 3.409091e+00 3 3 3
-2.045455e+00 3.500000e+00 3 3 3
-2.045455e+00 3.590909e+00 3 3 3
-2.045455e+00 3.681818e+00 3 3 3
-2.045455e+00 3.772727e+00 3 3 3
-2.045455e+00 3.863636e+00 3 3 3
-2.045455e+00 3.954545e+00 3 3 3
-2.045455e+00 4.045455e+00 4 4 3
-2.045455e+00 4.136364e+00 4 4 3
-2.045455e+00 4.227273e+00 3 3 3
-2.045455e+00 4.318182e+00 2 4 3
-2.045455e+00 4.409091e+00 4 4 3
-2.045455e+00 4.500000e+00 4 4 3

-1.954545e+00 -4.500000e+00 4 1 4
-1.954545e+00 -4.409091e+00 1 1 4
-1.954545e+00 -4.318182e+00 4 4 4
-1.954545e+00 -4.227273e+00 1 4 4
-1.954545e+00 -4.136364e+00 2 4 4
-1.954545e+00 -4.045455e+00 4 4 4
-1.954545e+00 -3.954545e+00 4 4 4
-1.954545e+00 -3.863636e+00 4 4 4
-1.954545e+00 -3.772727e+00 4 4 4
-1.954545e+00 -3.681818e+00 4 4 4
-1.954545e+00 -3.590909e+00 4 4 4
-1.954545e+00 -3.500000e+00 4 4 4
-1.954545e+00 -3.409091e+00 4 4 4
-1.954545e+00 -3.318182e+00 3 4 4
-1.954545e+00 -3.227273e+00 4 4 4
-1.954545e+00 -3.136364e+00 4 2 4
-1.954545e+00 -3.045455e+00 4 4 4
-1.954545e+00 -2.954545e+00 4 4 4
-1.954545e+00 -2.863636e+00 3 4 4
-1.954545e+00 -2.772727e+00 3 4 4
-1.954545e+00 -2.681818e+00 4 4 4
-1.954545e+00 -2.590909e+00 4 4 4
-1.954545e+00 -2.500000e+00 4 4 4
-1.954545e+00 -2.409091e+00 4 4 4
-1.954545e+00 -2.318182e+00 4 4 4
-1.954545e+00 -2.227273e+00 1 4 4
-1.954545e+00 -2.136364e+00 4 4 4
-1.954545e+00 -2.045455e+00 4 4 4
-1.954545e+00 -1.954545e+00 4 4 4
-1.954545e+00 -1.863636e+00 4 4 4
-1.954545e+00 -1.772727e+00 4 4 4
-1.954545e+00 -1.681818e+00 4 4 4
-1.954545e+00 -1.590909e+00 4 4 4
-1.954545e+00 -1.500000e+00 4 4 4
-1.954545e+00 -1.409091e+00 4 4 4
-1.954545e+00 -1.318182e+00 4 4 4
-1.954545e+00 -1.227273e+00 4 4 4
-1.954545e+00 -1.136364e+00 4 4 4
-1.954545e+00 -1.045455e+00 4 4 4
-1.954545e+00 -9.545455e-01 4 4 4
-1.954545e+00 -8.636364e-01 4 4 4
-1.954545e+00 -7.727273e-01 4 4 4
-1.954545e+00 -6.818182e-01 4 4 4
-1.954545e+00 -5.909091e-01 4 4 4
-1.954545e+00 -5.000000e-01 4 4 4
-1.954545e+00 -4.090909e-01 3 4 4
-1.954545e+00 -3.181818e-01 4 4 4
-1.954545e+00 -2.272727e-01 3 3 3
-1.954545e+00 -1.363636e-01 3 3 3
-1.954545e+00 -4.545455e-02 3 3 3
-1.954545e+00 4.545455e-02 3 3 3
-1.954545e+00 1.363636e-01 3 3 3
-1.954545e+00 2.272727e-01 3 3 3
-1.954545e+00 3.181818e-01 3 3 3
-1.954545e+00 4.090909e-01 3 3 3
-1.954545e+00 5.000000e-01 1 3 3
-1.954545e+00 5.909091e-01 3 3 3
-1.954545e+00 6.818182e-01 2 3 3
-1.954545e+00 7.727273e-01 3 3 3
-1.954545e+00 8.636364e-01 3 3 3
-1.954545e+00 9.545455e-01 3 3 3
-1.954545e+00 1.045455e+00 1 3 3
-1.954545e+00 1.136364e+00 3 3 3
-1.954545e+00 1.227273e+00 3 3 3
-1.954545e+00 1.318182e+00 3 3 3
-1.954545e+00 1.409091e+00 3 3 3
-1.954545e+00 1.500000e+00 3 3 3
-1.954545e+00 1.590909e+00 3 3 3
-1.954545e+00 1.681818e+00 3 3 3
-1.954545e+00 1.772727e+00 3 3 3
-1.954545e+00 1.863636e+00 3 3 3
-1.954545e+00 1.954545e+00 3 3 3
-1.954545e+00 2.045455e+00 3 3 3
-1.954545e+00 2.136364e+00 3 3 3
-1.954545e+00 2.227273e+00 3 3 3
-1.954545e+00 2.318182e+00 3 3 3
-1.954545e+00 2.409091e+00 3 3 3
-1.954545e+00 2.500000e+00 3 3 3
-1.954545e+00 2.590909e+00 3 3 3
-1.954545e+00 2.681818e+00 3 3 3
-1.954545e+00 2.772727e+00 3 3 3
-1.954545e+00 2.863636e+00 3 3 3
-1.954545e+00 2.954545e+00 3 3 3
-1.954545e+00 3.045455e+00 3 3 3
-1.954545e+00 3.136364e+00 3 3 3
-1.954545e+00 3.227273e+00 3 3 3
-1.954545e+00 3.318182e+00 3 3 3
-1.954545e+00 3.409091e+00 3 3 3
-1.954545e+00 3.500000e+00 3 3 3
-1.954545e+00 3.590909e+00 3 3 3
-1.954545e+00 3.681818e+00 3 3 3
-1.954545e+00 3.772727e+00 3 3 3
-1.954545e+00 3.863636e+00 3 3 3
-1.954545e+00 3.954545e+00 3 3 3
-1.954545e+00 4.045455e+00 4 4 3
-1.954545e+00 4.136364e+00 1 4 3
-1.954545e+00 4.227273e+00 3 3 3
-1.954545e+00 4.318182e+00 2 2 3
-1.954545e+00 4.409091e+00 4 4 3
-1.954545e+00 4.500000e+00 2 4 3

-1.863636e+00 -4.500000e+00 1 1 4
-1.863636e+00 -4.409091e+00 4 4 4
-1.863636e+00 -4.318182e+00 1 4 4
-1.863636e+00 -4.227273e+00 1 4 4
-1.863636e+00 -4.136364e+00 2 4 4
-1.863636e+00 -4.045455e+00 4 4 4
-1.863636e+00 -3.954545e+00 4 4 4
-1.863636e+00 -3.863636e+00 4 4 4
-1.863636e+00 -3.772727e+00 4 4 4
-1.863636e+00 -3.681818e+00 4 4 4
-1.863636e+00 -3.590909e+00 4 4 4
-1.863636e+00 -3.500000e+00 4 4 4
-1.863636e+00 -3.409091e+00 4 4 4
-1.863636e+00 -3.318182e+00 4 4 4
-1.863636e+00 -3.227273e+00 4 4 4
-1.863636e+00 -3.136364e+00 4 4 4
-1.863636e+00 -3.045455e+00 4 4 4
-1.863636e+00 -2.954545e+00 3 4 4
-1.863636e+00 -2.863636e+00 3 4 4
-1.863636e+00 -2.772727e+00 4 4 4
-1.863636e+00 -2.681818e+00 4 4 4
-1.863636e+00 -2.590909e+00 4 4 4
-1.863636e+00 -2.500000e+00 4 4 4
-1.863636e+00 -2.409091e+00 4 4 4
-1.863636e+00 -2.318182e+00 4 4 4
-1.863636e+00 -2.227273e+00 4 4 4
-1.863636e+00 -2.136364e+00 4 4 4
-1.863636e+00 -2.045455e+00 4 4 4
-1.863636e+00 -1.954545e+00 4 4 4
-1.863636e+00 -1.863636e+00 4 4 4
-1.863636e+00 -1.772727e+00 4 4 4
-1.863636e+00 -1.681818e+00 4 4 4
-1.863636e+00 -1.590909e+00 4 4 4
-1.863636e+00 -1.500000e+00 4 4 4
-1.863636e+00 -1.409091e+00 4 4 4
-1.863636e+00 -1.318182e+00 4 4 4
-1.863636e+00 -1.227273e+00 4 4 4
-1.863636e+00 -1.136364e+00 4 4 4
-1.863636e+00 -1.045455e+00 4 4 4
-1.863636e+00 -9.545455e-01 4 4 4
-1.863636e+00 -8.636364e-01 4 4 4
-1.863636e+00 -7.727273e-01 4 4 4
-1.863636e+00 -6.818182e-01 4 4 4
-1.863636e+00 -5.909091e-01 4 4 4
-1.863636e+00 -5.000000e-01 4 4 4
-1.863636e+00 -4.090909e-01 4 4 4
-1.863636e+00 -3.181818e-01 4 4 4
-1.863636e+00 -2.272727e-01 3 3 3
-1.863636e+00 -1.363636e-01 3 3 3
-1.863636e+00 -4.545455e-02 3 3 3
-1.863636e+00 4.545455e-02 3 0 3
-1.863636e+00 1.363636e-01 3 3 3
-1.863636e+00 2.272727e-01 3 3 3
-1.863636e+00 3.181818e-01 3 3 3
-1.863636e+00 4.090909e-01 3 3 3
-1.863636e+00 5.000000e-01 2 3 3
-1.863636e+00 5.909091e-01 3 3 3
-1.863636e+00 6.818182e-01 3 3 3
-1.863636e+00 7.727273e-01 2 3 3
-1.863636e+00 8.636364e-01 3 3 3
-1.863636e+00 9.545455e-01 3 3 3
-1.863636e+00 1.045455e+00 1 3 3
-1.863636e+00 1.136364e+00 3 3 3
-1.863636e+00 1.227273e+00 3 3 3
-1.863636e+00 1.318182e+00 3 3 3
-1.863636e+00 1.409091e+00 3 3 3
-1.863636e+00 1.500000e+00 3 3 3
-1.863636e+00 1.590909e+00 3 3 3
-1.863636e+00 1.681818e+00 3 3 3
-1.863636e+00 1.772727e+00 3 3 3
-1.863636e+00 1.863636e+00 3 3 3
-1.863636e+00 1.954545e+00 3 3 3
-1.863636e+00 2.045455e+00 3 3 3
-1.863636e+00 2.136364e+00 3 3 3
-1.863636e+00 2.227273e+00 3 3 3
-1.863636e+00 2.318182e+00 3 3 3
-1.863636e+00 2.409091e+00 3 3 3
-1.863636e+00 2.500000e+00 3 3 3
-1.863636e+00 2.590909e+00 3 3 3
-1.863636e+00 2.681818e+00 3 3 3
-1.863636e+00 2.772727e+00 3 3 3
-1.863636e+00 2.863636e+00 3 3 3
-1.863636e+00 2.954545e+00 3 3 3
-1.863636e+00 3.045455e+00 3 3 3
-1.863636e+00 3.136364e+00 3 3 3
-1.863636e+00 3.227273e+00 3 3 3
-1.863636e+00 3.318182e+00 3 3 3
-1.863636e+00 3.409091e+00 3 3 3
-1.863636e+00 3.500000e+00 3 3 3
-1.863636e+00 3.590909e+00 3 3 3
-1.863636e+00 3.681818e+00 3 3 3
-1.863636e+00 3.772727e+00 3 3 3
-1.863636e+00 3.863636e+00 3 3 3
-1.863636e+00 3.954545e+00 3 3 3
-1.863636e+00 4.045455e+00 4 4 3
-1.863636e+00 4.136364e+00 1 4 3
-1.863636e+00 4.227273e+00 3 3 3
-1.863636e+00 4.318182e+00 4 4 3
-1.863636e+00 4.409091e+00 4 4 3
-1.863636e+00 4.500000e+00 4 4 3

-1.772727e+00 -4.500000e+00 1 1 4
-1.772727e+00 -4.409091e+00 2 4 4
-1.772727e+00 -4.318182e+00 1 4 4
-1.772727e+00 -4.227273e+00 1 4 4
-1.772727e+00 -4.136364e+00 4 4 4
-1.772727e+00 -4.045455e+00 4 4 4
-1.772727e+00 -3.954545e+00 4 4 4
-1.772727e+00 -3.863636e+00 1 4 4
-1.772727e+00 -3.772727e+00 4 4 4
-1.772727e+00 -3.681818e+00 4 4 4
-1.772727e+00 -3.590909e+00 4 4 4
-1.772727e+00 -3.500000e+00 4 4 4
-1.772727e+00 -3.409091e+00 4 4 4
-1.772727e+00 -3.318182e+00 4 4 4
-1.772727e+00 -3.227273e+00 4 4 4
-1.772727e+00 -3.136364e+00 4 4 4
-1.772727e+00 -3.045455e+00 3 4 4
-1.772727e+00 -2.954545e+00 3 4 4
-1.772727e+00 -2.863636e+00 4 4 4
-1.772727e+00 -2.772727e+00 4 4 4
-1.772727e+00 -2.681818e+00 4 4 4
-1.772727e+00 -2.590909e+00 4 4 4
-1.772727e+00 -2.500000e+00 4 4 4
-1.772727e+00 -2.409091e+00 4 4 4
-1.772727e+00 -2.318182e+00 4 4 4
-1.772727e+00 -2.227273e+00 4 4 4
-1.772727e+00 -2.136364e+00 4 4 4
-1.772727e+00 -2.045455e+00 4 4 4
-1.772727e+00 -1.954545e+00 4 4 4
-1.772727e+00 -1.863636e+00 4 4 4
-1.772727e+00 -1.772727e+00 4 4 4
-1.772727e+00 -1.681818e+00 4 4 4
-1.772727e+00 -1.590909e+00 4 4 4
-1.772727e+00 -1.500000e+00 4 4 4
-1.772727e+00 -1.409091e+00 4 4 4
-1.772727e+00 -1.318182e+00 4 4 4
-1.772727e+00 -1.227273e+00 4 4 4
-1.772727e+00 -1.136364e+00 4 4 4
-1.772727e+00 -1.045455e+00 4 4 4
-1.772727e+00 -9.545455e-01 4 4 4
-1.772727e+00 -8.636364e-01 4 4 4
-1.772727e+00 -7.727273e-01 4 4 4
-1.772727e+00 -6.818182e-01 4 4 4
-1.772727e+00 -5.909091e-01 1 4 4
-1.772727e+00 -5.000000e-01 4 4 4
-1.772727e+00 -4.090909e-01 4 4 4
-1.772727e+00 -3.181818e-01 4 4 4
-1.772727e+00 -2.272727e-01 3 3 3
-1.772727e+00 -1.363636e-01 3 3 3
-1.772727e+00 -4.545455e-02 3 3 3
-1.772727e+00 4.545455e-02 3 3 3
-1.772727e+00 1.363636e-01 3 3 3
-1.772727e+00 2.272727e-01 3 3 3
-1.772727e+00 3.181818e-01 3 3 3
-1.772727e+00 4.090909e-01 3 3 3
-1.772727e+00 5.000000e-01 3 3 3
-1.772727e+00 5.909091e-01 3 3 3
-1.772727e+00 6.818182e-01 3 3 3
-1.772727e+00 7.727273e-01 2 3 3
-1.772727e+00 8.636364e-01 3 3 3
-1.772727e+00 9.545455e-01 3 3 3
-1.772727e+00 1.045455e+00 1 3 3
-1.772727e+00 1.136364e+00 1 3 3
-1.772727e+00 1.227273e+00 3 3 3
-1.772727e+00 1.318182e+00 3 3 3
-1.772727e+00 1.409091e+00 3 3 3
-1.772727e+00 1.500000e+00 3 3 3
-1.772727e+00 1.590909e+00 3 3 3
-1.772727e+00 1.681818e+00 3 3 3
-1.772727e+00 1.772727e+00 3 3 3
-1.772727e+00 1.863636e+00 3 3 3
-1.772727e+00 1.954545e+00 3 3 3
-1.772727e+00 2.045455e+00 3 3 3
-1.772727e+00 2.136364e+00 3 3 3
-1.772727e+00 2.227273e+00 3 3 3
-1.772727e+00 2.318182e+00 3 3 3
-1.772727e+00 2.409091e+00 3 3 3
-1.772727e+00 2.500000e+00 3 3 3
-1.772727e+00 2.590909e+00 3 3 3
-1.772727e+00 2.681818e+00 3 3 3
-1.772727e+00 2.772727e+00 3 3 3
-1.772727e+00 2.863636e+00 3 3 3
-1.772727e+00 2.954545e+00 3 3 3
-1.772727e+00 3.045455e+00 3 3 3
-1.772727e+00 3.136364e+00 3 3 3
-1.772727e+00 3.227273e+00 3 3 3
-1.772727e+00 3.318182e+00 3 3 3
-1.772727e+00 3.409091e+00 3 3 3
-1.772727e+00 3.500000e+00 3 3 3
-1.772727e+00 3.590909e+00 3 3 3
-1.772727e+00 3.681818e+00 3 3 3
-1.772727e+00 3.772727e+00 3 3 3
-1.772727e+00 3.863636e+00 3 3 3
-1.772727e+00 3.954545e+00 3 3 3
-1.772727e+00 4.045455e+00 4 4 3
-1.772727e+00 4.136364e+00 4 4 3
-1.772727e+00 4.227273e+00 3 3 3
-1.772727e+00 4.318182e+00 4 4 3
-1.772727e+00 4.409091e+00 4 4 3
-1.772727e+00 4.500000e+00 4 4 3

-1.681818e+00 -4.500000e+00 4 4 4
-1.681818e+00 -4.409091e+00 4 4 4
-1.681818e+00 -4.318182e+00 1 4 4
-1.681818e+00 -4.227273e+00 1 4 4
-1.681818e+00 -4.136364e+00 4 4 4
-1.681818e+00 -4.045455e+00 4 4 4
-1.681818e+00 -3.954545e+00 1 4 4
-1.681818e+00 -3.863636e+00 1 4 4
-1.681818e+00 -3.772727e+00 4 4 4
-1.681818e+00 -3.681818e+00 4 4 4
-1.681818e+00 -3.590909e+00 4 4 4
-1.681818e+00 -3.500000e+00 3 3 4
-1.681818e+00 -3.409091e+00 3 3 4
-1.681818e+00 -3.318182e+00 4 4 4
-1.681818e+00 -3.227273e+00 4 4 4
-1.681818e+00 -3.136364e+00 4 4 4
-1.681818e+00 -3.045455e+00 4 4 4
-1.681818e+00 -2.954545e+00 4 4 4
-1.681818e+00 -2.863636e+00 4 4 4
-1.681818e+00 -2.772727e+00 4 4 4
-1.681818e+00 -2.681818e+00 4 4 4
-1.681818e+00 -2.590909e+00 4 4 4
-1.681818e+00 -2.500000e+00 4 4 4
-1.681818e+00 -2.409091e+00 4 4 4
-1.681818e+00 -2.318182e+00 4 4 4
-1.681818e+00 -2.227273e+00 4 4 4
-1.681818e+00 -2.136364e+00 4 4 4
-1.681818e+00 -2.045455e+00 4 4 4
-1.681818e+00 -1.954545e+00 4 4 4
-1.681818e+00 -1.863636e+00 4 4 4
-1.681818e+00 -1.772727e+00 4 4 4
-1.681818e+00 -1.681818e+00 4 4 4
-1.681818e+00 -1.590909e+00 4 4 4
-1.681818e+00 -1.500000e+00 4 4 4
-1.681818e+00 -1.409091e+00 3 4 4
-1.681818e+00 -1.318182e+00 4 4 4
-1.681818e+00 -1.227273e+00 4 4 4
-1.681818e+00 -1.136364e+00 4 4 4
-1.681818e+00 -1.045455e+00 4 4 4
-1.681818e+00 -9.545455e-01 4 4 4
-1.681818e+00 -8.636364e-01 4 4 4
-1.681818e+00 -7.727273e-01 4 4 4
-1.681818e+00 -6.818182e-01 4 4 4
-1.681818e+00 -5.909091e-01 4 4 4
-1.681818e+00 -5.000000e-01 3 4 4
-1.681818e+00 -4.090909e-01 4 4 4
-1.681818e+00 -3.181818e-01 4 4 4
-1.681818e+00 -2.272727e-01 3 3 3
-1.681818e+00 -1.363636e-01 4 3 3
-1.681818e+00 -4.545455e-02 3 3 3
-1.681818e+00 4.545455e-02 3 3 3
-1.681818e+00 1.363636e-01 3 3 3
-1.681818e+00 2.272727e-01 3 3 3
-1.681818e+00 3.181818e-01 3 3 3
-1.681818e+00 4.090909e-01 3 3 3
-1.681818e+00 5.000000e-01 3 3 3
-1.681818e+00 5.909091e-01 3 3 3
-1.681818e+00 6.818182e-01 1 3 3
-1.681818e+00 7.727273e-01 3 3 3
-1.681818e+00 8.636364e-01 2 3 3
-1.681818e+00 9.545455e-01 3 3 3
-1.681818e+00 1.045455e+00 3 3 3
-1.681818e+00 1.136364e+00 3 4 3
-1.681818e+00 1.227273e+00 3 3 3
-1.681818e+00 1.318182e+00 3 3 3
-1.681818e+00 1.409091e+00 3 3 3
-1.681818e+00 1.500000e+00 3 3 3
-1.681818e+00 1.590909e+00 3 3 3
-1.681818e+00 1.681818e+00 3 3 3
-1.681818e+00 1.772727e+00 3 3 3
-1.681818e+00 1.863636e+00 3 3 3
-1.681818e+00 1.954545e+00 3 3 3
-1.681818e+00 2.045455e+00 3 3 3
-1.681818e+00 2.136364e+00 3 3 3
-1.681818e+00 2.227273e+00 3 3 3
-1.681818e+00 2.318182e+00 3 3 3
-1.681818e+00 2.409091e+00 3 3 3
-1.681818e+00 2.500000e+00 3 3 3
-1.681818e+00 2.590909e+00 3 3 3
-1.681818e+00 2.681818e+00 3 3 3
-1.681818e+00 2.772727e+00 3 3 3
-1.681818e+00 2.863636e+00 3 3 3
-1.681818e+00 2.954545e+00 3 3 3
-1.681818e+00 3.045455e+00 3 3 3
-1.681818e+00 3.136364e+00 3 3 3
-1.681818e+00 3.227273e+00 3 3 3
-1.681818e+00 3.318182e+00 3 3 3
-1.681818e+00 3.409091e+00 3 3 3
-1.681818e+00 3.500000e+00 3 3 3
-1.681818e+00 3.590909e+00 1 3 3
-1.681818e+00 3.681818e+00 3 3 3
-1.681818e+00 3.772727e+00 3 3 3
-1.681818e+00 3.863636e+00 3 3 3
-1.681818e+00 3.954545e+00 4 4 3
-1.681818e+00 4.045455e+00 4 4 3
-1.681818e+00 4.136364e+00 4 4 3
-1.681818e+00 4.227273e+00 3 3 3
-1.681818e+00 4.318182e+00 4 4 3
-1.681818e+00 4.409091e+00 4 4 3
-1.681818e+00 4.500000e+00 4 4 3

-1.590909e+00 -4.500000e+00 3 3 4
-1.590909e+00 -4.409091e+00 3 3 4
-1.590909e+00 -4.318182e+00 3 3 4
-1.590909e+00 -4.227273e+00 4 4 4
-1.590909e+00 -4.136364e+00 4 4 4
-1.590909e+00 -4.045455e+00 1 4 4
-1.590909e+00 -3.954545e+00 1 4 4
-1.590909e+00 -3.863636e+00 1 4 4
-1.590909e+00 -3.772727e+00 1 4 4
-1.590909e+00 -3.681818e+00 3 3 4
-1.590909e+00 -3.590909e+00 4 3 4
-1.590909e+00 -3.500000e+00 3 3 4
-1.590909e+00 -3.409091e+00 1 1 4
-1.590909e+00 -3.318182e+00 4 4 4
-1.590909e+00 -3.227273e+00 4 4 4
-1.590909e+00 -3.136364e+00 4 4 4
-1.590909e+00 -3.045455e+00 4 4 4
-1.590909e+00 -2.954545e+00 4 4 4
-1.590909e+00 -2.863636e+00 4 4 4
-1.590909e+00 -2.772727e+00 4 4 4
-1.590909e+00 -2.681818e+00 4 4 4
-1.590909e+00 -2.590909e+00 4 4 4
-1.590909e+00 -2.500000e+00 4 4 4
-1.590909e+00 -2.409091e+00 4 4 4
-1.590909e+00 -2.318182e+00 4 4 4
-1.590909e+00 -2.227273e+00 4 4 4
-1.590909e+00 -2.136364e+00 4 4 4
-1.590909e+00 -2.045455e+00 4 4 4
-1.590909e+00 -1.954545e+00 4 4 4
-1.590909e+00 -1.863636e+00 4 4 4
-1.590909e+00 -1.772727e+00 4 4 4
-1.590909e+00 -1.681818e+00 4 4 4
-1.590909e+00 -1.590909e+00 4 4 4
-1.590909e+00 -1.500000e+00 4 4 4
-1.590909e+00 -1.409091e+00 4 4 4
-1.590909e+00 -1.318182e+00 4 4 4
-1.590909e+00 -1.227273e+00 4 4 4
-1.590909e+00 -1.136364e+00 4 4 4
-1.590909e+00 -1.045455e+00 4 4 4
-1.590909e+00 -9.545455e-01 4 4 4
-1.590909e+00 -8.636364e-01 4 4 4
-1.590909e+00 -7.727273e-01 4 4 4
-1.590909e+00 -6.818182e-01 4 4 4
-1.590909e+00 -5.909091e-01 4 4 4
-1.590909e+00 -5.000000e-01 4 4 4
-1.590909e+00 -4.090909e-01 4 4 4
-1.590909e+00 -3.181818e-01 4 4 4
-1.590909e+00 -2.272727e-01 3 3 3
-1.590909e+00 -1.363636e-01 3 3 3
-1.590909e+00 -4.545455e-02 3 3 3
-1.590909e+00 4.545455e-02 2 3 3
-1.590909e+00 1.363636e-01 3 3 3
-1.590909e+00 2.272727e-01 3 3 3
-1.590909e+00 3.181818e-01 3 3 3
-1.590909e+00 4.090909e-01 3 3 3
-1.590909e+00 5.000000e-01 3 3 3
-1.590909e+00 5.909091e-01 3 3 3
-1.590909e+00 6.818182e-01 3 3 3
-1.590909e+00 7.727273e-01 3 3 3
-1.590909e+00 8.636364e-01 3 3 3
-1.590909e+00 9.545455e-01 2 3 3
-1.590909e+00 1.045455e+00 3 3 3
-1.590909e+00 1.136364e+00 3 1 3
-1.590909e+00 1.227273e+00 3 2 3
-1.590909e+00 1.318182e+00 3 3 3
-1.590909e+00 1.409091e+00 3 3 3
-1.590909e+00 1.500000e+00 3 3 3
-1.590909e+00 1.590909e+00 3 3 3
-1.590909e+00 1.681818e+00 3 3 3
-1.590909e+00 1.772727e+00 3 3 3
-1.590909e+00 1.863636e+00 3 3 3
-1.590909e+00 1.954545e+00 3 3 3
-1.590909e+00 2.045455e+00 3 3 3
-1.590909e+00 2.136364e+00 3 3 3
-1.590909e+00 2.227273e+00 3 3 3
-1.590909e+00 2.318182e+00 3 3 3
-1.590909e+00 2.409091e+00 3 3 3
-1.590909e+00 2.500000e+00 3 3 3
-1.590909e+00 2.590909e+00 3 3 3
-1.590909e+00 2.681818e+00 3 3 3
-1.590909e+00 2.772727e+00 3 3 3
-1.590909e+00 2.863636e+00 3 3 3
-1.590909e+00 2.954545e+00 3 3 3
-1.590909e+00 3.045455e+00 3 3 3
-1.590909e+00 3.136364e+00 3 3 3
-1.590909e+00 3.227273e+00 3 3 3
-1.590909e+00 3.318182e+00 3 3 3
-1.590909e+00 3.409091e+00 3 3 3
-1.590909e+00 3.500000e+00 3 3 3
-1.590909e+00 3.590909e+00 2 3 3
-1.590909e+00 3.681818e+00 3 3 3
-1.590909e+00 3.772727e+00 3 3 3
-1.590909e+00 3.863636e+00 3 3 3
-1.590909e+00 3.954545e+00 4 4 3
-1.590909e+00 4.045455e+00 4 4 3
-1.590909e+00 4.136364e+00 4 4 3
-1.590909e+00 4.227273e+00 4 4 3
-1.590909e+00 4.318182e+00 4 4 3
-1.590909e+00 4.409091e+00 4 4 3
-1.590909e+00 4.500000e+00 4 4 3

-1.500000e+00 -4.500000e+00 3 3 4
-1.500000e+00 -4.409091e+00 3 3 4
-1.500000e+00 -4.318182e+00 3 3 4
-1.500000e+00 -4.227273e+00 3 3 4
-1.500000e+00 -4.136364e+00 3 3 4
-1.500000e+00 -4.045455e+00 3 3 4
-1.500000e+00 -3.954545e+00 3 3 4
-1.500000e+00 -3.863636e+00 3 3 4
-1.500000e+00 -3.772727e+00 1 3 4
-1.500000e+00 -3.681818e+00 1 3 4
-1.500000e+00 -3.590909e+00 2 3 4
-1.500000e+00 -3.500000e+00 1 2 4
-1.500000e+00 -3.409091e+00 4 4 4
-1.500000e+00 -3.318182e+00 4 4 4
-1.500000e+00 -3.227273e+00 4 4 4
-1.500000e+00 -3.136364e+00 4 4 4
-1.500000e+00 -3.045455e+00 4 4 4
-1.500000e+00 -2.954545e+00 4 4 4
-1.500000e+00 -2.863636e+00 4 4 4
-1.500000e+00 -2.772727e+00 4 4 4
-1.500000e+00 -2.681818e+00 4 4 4
-1.500000e+00 -2.590909e+00 4 4 4
-1.500000e+00 -2.500000e+00 4 4 4
-1.500000e+00 -2.409091e+00 4 4 4
-1.500000e+00 -2.318182e+00 4 4 4
-1.500000e+00 -2.227273e+00 4 4 4
-1.500000e+00 -2.136364e+00 4 4 4
-1.500000e+00 -2.045455e+00 4 4 4
-1.500000e+00 -1.954545e+00 4 4 4
-1.500000e+00 -1.863636e+00 4 4 4
-1.500000e+00 -1.772727e+00 4 4 4
-1.500000e+00 -1.681818e+00 4 4 4
-1.500000e+00 -1.590909e+00 4 4 4
-1.500000e+00 -1.500000e+00 4 4 4
-1.500000e+00 -1.409091e+00 4 4 4
-1.500000e+00 -1.318182e+00 4 4 4
-1.500000e+00 -1.227273e+00 4 4 4
-1.500000e+00 -1.136364e+00 4 4 4
-1.500000e+00 -1.045455e+00 4 4 4
-1.500000e+00 -9.545455e-01 4 4 4
-1.500000e+00 -8.636364e-01 4 4 4
-1.500000e+00 -7.727273e-01 4 4 4
-1.500000e+00 -6.818182e-01 4 4 4
-1.500000e+00 -5.909091e-01 4 4 4
-1.500000e+00 -5.000000e-01 4 4 4
-1.500000e+00 -4.090909e-01 4 4 4
-1.500000e+00 -3.181818e-01 3 3 4
-1.500000e+00 -2.272727e-01 3 3 3
-1.500000e+00 -1.363636e-01 3 3 3
-1.500000e+00 -4.545455e-02 3 3 3
-1.500000e+00 4.545455e-02 3 3 3
-1.500000e+00 1.363636e-01 3 3 3
-1.500000e+00 2.272727e-01 3 3 3
-1.500000e+00 3.181818e-01 3 3 3
-1.500000e+00 4.090909e-01 3 3 3
-1.500000e+00 5.000000e-01 3 3 3
-1.500000e+00 5.909091e-01 3 3 3
-1.500000e+00 6.818182e-01 3 3 3
-1.500000e+00 7.727273e-01 3 3 3
-1.500000e+00 8.636364e-01 3 3 3
-1.500000e+00 9.545455e-01 3 3 3
-1.500000e+00 1.045455e+00 3 3 3
-1.500000e+00 1.136364e+00 3 3 3
-1.500000e+00 1.227273e+00 3 3 3
-1.500000e+00 1.318182e+00 3 3 3
-1.500000e+00 1.409091e+00 3 3 3
-1.500000e+00 1.500000e+00 3 3 3
-1.500000e+00 1.590909e+00 3 3 3
-1.500000e+00 1.681818e+00 3 3 3
-1.500000e+00 1.772727e+00 3 3 3
-1.500000e+00 1.863636e+00 3 3 3
-1.500000e+00 1.954545e+00 3 3 3
-1.500000e+00 2.045455e+00 3 3 3
-1.500000e+00 2.136364e+00 3 3 3
-1.500000e+00 2.227273e+00 3 3 3
-1.500000e+00 2.318182e+00 3 3 3
-1.500000e+00 2.409091e+00 3 3 3
-1.500000e+00 2.500000e+00 3 3 3
-1.500000e+00 2.590909e+00 3 3 3
-1.500000e+00 2.681818e+00 3 3 3
-1.500000e+00 2.772727e+00 3 3 3
-1.500000e+00 2.863636e+00 3 3 3
-1.500000e+00 2.954545e+00 3 3 3
-1.500000e+00 3.045455e+00 3 3 3
-1.500000e+00 3.136364e+00 3 3 3
-1.500000e+00 3.227273e+00 3 3 3
-1.500000e+00 3.318182e+00 3 3 3
-1.500000e+00 3.409091e+00 3 3 3
-1.500000e+00 3.500000e+00 3 3 3
-1.500000e+00 3.590909e+00 3 3 3
-1.500000e+00 3.681818e+00 3 3 3
-1.500000e+00 3.772727e+00 3 3 3
-1.500000e+00 3.863636e+00 3 3 3
-1.500000e+00 3.954545e+00 4 4 3
-1.500000e+00 4.045455e+00 4 4 3
-1.500000e+00 4.136364e+00 2 2 3
-1.500000e+00 4.227273e+00 4 4 3
-1.500000e+00 4.318182e+00 4 4 3
-1.500000e+00 4.409091e+00 4 4 3
-1.500000e+00 4.500000e+00 3 4 3

-1.409091e+00 -4.500000e+00 3 3 4
-1.409091e+00 -4.409091e+00 3 3 4
-1.409091e+00 -4.318182e+00 2 3 4
-1.409091e+00 -4.227273e+00 3 3 4
-1.409091e+00 -4.136364e+00 3 3 4
-1.409091e+00 -4.045455e+00 3 3 4
-1.409091e+00 -3.954545e+00 3 3 4
-1.409091e+00 -3.863636e+00 2 3 4
-1.409091e+00 -3.772727e+00 2 3 4
-1.409091e+00 -3.681818e+00 4 3 4
-1.409091e+00 -3.590909e+00 1 3 4
-1.409091e+00 -3.500000e+00 1 1 4
-1.409091e+00 -3.409091e+00 4 4 4
-1.409091e+00 -3.318182e+00 4 4 4
-1.409091e+00 -3.227273e+00 4 4 4
-1.409091e+00 -3.136364e+00 4 4 4
-1.409091e+00 -3.045455e+00 4 4 4
-1.409091e+00 -2.954545e+00 4 4 4
-1.409091e+00 -2.863636e+00 4 4 4
-1.409091e+00 -2.772727e+00 4 4 4
-1.409091e+00 -2.681818e+00 4 4 4
-1.409091e+00 -2.590909e+00 4 4 4
-1.409091e+00 -2.500000e+00 4 4 4
-1.409091e+00 -2.409091e+00 4 4 4
-1.409091e+00 -2.318182e+00 4 4 4
-1.409091e+00 -2.227273e+00 4 4 4
-1.409091e+00 -2.136364e+00 4 4 4
-1.409091e+00 -2.045455e+00 4 4 4
-1.409091e+00 -1.954545e+00 4 4 4
-1.409091e+00 -1.863636e+00 4 4 4
-1.409091e+00 -1.772727e+00 4 4 4
-1.409091e+00 -1.681818e+00 4 4 4
-1.409091e+00 -1.590909e+00 4 4 4
-1.409091e+00 -1.500000e+00 4 4 4
-1.409091e+00 -1.409091e+00 4 4 4
-1.409091e+00 -1.318182e+00 4 4 4
-1.409091e+00 -1.227273e+00 4 4 4
-1.409091e+00 -1.136364e+00 4 4 4
-1.409091e+00 -1.045455e+00 4 4 4
-1.409091e+00 -9.545455e-01 4 4 4
-1.409091e+00 -8.636364e-01 4 4 4
-1.409091e+00 -7.727273e-01 4 4 4
-1.409091e+00 -6.818182e-01 4 4 4
-1.409091e+00 -5.909091e-01 4 4 4
-1.409091e+00 -5.000000e-01 4 4 4
-1.409091e+00 -4.090909e-01 4 4 4
-1.409091e+00 -3.181818e-01 3 3 3
-1.409091e+00 -2.272727e-01 3 3 3
-1.409091e+00 -1.363636e-01 3 3 3
-1.409091e+00 -4.545455e-02 3 3 3
-1.409091e+00 4.545455e-02 3 3 3
-1.409091e+00 1.363636e-01 3 3 3
-1.409091e+00 2.272727e-01 3 3 3
-1.409091e+00 3.181818e-01 3 3 3
-1.409091e+00 4.090909e-01 3 3 3
-1.409091e+00 5.000000e-01 3 3 3
-1.409091e+00 5.909091e-01 3 3 3
-1.409091e+00 6.818182e-01 3 3 3
-1.409091e+00 7.727273e-01 3 3 3
-1.409091e+00 8.636364e-01 3 3 3
-1.409091e+00 9.545455e-01 3 3 3
-1.409091e+00 1.045455e+00 3 3 3
-1.409091e+00 1.136364e+00 3 2 3
-1.409091e+00 1.227273e+00 3 3 3
-1.409091e+00 1.318182e+00 3 3 3
-1.409091e+00 1.409091e+00 3 3 3
-1.409091e+00 1.500000e+00 3 3 3
-1.409091e+00 1.590909e+00 3 3 3
-1.409091e+00 1.681818e+00 3 3 3
-1.409091e+00 1.772727e+00 3 3 3
-1.409091e+00 1.863636e+00 3 3 3
-1.409091e+00 1.954545e+00 3 3 3
-1.409091e+00 2.045455e+00 3 3 3
-1.409091e+00 2.136364e+00 3 3 3
-1.409091e+00 2.227273e+00 3 3 3
-1.409091e+00 2.318182e+00 3 3 3
-1.409091e+00 2.409091e+00 3 3 3
-1.409091e+00 2.500000e+00 3 3 3
-1.409091e+00 2.590909e+00 3 3 3
-1.409091e+00 2.681818e+00 3 3 3
-1.409091e+00 2.772727e+00 3 3 3
-1.409091e+00 2.863636e+00 3 3 3
-1.409091e+00 2.954545e+00 1 3 3
-1.409091e+00 3.045455e+00 3 3 3
-1.409091e+00 3.136364e+00 3 3 3
-1.409091e+00 3.227273e+00 3 3 3
-1.409091e+00 3.318182e+00 3 3 3
-1.409091e+00 3.409091e+00 3 3 3
-1.409091e+00 3.500000e+00 3 3 3
-1.409091e+00 3.590909e+00 3 3 3
-1.409091e+00 3.681818e+00 3 3 3
-1.409091e+00 3.772727e+00 3 3 3
-1.409091e+00 3.863636e+00 3 3 3
-1.409091e+00 3.954545e+00 4 4 3
-1.409091e+00 4.045455e+00 4 4 3
-1.409091e+00 4.136364e+00 4 4 3
-1.409091e+00 4.227273e+00 4 4 3
-1.409091e+00 4.318182e+00 4 4 3
-1.409091e+00 4.409091e+00 4 4 3
-1.409091e+00 4.500000e+00 4 4 3

-1.318182e+00 -4.500000e+00 3 3 4
-1.318182e+00 -4.409091e+00 3 3 4
-1.318182e+00 -4.318182e+00 3 3 4
-1.318182e+00 -4.227273e+00 3 3 4
-1.318182e+00 -4.136364e+00 3 3 4
-1.318182e+00 -4.045455e+00 3 3 4
-1.318182e+00 -3.954545e+00 2 3 4
-1.318182e+00 -3.863636e+00 1 3 4
-1.318182e+00 -3.772727e+00 1 3 4
-1.318182e+00 -3.681818e+00 1 1 4
-1.318182e+00 -3.590909e+00 2 1 4
-1.318182e+00 -3.500000e+00 4 4 4
-1.318182e+00 -3.409091e+00 4 4 4
-1.318182e+00 -3.318182e+00 4 4 4
-1.318182e+00 -3.227273e+00 4 4 4
-1.318182e+00 -3.136364e+00 4 4 4
-1.318182e+00 -3.045455e+00 4 4 4
-1.318182e+00 -2.954545e+00 4 4 4
-1.318182e+00 -2.863636e+00 4 4 4
-1.318182e+00 -2.772727e+00 4 4 4
-1.318182e+00 -2.681818e+00 4 4 4
-1.318182e+00 -2.590909e+00 4 4 4
-1.318182e+00 -2.500000e+00 3 4 4
-1.318182e+00 -2.409091e+00 4 2 4
-1.318182e+00 -2.318182e+00 4 4 4
-1.318182e+00 -2.227273e+00 4 4 4
-1.318182e+00 -2.136364e+00 4 4 4
-1.318182e+00 -2.045455e+00 4 4 4
-1.318182e+00 -1.954545e+00 4 4 4
-1.318182e+00 -1.863636e+00 4 4 4
-1.318182e+00 -1.772727e+00 4 4 4
-1.318182e+00 -1.681818e+00 4 4 4
-1.318182e+00 -1.590909e+00 4 4 4
-1.318182e+00 -1.500000e+00 4 4 4
-1.318182e+00 -1.409091e+00 4 4 4
-1.318182e+00 -1.318182e+00 4 4 4
-1.318182e+00 -1.227273e+00 4 4 4
-1.318182e+00 -1.136364e+00 4 4 4
-1.318182e+00 -1.045455e+00 4 4 4
-1.318182e+00 -9.545455e-01 4 4 4
-1.318182e+00 -8.636364e-01 4 4 4
-1.318182e+00 -7.727273e-01 4 4 4
-1.318182e+00 -6.818182e-01 4 4 4
-1.318182e+00 -5.909091e-01 4 4 4
-1.318182e+00 -5.000000e-01 4 4 4
-1.318182e+00 -4.090909e-01 3 3 4
-1.318182e+00 -3.181818e-01 4 3 3
-1.318182e+00 -2.272727e-01 4 3 3
-1.318182e+00 -1.363636e-01 3 3 3
-1.318182e+00 -4.545455e-02 3 3 3
-1.318182e+00 4.545455e-02 3 3 3
-1.318182e+00 1.363636e-01 3 3 3
-1.318182e+00 2.272727e-01 3 3 3
-1.318182e+00 3.181818e-01 3 3 3
-1.318182e+00 4.090909e-01 3 3 3
-1.318182e+00 5.000000e-01 3 3 3
-1.318182e+00 5.909091e-01 3 3 3
-1.318182e+00 6.818182e-01 3 3 3
-1.318182e+00 7.727273e-01 3 3 3
-1.318182e+00 8.636364e-01 3 3 3
-1.318182e+00 9.545455e-01 3 3 3
-1.318182e+00 1.045455e+00 3 3 3
-1.318182e+00 1.136364e+00 3 3 3
-1.318182e+00 1.227273e+00 3 3 3
-1.318182e+00 1.318182e+00 3 3 3
-1.318182e+00 1.409091e+00 3 3 3
-1.318182e+00 1.500000e+00 3 3 3
-1.318182e+00 1.590909e+00 3 3 3
-1.318182e+00 1.681818e+00 3 3 3
-1.318182e+00 1.772727e+00 3 3 3
-1.318182e+00 1.863636e+00 3 3 3
-1.318182e+00 1.954545e+00 3 3 3
-1.318182e+00 2.045455e+00 3 3 3
-1.318182e+00 2.136364e+00 3 3 3
-1.318182e+00 2.227273e+00 3 3 3
-1.318182e+00 2.318182e+00 3 3 3
-1.318182e+00 2.409091e+00 3 3 3
-1.318182e+00 2.500000e+00 3 3 3
-1.318182e+00 2.590909e+00 3 3 3
-1.318182e+00 2.681818e+00 3 3 3
-1.318182e+00 2.772727e+00 3 3 3
-1.318182e+00 2.863636e+00 0 3 3
-1.318182e+00 2.954545e+00 3 1 3
-1.318182e+00 3.045455e+00 3 3 3
-1.318182e+00 3.136364e+00 3 3 3
-1.318182e+00 3.227273e+00 3 3 3
-1.318182e+00 3.318182e+00 3 3 3
-1.318182e+00 3.409091e+00 3 3 3
-1.318182e+00 3.500000e+00 3 3 3
-1.318182e+00 3.590909e+00 3 3 3
-1.318182e+00 3.681818e+00 3 3 3
-1.318182e+00 3.772727e+00 3 3 3
-1.318182e+00 3.863636e+00 4 4 3
-1.318182e+00 3.954545e+00 4 4 3
-1.318182e+00 4.045455e+00 4 4 3
-1.318182e+00 4.136364e+00 4 4 3
-1.318182e+00 4.227273e+00 4 4 3
-1.318182e+00 4.318182e+00 4 4 3
-1.318182e+00 4.409091e+00 4 4 3
-1.318182e+00 4.500000e+00 4 4 3

-1.227273e+00 -4.500000e+00 3 3 4
-1.227273e+00 -4.409091e+00 3 3 4
-1.227273e+00 -4.318182e+00 3 3 4
-1.227273e+00 -4.227273e+00 3 3 4
-1.227273e+00 -4.136364e+00 3 3 4
-1.227273e+00 -4.045455e+00 3 3 4
-1.227273e+00 -3.954545e+00 1 3 4
-1.227273e+00 -3.863636e+00 2 3 4
-1.227273e+00 -3.772727e+00 1 3 4
-1.227273e+00 -3.681818e+00 1 2 4
-1.227273e+00 -3.590909e+00 1 1 4
-1.227273e+00 -3.500000e+00 1 4 4
-1.227273e+00 -3.409091e+00 4 4 4
-1.227273e+00 -3.318182e+00 4 4 4
-1.227273e+00 -3.227273e+00 4 4 4
-1.227273e+00 -3.136364e+00 4 4 4
-1.227273e+00 -3.045455e+00 4 4 4
-1.227273e+00 -2.954545e+00 4 4 4
-1.227273e+00 -2.863636e+00 4 4 4
-1.227273e+00 -2.772727e+00 4 4 4
-1.227273e+00 -2.681818e+00 4 4 4
-1.227273e+00 -2.590909e+00 4 2 4
-1.227273e+00 -2.500000e+00 1 4 4
-1.227273e+00 -2.409091e+00 4 4 4
-1.227273e+00 -2.318182e+00 4 4 4
-1.227273e+00 -2.227273e+00 4 4 4
-1.227273e+00 -2.136364e+00 4 4 4
-1.227273e+00 -2.045455e+00 4 4 4
-1.227273e+00 -1.954545e+00 4 4 4
-1.227273e+00 -1.863636e+00 4 4 4
-1.227273e+00 -1.772727e+00 4 4 4
-1.227273e+00 -1.681818e+00 4 4 4
-1.227273e+00 -1.590909e+00 4 4 4
-1.227273e+00 -1.500000e+00 4 4 4
-1.227273e+00 -1.409091e+00 4 4 4
-1.227273e+00 -1.318182e+00 4 4 4
-1.227273e+00 -1.227273e+00 4 4 4
-1.227273e+00 -1.136364e+00 4 4 4
-1.227273e+00 -1.045455e+00 4 4 4
-1.227273e+00 -9.545455e-01 1 4 4
-1.227273e+00 -8.636364e-01 4 4 4
-1.227273e+00 -7.727273e-01 4 4 4
-1.227273e+00 -6.818182e-01 4 4 4
-1.227273e+00 -5.909091e-01 4 4 4
-1.227273e+00 -5.000000e-01 4 4 4
-1.227273e+00 -4.090909e-01 3 3 4
-1.227273e+00 -3.181818e-01 3 3 3
-1.227273e+00 -2.272727e-01 3 3 3
-1.227273e+00 -1.363636e-01 3 3 3
-1.227273e+00 -4.545455e-02 3 3 3
-1.227273e+00 4.545455e-02 3 3 3
-1.227273e+00 1.363636e-01 3 3 3
-1.227273e+00 2.272727e-01 3 3 3
-1.227273e+00 3.181818e-01 3 3 3
-1.227273e+00 4.090909e-01 3 3 3
-1.227273e+00 5.000000e-01 3 3 3
-1.227273e+00 5.909091e-01 3 3 3
-1.227273e+00 6.818182e-01 3 3 3
-1.227273e+00 7.727273e-01 3 3 3
-1.227273e+00 8.636364e-01 3 3 3
-1.227273e+00 9.545455e-01 3 3 3
-1.227273e+00 1.045455e+00 3 3 3
-1.227273e+00 1.136364e+00 3 3 3
-1.227273e+00 1.227273e+00 3 3 3
-1.227273e+00 1.318182e+00 3 3 3
-1.227273e+00 1.409091e+00 3 3 3
-1.227273e+00 1.500000e+00 3 3 3
-1.227273e+00 1.590909e+00 3 3 3
-1.227273e+00 1.681818e+00 3 3 3
-1.227273e+00 1.772727e+00 3 3 3
-1.227273e+00 1.863636e+00 3 3 3
-1.227273e+00 1.954545e+00 3 3 3
-1.227273e+00 2.045455e+00 3 3 3
-1.227273e+00 2.136364e+00 3 3 3
-1.227273e+00 2.227273e+00 3 3 3
-1.227273e+00 2.318182e+00 3 3 3
-1.227273e+00 2.409091e+00 3 3 3
-1.227273e+00 2.500000e+00 3 3 3
-1.227273e+00 2.590909e+00 3 3 3
-1.227273e+00 2.681818e+00 3 3 3
-1.227273e+00 2.772727e+00 2 3 3
-1.227273e+00 2.863636e+00 3 3 3
-1.227273e+00 2.954545e+00 4 3 3
-1.227273e+00 3.045455e+00 3 3 3
-1.227273e+00 3.136364e+00 3 3 3
-1.227273e+00 3.227273e+00 3 3 3
-1.227273e+00 3.318182e+00 3 3 3
-1.227273e+00 3.409091e+00 3 3 3
-1.227273e+00 3.500000e+00 3 3 3
-1.227273e+00 3.590909e+00 3 3 3
-1.227273e+00 3.681818e+00 3 3 3
-1.227273e+00 3.772727e+00 3 3 3
-1.227273e+00 3.863636e+00 4 4 3
-1.227273e+00 3.954545e+00 1 4 3
-1.227273e+00 4.045455e+00 4 4 3
-1.227273e+00 4.136364e+00 3 4 3
-1.227273e+00 4.227273e+00 4 4 3
-1.227273e+00 4.318182e+00 4 4 3
-1.227273e+00 4.409091e+00 1 4 3
-1.227273e+00 4.500000e+00 4 4 3

-1.136364e+00 -4.500000e+00 3 3 4
-1.136364e+00 -4.409091e+00 3 3 4
-1.136364e+00 -4.318182e+00 3 3 4
-1.136364e+00 -4.227273e+00 3 3 4
-1.136364e+00 -4.136364e+00 3 3 4
-1.136364e+00 -4.045455e+00 3 3 4
-1.136364e+00 -3.954545e+00 3 3 4
-1.136364e+00 -3.863636e+00 1 3 4
-1.136364e+00 -3.772727e+00 2 1 4
-1.136364e+00 -3.681818e+00 1 1 4
-1.136364e+00 -3.590909e+00 1 4 4
-1.136364e+00 -3.500000e+00 1 4 4
-1.136364e+00 -3.409091e+00 1 4 4
-1.136364e+00 -3.318182e+00 4 4 4
-1.136364e+00 -3.227273e+00 4 4 4
-1.136364e+00 -3.136364e+00 1 4 4
-1.136364e+00 -3.045455e+00 4 4 4
-1.136364e+00 -2.954545e+00 4 4 4
-1.136364e+00 -2.863636e+00 4 4 4
-1.136364e+00 -2.772727e+00 4 4 4
-1.136364e+00 -2.681818e+00 4 4 4
-1.136364e+00 -2.590909e+00 4 4 4
-1.136364e+00 -2.500000e+00 4 4 4
-1.136364e+00 -2.409091e+00 4 4 4
-1.136364e+00 -2.318182e+00 4 4 4
-1.136364e+00 -2.227273e+00 4 4 4
-1.136364e+00 -2.136364e+00 4 4 4
-1.136364e+00 -2.045455e+00 4 4 4
-1.136364e+00 -1.954545e+00 4 4 4
-1.136364e+00 -1.863636e+00 4 4 4
-1.136364e+00 -1.772727e+00 4 4 4
-1.136364e+00 -1.681818e+00 4 4 4
-1.136364e+00 -1.590909e+00 4 4 4
-1.136364e+00 -1.500000e+00 4 4 4
-1.136364e+00 -1.409091e+00 4 4 4
-1.136364e+00 -1.318182e+00 4 4 4
-1.136364e+00 -1.227273e+00 4 4 4
-1.136364e+00 -1.136364e+00 4 4 4
-1.136364e+00 -1.045455e+00 4 4 4
-1.136364e+00 -9.545455e-01 4 4 4
-1.136364e+00 -8.636364e-01 4 4 4
-1.136364e+00 -7.727273e-01 4 4 4
-1.136364e+00 -6.818182e-01 4 4 4
-1.136364e+00 -5.909091e-01 4 4 4
-1.136364e+00 -5.000000e-01 4 4 4
-1.136364e+00 -4.090909e-01 3 3 4
-1.136364e+00 -3.181818e-01 3 3 3
-1.136364e+00 -2.272727e-01 3 3 3
-1.136364e+00 -1.363636e-01 3 3 3
-1.136364e+00 -4.545455e-02 3 3 3
-1.136364e+00 4.545455e-02 3 3 3
-1.136364e+00 1.363636e-01 3 2 3
-1.136364e+00 2.272727e-01 3 1 3
-1.136364e+00 3.181818e-01 3 3 3
-1.136364e+00 4.090909e-01 3 3 3
-1.136364e+00 5.000000e-01 3 3 3
-1.136364e+00 5.909091e-01 3 3 3
-1.136364e+00 6.818182e-01 3 3 3
-1.136364e+00 7.727273e-01 3 3 3
-1.136364e+00 8.636364e-01 3 3 3
-1.136364e+00 9.545455e-01 3 3 3
-1.136364e+00 1.045455e+00 3 3 3
-1.136364e+00 1.136364e+00 3 3 3
-1.136364e+00 1.227273e+00 3 3 3
-1.136364e+00 1.318182e+00 3 3 3
-1.136364e+00 1.409091e+00 3 3 3
-1.136364e+00 1.500000e+00 3 3 3
-1.136364e+00 1.590909e+00 3 3 3
-1.136364e+00 1.681818e+00 3 3 3
-1.136364e+00 1.772727e+00 3 3 3
-1.136364e+00 1.863636e+00 3 3 3
-1.136364e+00 1.954545e+00 3 3 3
-1.136364e+00 2.045455e+00 3 3 3
-1.136364e+00 2.136364e+00 3 3 3
-1.136364e+00 2.227273e+00 3 3 3
-1.136364e+00 2.318182e+00 3 3 3
-1.136364e+00 2.409091e+00 3 3 3
-1.136364e+00 2.500000e+00 3 3 3
-1.136364e+00 2.590909e+00 3 3 3
-1.136364e+00 2.681818e+00 3 3 3
-1.136364e+00 2.772727e+00 3 3 3
-1.136364e+00 2.863636e+00 3 3 3
-1.136364e+00 2.954545e+00 3 3 3
-1.136364e+00 3.045455e+00 3 3 3
-1.136364e+00 3.136364e+00 3 3 3
-1.136364e+00 3.227273e+00 3 3 3
-1.136364e+00 3.318182e+00 3 3 3
-1.136364e+00 3.409091e+00 3 3 3
-1.136364e+00 3.500000e+00 3 3 3
-1.136364e+00 3.590909e+00 3 3 3
-1.136364e+00 3.681818e+00 3 3 3
-1.136364e+00 3.772727e+00 3 3 3
-1.136364e+00 3.863636e+00 4 4 3
-1.136364e+00 3.954545e+00 4 4 3
-1.136364e+00 4.045455e+00 4 4 3
-1.136364e+00 4.136364e+00 2 4 3
-1.136364e+00 4.227273e+00 4 4 3
-1.136364e+00 4.318182e+00 4 4 3
-1.136364e+00 4.409091e+00 4 4 3
-1.136364e+00 4.500000e+00 4 4 3

-1.045455e+00 -4.500000e+00 3 3 4
-1.045455e+00 -4.409091e+00 3 3 4
-1.045455e+00 -4.318182e+00 3 3 4
-1.045455e+00 -4.227273e+00 3 3 4
-1.045455e+00 -4.136364e+00 3 3 4
-1.045455e+00 -4.045455e+00 2 3 4
-1.045455e+00 -3.954545e+00 1 3 4
-1.045455e+00 -3.863636e+00 1 3 4
-1.045455e+00 -3.772727e+00 1 1 4
-1.045455e+00 -3.681818e+00 1 4 4
-1.045455e+00 -3.590909e+00 1 4 4
-1.045455e+00 -3.500000e+00 1 4 4
-1.045455e+00 -3.409091e+00 4 4 4
-1.045455e+00 -3.318182e+00 4 4 4
-1.045455e+00 -3.227273e+00 4 4 4
-1.045455e+00 -3.136364e+00 4 4 4
-1.045455e+00 -3.045455e+00 4 4 4
-1.045455e+00 -2.954545e+00 4 4 4
-1.045455e+00 -2.863636e+00 1 1 4
-1.045455e+00 -2.772727e+00 4 4 4
-1.045455e+00 -2.681818e+00 4 4 4
-1.045455e+00 -2.590909e+00 4 4 4
-1.045455e+00 -2.500000e+00 4 4 4
-1.045455e+00 -2.409091e+00 4 4 4
-1.045455e+00 -2.318182e+00 4 4 4
-1.045455e+00 -2.227273e+00 4 4 4
-1.045455e+00 -2.136364e+00 4 4 4
-1.045455e+00 -2.045455e+00 4 4 4
-1.045455e+00 -1.954545e+00 4 4 4
-1.045455e+00 -1.863636e+00 4 4 4
-1.045455e+00 -1.772727e+00 4 4 4
-1.045455e+00 -1.681818e+00 3 4 4
-1.045455e+00 -1.590909e+00 4 4 4
-1.045455e+00 -1.500000e+00 4 4 4
-1.045455e+00 -1.409091e+00 4 1 4
-1.045455e+00 -1.318182e+00 4 0 4
-1.045455e+00 -1.227273e+00 4 0 4
-1.045455e+00 -1.136364e+00 4 0 4
-1.045455e+00 -1.045455e+00 1 0 4
-1.045455e+00 -9.545455e-01 4 2 4
-1.045455e+00 -8.636364e-01 4 4 4
-1.045455e+00 -7.727273e-01 4 4 4
-1.045455e+00 -6.818182e-01 4 4 4
-1.045455e+00 -5.909091e-01 4 4 4
-1.045455e+00 -5.000000e-01 4 4 4
-1.045455e+00 -4.090909e-01 4 3 3
-1.045455e+00 -3.181818e-01 3 3 3
-1.045455e+00 -2.272727e-01 3 3 3
-1.045455e+00 -1.363636e-01 3 1 3
-1.045455e+00 -4.545455e-02 3 1 3
-1.045455e+00 4.545455e-02 3 3 3
-1.045455e+00 1.363636e-01 1 3 3
-1.045455e+00 2.272727e-01 3 2 3
-1.045455e+00 3.181818e-01 1 3 3
-1.045455e+00 4.090909e-01 3 1 3
-1.045455e+00 5.000000e-01 3 3 3
-1.045455e+00 5.909091e-01 3 3 3
-1.045455e+00 6.818182e-01 3 3 3
-1.045455e+00 7.727273e-01 3 3 3
-1.045455e+00 8.636364e-01 3 3 3
-1.045455e+00 9.545455e-01 3 3 3
-1.045455e+00 1.045455e+00 3 3 3
-1.045455e+00 1.136364e+00 3 3 3
-1.045455e+00 1.227273e+00 3 3 3
-1.045455e+00 1.318182e+00 3 3 3
-1.045455e+00 1.409091e+00 3 3 3
-1.045455e+00 1.500000e+00 3 3 3
-1.045455e+00 1.590909e+00 3 3 3
-1.045455e+00 1.681818e+00 3 3 3
-1.045455e+00 1.772727e+00 3 3 3
-1.045455e+00 1.863636e+00 3 3 3
-1.045455e+00 1.954545e+00 3 3 3
-1.045455e+00 2.045455e+00 3 3 3
-1.045455e+00 2.136364e+00 3 3 3
-1.045455e+00 2.227273e+00 3 3 3
-1.045455e+00 2.318182e+00 3 3 3
-1.045455e+00 2.409091e+00 3 3 3
-1.045455e+00 2.500000e+00 3 3 3
-1.045455e+00 2.590909e+00 3 3 3
-1.045455e+00 2.681818e+00 3 3 3
-1.045455e+00 2.772727e+00 3 3 3
-1.045455e+00 2.863636e+00 3 3 3
-1.045455e+00 2.954545e+00 3 3 3
-1.045455e+00 3.045455e+00 3 3 3
-1.045455e+00 3.136364e+00 3 3 3
-1.045455e+00 3.227273e+00 3 3 3
-1.045455e+00 3.318182e+00 3 3 3
-1.045455e+00 3.409091e+00 3 3 3
-1.045455e+00 3.500000e+00 3 3 3
-1.045455e+00 3.590909e+00 3 3 3
-1.045455e+00 3.681818e+00 3 3 3
-1.045455e+00 3.772727e+00 3 3 3
-1.045455e+00 3.863636e+00 4 4 3
-1.045455e+00 3.954545e+00 4 4 3
-1.045455e+00 4.045455e+00 4 4 3
-1.045455e+00 4.136364e+00 3 3 3
-1.045455e+00 4.227273e+00 2 4 3
-1.045455e+00 4.318182e+00 4 4 3
-1.045455e+00 4.409091e+00 4 4 3
-1.045455e+00 4.500000e+00 4 4 3

-9.545455e-01 -4.500000e+00 3 3 4
-9.545455e-01 -4.409091e+00 3 3 4
-9.545455e-01 -4.318182e+00 3 3 4
-9.545455e-01 -4.227273e+00 3 3 4
-9.545455e-01 -4.136364e+00 3 3 4
-9.545455e-01 -4.045455e+00 2 3 4
-9.545455e-01 -3.954545e+00 1 3 4
-9.545455e-01 -3.863636e+00 1 1 4
-9.545455e-01 -3.772727e+00 4 3 4
-9.545455e-01 -3.681818e+00 4 4 4
-9.545455e-01 -3.590909e+00 2 4 4
-9.545455e-01 -3.500000e+00 4 4 4
-9.545455e-01 -3.409091e+00 1 4 4
-9.545455e-01 -3.318182e+00 4 4 4
-9.545455e-01 -3.227273e+00 4 4 4
-9.545455e-01 -3.136364e+00 4 4 4
-9.545455e-01 -3.045455e+00 3 3 4
-9.545455e-01 -2.954545e+00 4 3 4
-9.545455e-01 -2.863636e+00 4 4 4
-9.545455e-01 -2.772727e+00 4 4 4
-9.545455e-01 -2.681818e+00 4 4 4
-9.545455e-01 -2.590909e+00 4 4 4
-9.545455e-01 -2.500000e+00 4 4 4
-9.545455e-01 -2.409091e+00 4 4 4
-9.545455e-01 -2.318182e+00 4 4 4
-9.545455e-01 -2.227273e+00 4 4 4
-9.545455e-01 -2.136364e+00 4 4 4
-9.545455e-01 -2.045455e+00 3 4 4
-9.545455e-01 -1.954545e+00 4 4 4
-9.545455e-01 -1.863636e+00 4 0 4
-9.545455e-01 -1.772727e+00 4 4 4
-9.545455e-01 -1.681818e+00 4 4 4
-9.545455e-01 -1.590909e+00 4 4 4
-9.545455e-01 -1.500000e+00 4 4 4
-9.545455e-01 -1.409091e+00 4 2 4
-9.545455e-01 -1.318182e+00 2 4 4
-9.545455e-01 -1.227273e+00 4 4 4
-9.545455e-01 -1.136364e+00 4 4 4
-9.545455e-01 -1.045455e+00 4 4 4
-9.545455e-01 -9.545455e-01 4 4 4
-9.545455e-01 -8.636364e-01 3 4 4
-9.545455e-01 -7.727273e-01 4 4 4
-9.545455e-01 -6.818182e-01 4 4 4
-9.545455e-01 -5.909091e-01 3 4 4
-9.545455e-01 -5.000000e-01 4 2 4
-9.545455e-01 -4.090909e-01 3 3 3
-9.545455e-01 -3.181818e-01 3 3 3
-9.545455e-01 -2.272727e-01 3 3 3
-9.545455e-01 -1.363636e-01 3 3 3
-9.545455e-01 -4.545455e-02 3 3 3
-9.545455e-01 4.545455e-02 3 3 3
-9.545455e-01 1.363636e-01 3 3 3
-9.545455e-01 2.272727e-01 3 3 3
-9.545455e-01 3.181818e-01 3 3 3
-9.545455e-01 4.090909e-01 3 2 3
-9.545455e-01 5.000000e-01 3 3 3
-9.545455e-01 5.909091e-01 3 3 3
-9.545455e-01 6.818182e-01 3 3 3
-9.545455e-01 7.727273e-01 3 3 3
-9.545455e-01 8.636364e-01 3 3 3
-9.545455e-01 9.545455e-01 3 3 3
-9.545455e-01 1.045455e+00 3 3 3
-9.545455e-01 1.136364e+00 3 3 3
-9.545455e-01 1.227273e+00 3 3 3
-9.545455e-01 1.318182e+00 4 3 3
-9.545455e-01 1.409091e+00 3 3 3
-9.545455e-01 1.500000e+00 3 3 3
-9.545455e-01 1.590909e+00 3 3 3
-9.545455e-01 1.681818e+00 3 3 3
-9.545455e-01 1.772727e+00 3 3 3
-9.545455e-01 1.863636e+00 3 3 3
-9.545455e-01 1.954545e+00 3 3 3
-9.545455e-01 2.045455e+00 3 3 3
-9.545455e-01 2.136364e+00 3 3 3
-9.545455e-01 2.227273e+00 3 3 3
-9.545455e-01 2.318182e+00 3 3 3
-9.545455e-01 2.409091e+00 3 3 3
-9.545455e-01 2.500000e+00 3 3 3
-9.545455e-01 2.590909e+00 3 3 3
-9.545455e-01 2.681818e+00 3 3 3
-9.545455e-01 2.772727e+00 3 3 3
-9.545455e-01 2.863636e+00 3 3 3
-9.545455e-01 2.954545e+00 3 3 3
-9.545455e-01 3.045455e+00 3 3 3
-9.545455e-01 3.136364e+00 3 3 3
-9.545455e-01 3.227273e+00 3 3 3
-9.545455e-01 3.318182e+00 3 3 3
-9.545455e-01 3.409091e+00 3 3 3
-9.545455e-01 3.500000e+00 3 3 3
-9.545455e-01 3.590909e+00 3 3 3
-9.545455e-01 3.681818e+00 3 3 3
-9.545455e-01 3.772727e+00 4 4 3
-9.545455e-01 3.863636e+00 4 4 3
-9.545455e-01 3.954545e+00 4 4 3
-9.545455e-01 4.045455e+00 4 4 3
-9.545455e-01 4.136364e+00 1 3 3
-9.545455e-01 4.227273e+00 4 4 3
-9.545455e-01 4.318182e+00 4 4 3
-9.545455e-01 4.409091e+00 4 4 3
-9.545455e-01 4.500000e+00 4 4 3

-8.636364e-01 -4.500000e+00 3 3 4
-8.636364e-01 -4.409091e+00 3 3 4
-8.636364e-01 -4.318182e+00 3 3 4
-8.636364e-01 -4.227273e+00 3 3 4
-8.636364e-01 -4.136364e+00 3 3 4
-8.636364e-01 -4.045455e+00 4 3 4
-8.636364e-01 -3.954545e+00 3 3 4
-8.636364e-01 -3.863636e+00 3 3 4
-8.636364e-01 -3.772727e+00 2 4 4
-8.636364e-01 -3.681818e+00 3 3 4
-8.636364e-01 -3.590909e+00 3 3 4
-8.636364e-01 -3.500000e+00 3 3 4
-8.636364e-01 -3.409091e+00 3 3 4
-8.636364e-01 -3.318182e+00 3 3 4
-8.636364e-01 -3.227273e+00 3 3 4
-8.636364e-01 -3.136364e+00 3 3 4
-8.636364e-01 -3.045455e+00 3 3 4
-8.636364e-01 -2.954545e+00 1 2 4
-8.636364e-01 -2.863636e+00 4 4 4
-8.636364e-01 -2.772727e+00 4 4 4
-8.636364e-01 -2.681818e+00 4 4 4
-8.636364e-01 -2.590909e+00 4 4 4
-8.636364e-01 -2.500000e+00 4 4 4
-8.636364e-01 -2.409091e+00 4 4 4
-8.636364e-01 -2.318182e+00 4 4 4
-8.636364e-01 -2.227273e+00 4 4 4
-8.636364e-01 -2.136364e+00 4 2 4
-8.636364e-01 -2.045455e+00 4 4 4
-8.636364e-01 -1.954545e+00 4 4 4
-8.636364e-01 -1.863636e+00 4 4 4
-8.636364e-01 -1.772727e+00 4 4 4
-8.636364e-01 -1.681818e+00 4 2 4
-8.636364e-01 -1.590909e+00 4 4 4
-8.636364e-01 -1.500000e+00 4 4 4
-8.636364e-01 -1.409091e+00 4 4 4
-8.636364e-01 -1.318182e+00 4 4 4
-8.636364e-01 -1.227273e+00 4 4 4
-8.636364e-01 -1.136364e+00 4 4 4
-8.636364e-01 -1.045455e+00 4 4 4
-8.636364e-01 -9.545455e-01 4 4 4
-8.636364e-01 -8.636364e-01 4 4 4
-8.636364e-01 -7.727273e-01 4 4 4
-8.636364e-01 -6.818182e-01 4 4 4
-8.636364e-01 -5.909091e-01 4 4 4
-8.636364e-01 -5.000000e-01 3 3 4
-8.636364e-01 -4.090909e-01 4 3 3
-8.636364e-01 -3.181818e-01 3 3 3
-8.636364e-01 -2.272727e-01 3 3 3
-8.636364e-01 -1.363636e-01 3 3 3
-8.636364e-01 -4.545455e-02 3 3 3
-8.636364e-01 4.545455e-02 3 3 3
-8.636364e-01 1.363636e-01 3 3 3
-8.636364e-01 2.272727e-01 3 3 3
-8.636364e-01 3.181818e-01 3 2 3
-8.636364e-01 4.090909e-01 3 3 3
-8.636364e-01 5.000000e-01 3 0 3
-8.636364e-01 5.909091e-01 3 3 3
-8.636364e-01 6.818182e-01 3 3 3
-8.636364e-01 7.727273e-01 3 3 3
-8.636364e-01 8.636364e-01 3 3 3
-8.636364e-01 9.545455e-01 3 3 3
-8.636364e-01 1.045455e+00 3 3 3
-8.636364e-01 1.136364e+00 3 3 3
-8.636364e-01 1.227273e+00 3 3 3
-8.636364e-01 1.318182e+00 3 3 3
-8.636364e-01 1.409091e+00 3 3 3
-8.636364e-01 1.500000e+00 3 3 3
-8.636364e-01 1.590909e+00 3 3 3
-8.636364e-01 1.681818e+00 3 3 3
-8.636364e-01 1.772727e+00 3 3 3
-8.636364e-01 1.863636e+00 3 3 3
-8.636364e-01 1.954545e+00 3 3 3
-8.636364e-01 2.045455e+00 3 3 3
-8.636364e-01 2.136364e+00 3 3 3
-8.636364e-01 2.227273e+00 3 3 3
-8.636364e-01 2.318182e+00 3 3 3
-8.636364e-01 2.409091e+00 3 3 3
-8.636364e-01 2.500000e+00 3 3 3
-8.636364e-01 2.590909e+00 3 3 3
-8.636364e-01 2.681818e+00 3 3 3
-8.636364e-01 2.772727e+00 3 3 3
-8.636364e-01 2.863636e+00 3 3 3
-8.636364e-01 2.954545e+00 3 3 3
-8.636364e-01 3.045455e+00 3 3 3
-8.636364e-01 3.136364e+00 3 3 3
-8.636364e-01 3.227273e+00 3 3 3
-8.636364e-01 3.318182e+00 3 3 3
-8.636364e-01 3.409091e+00 3 3 3
-8.636364e-01 3.500000e+00 3 3 3
-8.636364e-01 3.590909e+00 3 3 3
-8.636364e-01 3.681818e+00 3 3 3
-8.636364e-01 3.772727e+00 4 4 3
-8.636364e-01 3.863636e+00 4 4 3
-8.636364e-01 3.954545e+00 4 4 3
-8.636364e-01 4.045455e+00 4 4 3
-8.636364e-01 4.136364e+00 1 3 3
-8.636364e-01 4.227273e+00 4 4 3
-8.636364e-01 4.318182e+00 4 4 3
-8.636364e-01 4.409091e+00 2 4 3
-8.636364e-01 4.500000e+00 4 4 3

-7.727273e-01 -4.500000e+00 3 3 4
-7.727273e-01 -4.409091e+00 3 3 4
-7.727273e-01 -4.318182e+00 3 3 4
-7.727273e-01 -4.227273e+00 3 3 4
-7.727273e-01 -4.136364e+00 3 3 4
-7.727273e-01 -4.045455e+00 3 3 4
-7.727273e-01 -3.954545e+00 1 3 4
-7.727273e-01 -3.863636e+00 3 3 4
-7.727273e-01 -3.772727e+00 2 3 4
-7.727273e-01 -3.681818e+00 3 3 4
-7.727273e-01 -3.590909e+00 3 3 4
-7.727273e-01 -3.500000e+00 3 3 4
-7.727273e-01 -3.409091e+00 3 3 4
-7.727273e-01 -3.318182e+00 3 3 4
-7.727273e-01 -3.227273e+00 3 3 4
-7.727273e-01 -3.136364e+00 3 3 4
-7.727273e-01 -3.045455e+00 3 3 4
-7.727273e-01 -2.954545e+00 4 4 4
-7.727273e-01 -2.863636e+00 4 4 4
-7.727273e-01 -2.772727e+00 4 4 4
-7.727273e-01 -2.681818e+00 4 4 4
-7.727273e-01 -2.590909e+00 4 4 4
-7.727273e-01 -2.500000e+00 4 4 4
-7.727273e-01 -2.409091e+00 4 4 4
-7.727273e-01 -2.318182e+00 4 4 4
-7.727273e-01 -2.227273e+00 4 4 4
-7.727273e-01 -2.136364e+00 4 2 4
-7.727273e-01 -2.045455e+00 1 4 4
-7.727273e-01 -1.954545e+00 4 4 4
-7.727273e-01 -1.863636e+00 4 4 4
-7.727273e-01 -1.772727e+00 4 4 4
-7.727273e-01 -1.681818e+00 4 4 4
-7.727273e-01 -1.590909e+00 4 4 4
-7.727273e-01 -1.500000e+00 4 4 4
-7.727273e-01 -1.409091e+00 4 4 4
-7.727273e-01 -1.318182e+00 4 4 4
-7.727273e-01 -1.227273e+00 4 4 4
-7.727273e-01 -1.136364e+00 4 4 4
-7.727273e-01 -1.045455e+00 4 4 4
-7.727273e-01 -9.545455e-01 4 4 4
-7.727273e-01 -8.636364e-01 4 4 4
-7.727273e-01 -7.727273e-01 4 4 4
-7.727273e-01 -6.818182e-01 4 4 4
-7.727273e-01 -5.909091e-01 3 3 4
-7.727273e-01 -5.000000e-01 3 3 3
-7.727273e-01 -4.090909e-01 3 3 3
-7.727273e-01 -3.181818e-01 3 3 3
-7.727273e-01 -2.272727e-01 3 1 3
-7.727273e-01 -1.363636e-01 3 3 3
-7.727273e-01 -4.545455e-02 3 1 3
-7.727273e-01 4.545455e-02 3 3 3
-7.727273e-01 1.363636e-01 3 3 3
-7.727273e-01 2.272727e-01 3 3 3
-7.727273e-01 3.181818e-01 3 3 3
-7.727273e-01 4.090909e-01 3 3 3
-7.727273e-01 5.000000e-01 3 4 3
-7.727273e-01 5.909091e-01 3 3 3
-7.727273e-01 6.818182e-01 3 3 3
-7.727273e-01 7.727273e-01 3 3 3
-7.727273e-01 8.636364e-01 3 3 3
-7.727273e-01 9.545455e-01 3 3 3
-7.727273e-01 1.045455e+00 3 3 3
-7.727273e-01 1.136364e+00 4 3 3
-7.727273e-01 1.227273e+00 3 3 3
-7.727273e-01 1.318182e+00 3 3 3
-7.727273e-01 1.409091e+00 3 3 3
-7.727273e-01 1.500000e+00 3 3 3
-7.727273e-01 1.590909e+00 3 3 3
-7.727273e-01 1.681818e+00 3 3 3
-7.727273e-01 1.772727e+00 3 3 3
-7.727273e-01 1.863636e+00 3 3 3
-7.727273e-01 1.954545e+00 3 3 3
-7.727273e-01 2.045455e+00 3 3 3
-7.727273e-01 2.136364e+00 3 3 3
-7.727273e-01 2.227273e+00 3 3 3
-7.727273e-01 2.318182e+00 3 3 3
-7.727273e-01 2.409091e+00 3 3 3
-7.727273e-01 2.500000e+00 3 3 3
-7.727273e-01 2.590909e+00 3 3 3
-7.727273e-01 2.681818e+00 3 3 3
-7.727273e-01 2.772727e+00 3 3 3
-7.727273e-01 2.863636e+00 3 3 3
-7.727273e-01 2.954545e+00 3 3 3
-7.727273e-01 3.045455e+00 3 3 3
-7.727273e-01 3.136364e+00 3 3 3
-7.727273e-01 3.227273e+00 3 3 3
-7.727273e-01 3.318182e+00 3 3 3
-7.727273e-01 3.409091e+00 3 3 3
-7.727273e-01 3.500000e+00 3 3 3
-7.727273e-01 3.590909e+00 4 4 3
-7.727273e-01 3.681818e+00 3 3 3
-7.727273e-01 3.772727e+00 4 4 3
-7.727273e-01 3.863636e+00 4 4 3
-7.727273e-01 3.954545e+00 4 4 3
-7.727273e-01 4.045455e+00 4 4 3
-7.727273e-01 4.136364e+00 3 3 3
-7.727273e-01 4.227273e+00 4 4 3
-7.727273e-01 4.318182e+00 4 4 3
-7.727273e-01 4.409091e+00 4 4 3
-7.727273e-01 4.500000e+00 4 4 3

-6.818182e-01 -4.500000e+00 3 3 4
-6.818182e-01 -4.409091e+00 3 3 4
-6.818182e-01 -4.318182e+00 3 3 4
-6.818182e-01 -4.227273e+00 3 3 4
-6.818182e-01 -4.136364e+00 3 3 4
-6.818182e-01 -4.045455e+00 3 3 4
-6.818182e-01 -3.954545e+00 3 3 4
-6.818182e-01 -3.863636e+00 3 3 4
-6.818182e-01 -3.772727e+00 2 3 4
-6.818182e-01 -3.681818e+00 3 3 4
-6.818182e-01 -3.590909e+00 3 3 4
-6.818182e-01 -3.500000e+00 3 3 4
-6.818182e-01 -3.409091e+00 3 3 4
-6.818182e-01 -3.318182e+00 3 3 4
-6.818182e-01 -3.227273e+00 3 3 4
-6.818182e-01 -3.136364e+00 3 3 4
-6.818182e-01 -3.045455e+00 3 3 4
-6.818182e-01 -2.954545e+00 2 4 4
-6.818182e-01 -2.863636e+00 1 4 4
-6.818182e-01 -2.772727e+00 4 4 4
-6.818182e-01 -2.681818e+00 4 4 4
-6.818182e-01 -2.590909e+00 3 4 4
-6.818182e-01 -2.500000e+00 4 4 4
-6.818182e-01 -2.409091e+00 4 4 4
-6.818182e-01 -2.318182e+00 4 4 4
-6.818182e-01 -2.227273e+00 4 4 4
-6.818182e-01 -2.136364e+00 4 4 4
-6.818182e-01 -2.045455e+00 4 4 4
-6.818182e-01 -1.954545e+00 4 4 4
-6.818182e-01 -1.863636e+00 4 4 4
-6.818182e-01 -1.772727e+00 4 4 4
-6.818182e-01 -1.681818e+00 4 4 4
-6.818182e-01 -1.590909e+00 4 4 4
-6.818182e-01 -1.500000e+00 4 4 4
-6.818182e-01 -1.409091e+00 4 4 4
-6.818182e-01 -1.318182e+00 4 4 4
-6.818182e-01 -1.227273e+00 4 4 4
-6.818182e-01 -1.136364e+00 4 4 4
-6.818182e-01 -1.045455e+00 4 4 4
-6.818182e-01 -9.545455e-01 4 4 4
-6.818182e-01 -8.636364e-01 4 4 4
-6.818182e-01 -7.727273e-01 4 0 4
-6.818182e-01 -6.818182e-01 4 1 4
-6.818182e-01 -5.909091e-01 3 3 4
-6.818182e-01 -5.000000e-01 3 3 3
-6.818182e-01 -4.090909e-01 3 1 3
-6.818182e-01 -3.181818e-01 3 1 3
-6.818182e-01 -2.272727e-01 3 2 3
-6.818182e-01 -1.363636e-01 1 2 3
-6.818182e-01 -4.545455e-02 3 3 3
-6.818182e-01 4.545455e-02 3 3 3
-6.818182e-01 1.363636e-01 3 3 3
-6.818182e-01 2.272727e-01 3 3 3
-6.818182e-01 3.181818e-01 3 3 3
-6.818182e-01 4.090909e-01 4 3 3
-6.818182e-01 5.000000e-01 3 4 3
-6.818182e-01 5.909091e-01 3 3 3
-6.818182e-01 6.818182e-01 3 3 3
-6.818182e-01 7.727273e-01 3 3 3
-6.818182e-01 8.636364e-01 3 3 3
-6.818182e-01 9.545455e-01 3 3 3
-6.818182e-01 1.045455e+00 3 3 3
-6.818182e-01 1.136364e+00 3 3 3
-6.818182e-01 1.227273e+00 3 3 3
-6.818182e-01 1.318182e+00 3 3 3
-6.818182e-01 1.409091e+00 3 3 3
-6.818182e-01 1.500000e+00 3 3 3
-6.818182e-01 1.590909e+00 3 3 3
-6.818182e-01 1.681818e+00 3 3 3
-6.818182e-01 1.772727e+00 3 3 3
-6.818182e-01 1.863636e+00 3 3 3
-6.818182e-01 1.954545e+00 3 3 3
-6.818182e-01 2.045455e+00 3 3 3
-6.818182e-01 2.136364e+00 3 3 3
-6.818182e-01 2.227273e+00 3 3 3
-6.818182e-01 2.318182e+00 3 3 3
-6.818182e-01 2.409091e+00 3 3 3
-6.818182e-01 2.500000e+00 3 3 3
-6.818182e-01 2.590909e+00 3 3 3
-6.818182e-01 2.681818e+00 3 3 3
-6.818182e-01 2.772727e+00 3 3 3
-6.818182e-01 2.863636e+00 2 3 3
-6.818182e-01 2.954545e+00 3 3 3
-6.818182e-01 3.045455e+00 3 3 3
-6.818182e-01 3.136364e+00 3 3 3
-6.818182e-01 3.227273e+00 3 3 3
-6.818182e-01 3.318182e+00 3 3 3
-6.818182e-01 3.409091e+00 3 3 3
-6.818182e-01 3.500000e+00 4 4 3
-6.818182e-01 3.590909e+00 4 4 3
-6.818182e-01 3.681818e+00 3 3 3
-6.818182e-01 3.772727e+00 4 4 3
-6.818182e-01 3.863636e+00 4 4 3
-6.818182e-01 3.954545e+00 4 4 3
-6.818182e-01 4.045455e+00 4 4 3
-6.818182e-01 4.136364e+00 3 3 3
-6.818182e-01 4.227273e+00 4 4 3
-6.818182e-01 4.318182e+00 4 4 3
-6.818182e-01 4.409091e+00 4 4 3
-6.818182e-01 4.500000e+00 4 4 3

-5.909091e-01 -4.500000e+00 3 3 4
-5.909091e-01 -4.409091e+00 3 3 4
-5.909091e-01 -4.318182e+00 3 3 4
-5.909091e-01 -4.227273e+00 3 3 4
-5.909091e-01 -4.136364e+00 3 3 4
-5.909091e-01 -4.045455e+00 3 3 4
-5.909091e-01 -3.954545e+00 3 3 4
-5.909091e-01 -3.863636e+00 3 3 4
-5.909091e-01 -3.772727e+00 1 1 4
-5.909091e-01 -3.681818e+00 3 3 4
-5.909091e-01 -3.590909e+00 3 3 4
-5.909091e-01 -3.500000e+00 3 3 4
-5.909091e-01 -3.409091e+00 3 3 4
-5.909091e-01 -3.318182e+00 3 3 4
-5.909091e-01 -3.227273e+00 3 3 4
-5.909091e-01 -3.136364e+00 3 3 4
-5.909091e-01 -3.045455e+00 4 4 4
-5.909091e-01 -2.954545e+00 4 4 4
-5.909091e-01 -2.863636e+00 4 4 4
-5.909091e-01 -2.772727e+00 4 4 4
-5.909091e-01 -2.681818e+00 4 4 4
-5.909091e-01 -2.590909e+00 3 3 4
-5.909091e-01 -2.500000e+00 4 4 4
-5.909091e-01 -2.409091e+00 4 4 4
-5.909091e-01 -2.318182e+00 4 4 4
-5.909091e-01 -2.227273e+00 4 4 4
-5.909091e-01 -2.136364e+00 4 4 4
-5.909091e-01 -2.045455e+00 4 4 4
-5.909091e-01 -1.954545e+00 4 4 4
-5.909091e-01 -1.863636e+00 4 4 4
-5.909091e-01 -1.772727e+00 4 4 4
-5.909091e-01 -1.681818e+00 4 4 4
-5.909091e-01 -1.590909e+00 4 4 4
-5.909091e-01 -1.500000e+00 4 1 4
-5.909091e-01 -1.409091e+00 4 4 4
-5.909091e-01 -1.318182e+00 4 2 4
-5.909091e-01 -1.227273e+00 4 4 4
-5.909091e-01 -1.136364e+00 4 4 4
-5.909091e-01 -1.045455e+00 4 4 4
-5.909091e-01 -9.545455e-01 4 4 4
-5.909091e-01 -8.636364e-01 4 4 4
-5.909091e-01 -7.727273e-01 4 4 4
-5.909091e-01 -6.818182e-01 3 3 4
-5.909091e-01 -5.909091e-01 3 3 4
-5.909091e-01 -5.000000e-01 3 3 3
-5.909091e-01 -4.090909e-01 3 3 3
-5.909091e-01 -3.181818e-01 3 3 3
-5.909091e-01 -2.272727e-01 3 3 3
-5.909091e-01 -1.363636e-01 3 3 3
-5.909091e-01 -4.545455e-02 3 3 3
-5.909091e-01 4.545455e-02 3 3 3
-5.909091e-01 1.363636e-01 3 3 3
-5.909091e-01 2.272727e-01 3 3 3
-5.909091e-01 3.181818e-01 3 4 3
-5.909091e-01 4.090909e-01 3 4 3
-5.909091e-01 5.000000e-01 3 3 3
-5.909091e-01 5.909091e-01 3 3 3
-5.909091e-01 6.818182e-01 3 3 3
-5.909091e-01 7.727273e-01 3 3 3
-5.909091e-01 8.636364e-01 3 3 3
-5.909091e-01 9.545455e-01 3 3 3
-5.909091e-01 1.045455e+00 3 3 3
-5.909091e-01 1.136364e+00 3 3 3
-5.909091e-01 1.227273e+00 3 3 3
-5.909091e-01 1.318182e+00 4 3 3
-5.909091e-01 1.409091e+00 3 3 3
-5.909091e-01 1.500000e+00 3 3 3
-5.909091e-01 1.590909e+00 3 3 3
-5.909091e-01 1.681818e+00 3 3 3
-5.909091e-01 1.772727e+00 3 3 3
-5.909091e-01 1.863636e+00 3 3 3
-5.909091e-01 1.954545e+00 3 3 3
-5.909091e-01 2.045455e+00 3 3 3
-5.909091e-01 2.136364e+00 3 3 3
-5.909091e-01 2.227273e+00 3 3 3
-5.909091e-01 2.318182e+00 3 3 3
-5.909091e-01 2.409091e+00 3 3 3
-5.909091e-01 2.500000e+00 3 3 3
-5.909091e-01 2.590909e+00 3 3 3
-5.909091e-01 2.681818e+00 3 3 3
-5.909091e-01 2.772727e+00 3 3 3
-5.909091e-01 2.863636e+00 2 3 3
-5.909091e-01 2.954545e+00 3 3 3
-5.909091e-01 3.045455e+00 3 3 3
-5.909091e-01 3.136364e+00 3 3 3
-5.909091e-01 3.227273e+00 3 3 3
-5.909091e-01 3.318182e+00 3 3 3
-5.909091e-01 3.409091e+00 4 4 3
-5.909091e-01 3.500000e+00 4 4 3
-5.909091e-01 3.590909e+00 2 4 3
-5.909091e-01 3.681818e+00 3 3 3
-5.909091e-01 3.772727e+00 4 4 3
-5.909091e-01 3.863636e+00 4 4 3
-5.909091e-01 3.954545e+00 4 4 3
-5.909091e-01 4.045455e+00 4 4 3
-5.909091e-01 4.136364e+00 3 3 3
-5.909091e-01 4.227273e+00 4 4 3
-5.909091e-01 4.318182e+00 4 4 3
-5.909091e-01 4.409091e+00 4 4 3
-5.909091e-01 4.500000e+00 4 4 3

-5.000000e-01 -4.500000e+00 3 3 4
-5.000000e-01 -4.409091e+00 3 3 4
-5.000000e-01 -4.318182e+00 3 3 4
-5.000000e-01 -4.227273e+00 3 3 4
-5.000000e-01 -4.136364e+00 3 3 4
-5.000000e-01 -4.045455e+00 3 3 4
-5.000000e-01 -3.954545e+00 3 3 4
-5.000000e-01 -3.863636e+00 3 3 4
-5.000000e-01 -3.772727e+00 3 3 4
-5.000000e-01 -3.681818e+00 3 3 4
-5.000000e-01 -3.590909e+00 3 3 4
-5.000000e-01 -3.500000e+00 3 3 4
-5.000000e-01 -3.409091e+00 3 3 4
-5.000000e-01 -3.318182e+00 3 3 4
-5.000000e-01 -3.227273e+00 3 3 4
-5.000000e-01 -3.136364e+00 3 3 4
-5.000000e-01 -3.045455e+00 3 1 4
-5.000000e-01 -2.954545e+00 3 3 4
-5.000000e-01 -2.863636e+00 3 3 4
-5.000000e-01 -2.772727e+00 3 3 4
-5.000000e-01 -2.681818e+00 4 3 4
-5.000000e-01 -2.590909e+00 4 3 4
-5.000000e-01 -2.500000e+00 4 4 4
-5.000000e-01 -2.409091e+00 4 4 4
-5.000000e-01 -2.318182e+00 4 4 4
-5.000000e-01 -2.227273e+00 4 2 4
-5.000000e-01 -2.136364e+00 4 4 4
-5.000000e-01 -2.045455e+00 4 4 4
-5.000000e-01 -1.954545e+00 4 4 4
-5.000000e-01 -1.863636e+00 4 4 4
-5.000000e-01 -1.772727e+00 4 1 4
-5.000000e-01 -1.681818e+00 4 4 4
-5.000000e-01 -1.590909e+00 4 1 4
-5.000000e-01 -1.500000e+00 4 4 4
-5.000000e-01 -1.409091e+00 4 4 4
-5.000000e-01 -1.318182e+00 4 0 4
-5.000000e-01 -1.227273e+00 4 4 4
-5.000000e-01 -1.136364e+00 4 4 4
-5.000000e-01 -1.045455e+00 4 4 4
-5.000000e-01 -9.545455e-01 4 4 4
-5.000000e-01 -8.636364e-01 4 4 4
-5.000000e-01 -7.727273e-01 4 1 4
-5.000000e-01 -6.818182e-01 3 3 4
-5.000000e-01 -5.909091e-01 2 3 3
-5.000000e-01 -5.000000e-01 3 3 3
-5.000000e-01 -4.090909e-01 3 3 3
-5.000000e-01 -3.181818e-01 3 3 3
-5.000000e-01 -2.272727e-01 3 3 3
-5.000000e-01 -1.363636e-01 3 3 3
-5.000000e-01 -4.545455e-02 3 3 3
-5.000000e-01 4.545455e-02 3 4 3
-5.000000e-01 1.363636e-01 3 3 3
-5.000000e-01 2.272727e-01 3 3 3
-5.000000e-01 3.181818e-01 3 3 3
-5.000000e-01 4.090909e-01 3 3 3
-5.000000e-01 5.000000e-01 3 3 3
-5.000000e-01 5.909091e-01 3 3 3
-5.000000e-01 6.818182e-01 3 3 3
-5.000000e-01 7.727273e-01 3 3 3
-5.000000e-01 8.636364e-01 3 3 3
-5.000000e-01 9.545455e-01 3 3 3
-5.000000e-01 1.045455e+00 3 3 3
-5.000000e-01 1.136364e+00 3 3 3
-5.000000e-01 1.227273e+00 3 3 3
-5.000000e-01 1.318182e+00 3 3 3
-5.000000e-01 1.409091e+00 3 3 3
-5.000000e-01 1.500000e+00 3 3 3
-5.000000e-01 1.590909e+00 3 3 3
-5.000000e-01 1.681818e+00 3 3 3
-5.000000e-01 1.772727e+00 3 3 3
-5.000000e-01 1.863636e+00 3 3 3
-5.000000e-01 1.954545e+00 3 3 3
-5.000000e-01 2.045455e+00 3 3 3
-5.000000e-01 2.136364e+00 3 3 3
-5.000000e-01 2.227273e+00 3 3 3
-5.000000e-01 2.318182e+00 3 3 3
-5.000000e-01 2.409091e+00 3 3 3
-5.000000e-01 2.500000e+00 3 3 3
-5.000000e-01 2.590909e+00 3 3 3
-5.000000e-01 2.681818e+00 3 3 3
-5.000000e-01 2.772727e+00 3 3 3
-5.000000e-01 2.863636e+00 3 3 3
-5.000000e-01 2.954545e+00 3 3 3
-5.000000e-01 3.045455e+00 3 3 3
-5.000000e-01 3.136364e+00 3 3 3
-5.000000e-01 3.227273e+00 3 3 3
-5.000000e-01 3.318182e+00 3 3 3
-5.000000e-01 3.409091e+00 4 4 3
-5.000000e-01 3.500000e+00 4 4 3
-5.000000e-01 3.590909e+00 4 3 3
-5.000000e-01 3.681818e+00 3 3 3
-5.000000e-01 3.772727e+00 3 3 3
-5.000000e-01 3.863636e+00 4 4 3
-5.000000e-01 3.954545e+00 4 4 3
-5.000000e-01 4.045455e+00 3 3 3
-5.000000e-01 4.136364e+00 3 3 3
-5.000000e-01 4.227273e+00 3 3 3
-5.000000e-01 4.318182e+00 4 4 3
-5.000000e-01 4.409091e+00 4 4 3
-5.000000e-01 4.500000e+00 4 4 3

-4.090909e-01 -4.500000e+00 3 3 4
-4.090909e-01 -4.409091e+00 3 3 4
-4.090909e-01 -4.318182e+00 3 3 4
-4.090909e-01 -4.227273e+00 3 3 4
-4.090909e-01 -4.136364e+00 3 3 4
-4.090909e-01 -4.045455e+00 2 3 4
-4.090909e-01 -3.954545e+00 3 3 4
-4.090909e-01 -3.863636e+00 1 3 4
-4.090909e-01 -3.772727e+00 3 3 4
-4.090909e-01 -3.681818e+00 3 3 4
-4.090909e-01 -3.590909e+00 3 3 4
-4.090909e-01 -3.500000e+00 3 3 4
-4.090909e-01 -3.409091e+00 3 3 4
-4.090909e-01 -3.318182e+00 3 3 4
-4.090909e-01 -3.227273e+00 3 3 4
-4.090909e-01 -3.136364e+00 3 3 4
-4.090909e-01 -3.045455e+00 3 3 4
-4.090909e-01 -2.954545e+00 3 3 4
-4.090909e-01 -2.863636e+00 3 3 4
-4.090909e-01 -2.772727e+00 3 3 4
-4.090909e-01 -2.681818e+00 3 3 4
-4.090909e-01 -2.590909e+00 4 4 4
-4.090909e-01 -2.500000e+00 4 4 4
-4.090909e-01 -2.409091e+00 4 4 4
-4.090909e-01 -2.318182e+00 4 4 4
-4.090909e-01 -2.227273e+00 4 4 4
-4.090909e-01 -2.136364e+00 4 4 4
-4.090909e-01 -2.045455e+00 4 4 4
-4.090909e-01 -1.954545e+00 4 4 4
-4.090909e-01 -1.863636e+00 4 3 4
-4.090909e-01 -1.772727e+00 4 4 4
-4.090909e-01 -1.681818e+00 4 4 4
-4.090909e-01 -1.590909e+00 3 4 4
-4.090909e-01 -1.500000e+00 4 4 4
-4.090909e-01 -1.409091e+00 4 4 4
-4.090909e-01 -1.318182e+00 4 4 4
-4.090909e-01 -1.227273e+00 4 4 4
-4.090909e-01 -1.136364e+00 4 4 4
-4.090909e-01 -1.045455e+00 4 4 4
-4.090909e-01 -9.545455e-01 4 4 4
-4.090909e-01 -8.636364e-01 3 4 4
-4.090909e-01 -7.727273e-01 3 3 4
-4.090909e-01 -6.818182e-01 3 3 3
-4.090909e-01 -5.909091e-01 3 3 3
-4.090909e-01 -5.000000e-01 3 3 3
-4.090909e-01 -4.090909e-01 3 3 3
-4.090909e-01 -3.181818e-01 4 3 3
-4.090909e-01 -2.272727e-01 3 3 3
-4.090909e-01 -1.363636e-01 3 2 3
-4.090909e-01 -4.545455e-02 3 3 3
-4.090909e-01 4.545455e-02 3 3 3
-4.090909e-01 1.363636e-01 3 3 3
-4.090909e-01 2.272727e-01 3 3 3
-4.090909e-01 3.181818e-01 3 2 3
-4.090909e-01 4.090909e-01 3 0 3
-4.090909e-01 5.000000e-01 3 3 3
-4.090909e-01 5.909091e-01 3 3 3
-4.090909e-01 6.818182e-01 3 3 3
-4.090909e-01 7.727273e-01 3 3 3
-4.090909e-01 8.636364e-01 1 3 3
-4.090909e-01 9.545455e-01 3 3 3
-4.090909e-01 1.045455e+00 3 3 3
-4.090909e-01 1.136364e+00 3 3 3
-4.090909e-01 1.227273e+00 3 3 3
-4.090909e-01 1.318182e+00 3 3 3
-4.090909e-01 1.409091e+00 3 3 3
-4.090909e-01 1.500000e+00 3 3 3
-4.090909e-01 1.590909e+00 3 3 3
-4.090909e-01 1.681818e+00 3 3 3
-4.090909e-01 1.772727e+00 3 3 3
-4.090909e-01 1.863636e+00 3 3 3
-4.090909e-01 1.954545e+00 3 3 3
-4.090909e-01 2.045455e+00 3 3 3
-4.090909e-01 2.136364e+00 3 3 3
-4.090909e-01 2.227273e+00 3 3 3
-4.090909e-01 2.318182e+00 3 3 3
-4.090909e-01 2.409091e+00 3 3 3
-4.090909e-01 2.500000e+00 3 3 3
-4.090909e-01 2.590909e+00 3 3 3
-4.090909e-01 2.681818e+00 3 3 3
-4.090909e-01 2.772727e+00 3 3 3
-4.090909e-01 2.863636e+00 3 3 3
-4.090909e-01 2.954545e+00 3 3 3
-4.090909e-01 3.045455e+00 3 3 3
-4.090909e-01 3.136364e+00 3 3 3
-4.090909e-01 3.227273e+00 3 3 3
-4.090909e-01 3.318182e+00 3 3 3
-4.090909e-01 3.409091e+00 4 4 3
-4.090909e-01 3.500000e+00 4 4 3
-4.090909e-01 3.590909e+00 3 3 3
-4.090909e-01 3.681818e+00 1 3 3
-4.090909e-01 3.772727e+00 3 3 3
-4.090909e-01 3.863636e+00 4 4 3
-4.090909e-01 3.954545e+00 4 4 3
-4.090909e-01 4.045455e+00 3 3 3
-4.090909e-01 4.136364e+00 3 3 3
-4.090909e-01 4.227273e+00 3 3 3
-4.090909e-01 4.318182e+00 4 4 3
-4.090909e-01 4.409091e+00 4 4 3
-4.090909e-01 4.500000e+00 4 4 3

-3.181818e-01 -4.500000e+00 3 3 4
-3.181818e-01 -4.409091e+00 3 3 4
-3.181818e-01 -4.318182e+00 3 3 4
-3.181818e-01 -4.227273e+00 3 3 4
-3.181818e-01 -4.136364e+00 3 3 4
-3.181818e-01 -4.045455e+00 3 3 4
-3.181818e-01 -3.954545e+00 3 3 4
-3.181818e-01 -3.863636e+00 3 3 4
-3.181818e-01 -3.772727e+00 4 3 4
-3.181818e-01 -3.681818e+00 3 3 4
-3.181818e-01 -3.590909e+00 3 3 4
-3.181818e-01 -3.500000e+00 3 3 4
-3.181818e-01 -3.409091e+00 3 3 4
-3.181818e-01 -3.318182e+00 3 3 4
-3.181818e-01 -3.227273e+00 3 3 4
-3.181818e-01 -3.136364e+00 3 3 4
-3.181818e-01 -3.045455e+00 3 3 4
-3.181818e-01 -2.954545e+00 3 3 4
-3.181818e-01 -2.863636e+00 3 3 4
-3.181818e-01 -2.772727e+00 3 3 4
-3.181818e-01 -2.681818e+00 3 3 4
-3.181818e-01 -2.590909e+00 3 1 4
-3.181818e-01 -2.500000e+00 3 3 4
-3.181818e-01 -2.409091e+00 3 3 4
-3.181818e-01 -2.318182e+00 3 3 4
-3.181818e-01 -2.227273e+00 4 4 4
-3.181818e-01 -2.136364e+00 4 0 4
-3.181818e-01 -2.045455e+00 4 4 4
-3.181818e-01 -1.954545e+00 4 4 4
-3.181818e-01 -1.863636e+00 4 4 4
-3.181818e-01 -1.772727e+00 4 4 4
-3.181818e-01 -1.681818e+00 4 4 4
-3.181818e-01 -1.590909e+00 4 4 4
-3.181818e-01 -1.500000e+00 4 4 4
-3.181818e-01 -1.409091e+00 4 4 4
-3.181818e-01 -1.318182e+00 4 4 4
-3.181818e-01 -1.227273e+00 4 4 4
-3.181818e-01 -1.136364e+00 4 4 4
-3.181818e-01 -1.045455e+00 4 4 4
-3.181818e-01 -9.545455e-01 4 4 4
-3.181818e-01 -8.636364e-01 3 3 4
-3.181818e-01 -7.727273e-01 3 3 3
-3.181818e-01 -6.818182e-01 3 3 3
-3.181818e-01 -5.909091e-01 3 3 3
-3.181818e-01 -5.000000e-01 3 3 3
-3.181818e-01 -4.090909e-01 3 3 3
-3.181818e-01 -3.181818e-01 1 3 3
-3.181818e-01 -2.272727e-01 3 1 3
-3.181818e-01 -1.363636e-01 3 3 3
-3.181818e-01 -4.545455e-02 3 2 3
-3.181818e-01 4.545455e-02 3 3 3
-3.181818e-01 1.363636e-01 3 3 3
-3.181818e-01 2.272727e-01 3 3 3
-3.181818e-01 3.181818e-01 1 2 3
-3.181818e-01 4.090909e-01 3 3 3
-3.181818e-01 5.000000e-01 3 3 3
-3.181818e-01 5.909091e-01 3 3 3
-3.181818e-01 6.818182e-01 3 3 3
-3.181818e-01 7.727273e-01 3 3 3
-3.181818e-01 8.636364e-01 3 3 3
-3.181818e-01 9.545455e-01 1 3 3
-3.181818e-01 1.045455e+00 2 3 3
-3.181818e-01 1.136364e+00 1 3 3
-3.181818e-01 1.227273e+00 3 3 3
-3.181818e-01 1.318182e+00 3 3 3
-3.181818e-01 1.409091e+00 3 3 3
-3.181818e-01 1.500000e+00 3 3 3
-3.181818e-01 1.590909e+00 1 3 3
-3.181818e-01 1.681818e+00 3 3 3
-3.181818e-01 1.772727e+00 3 3 3
-3.181818e-01 1.863636e+00 1 3 3
-3.181818e-01 1.954545e+00 2 3 3
-3.181818e-01 2.045455e+00 3 3 3
-3.181818e-01 2.136364e+00 3 3 3
-3.181818e-01 2.227273e+00 3 3 3
-3.181818e-01 2.318182e+00 3 3 3
-3.181818e-01 2.409091e+00 3 3 3
-3.181818e-01 2.500000e+00 3 3 3
-3.181818e-01 2.590909e+00 3 3 3
-3.181818e-01 2.681818e+00 3 3 3
-3.181818e-01 2.772727e+00 3 3 3
-3.181818e-01 2.863636e+00 3 1 3
-3.181818e-01 2.954545e+00 3 3 3
-3.181818e-01 3.045455e+00 3 3 3
-3.181818e-01 3.136364e+00 3 3 3
-3.181818e-01 3.227273e+00 4 4 3
-3.181818e-01 3.318182e+00 3 3 3
-3.181818e-01 3.409091e+00 4 3 3
-3.181818e-01 3.500000e+00 4 4 3
-3.181818e-01 3.590909e+00 3 3 3
-3.181818e-01 3.681818e+00 3 3 3
-3.181818e-01 3.772727e+00 3 3 3
-3.181818e-01 3.863636e+00 3 3 3
-3.181818e-01 3.954545e+00 3 3 3
-3.181818e-01 4.045455e+00 3 3 3
-3.181818e-01 4.136364e+00 3 3 3
-3.181818e-01 4.227273e+00 3 3 3
-3.181818e-01 4.318182e+00 4 4 3
-3.181818e-01 4.409091e+00 4 4 3
-3.181818e-01 4.500000e+00 4 4 3

-2.272727e-01 -4.500000e+00 3 3 4
-2.272727e-01 -4.409091e+00 3 3 4
-2.272727e-01 -4.318182e+00 3 3 4
-2.272727e-01 -4.227273e+00 3 3 4
-2.272727e-01 -4.136364e+00 3 3 4
-2.272727e-01 -4.045455e+00 3 3 4
-2.272727e-01 -3.954545e+00 3 3 4
-2.272727e-01 -3.863636e+00 3 3 4
-2.272727e-01 -3.772727e+00 3 3 4
-2.272727e-01 -3.681818e+00 3 3 4
-2.272727e-01 -3.590909e+00 3 3 4
-2.272727e-01 -3.500000e+00 3 3 4
-2.272727e-01 -3.409091e+00 3 3 4
-2.272727e-01 -3.318182e+00 3 3 4
-2.272727e-01 -3.227273e+00 3 3 4
-2.272727e-01 -3.136364e+00 4 3 4
-2.272727e-01 -3.045455e+00 3 3 4
-2.272727e-01 -2.954545e+00 3 3 4
-2.272727e-01 -2.863636e+00 3 3 4
-2.272727e-01 -2.772727e+00 3 3 4
-2.272727e-01 -2.681818e+00 3 3 4
-2.272727e-01 -2.590909e+00 3 3 4
-2.272727e-01 -2.500000e+00 3 3 4
-2.272727e-01 -2.409091e+00 3 3 4
-2.272727e-01 -2.318182e+00 3 1 4
-2.272727e-01 -2.227273e+00 4 1 4
-2.272727e-01 -2.136364e+00 4 4 4
-2.272727e-01 -2.045455e+00 4 4 4
-2.272727e-01 -1.954545e+00 2 4 4
-2.272727e-01 -1.863636e+00 4 4 4
-2.272727e-01 -1.772727e+00 4 4 4
-2.272727e-01 -1.681818e+00 1 3 4
-2.272727e-01 -1.590909e+00 4 4 4
-2.272727e-01 -1.500000e+00 4 3 4
-2.272727e-01 -1.409091e+00 4 4 4
-2.272727e-01 -1.318182e+00 4 4 4
-2.272727e-01 -1.227273e+00 2 3 4
-2.272727e-01 -1.136364e+00 2 3 2
-2.272727e-01 -1.045455e+00 2 0 2
-2.272727e-01 -9.545455e-01 1 2 2
-2.272727e-01 -8.636364e-01 1 1 2
-2.272727e-01 -7.727273e-01 2 1 1
-2.272727e-01 -6.818182e-01 1 2 1
-2.272727e-01 -5.909091e-01 1 1 1
-2.272727e-01 -5.000000e-01 2 2 1
-2.272727e-01 -4.090909e-01 1 1 1
-2.272727e-01 -3.181818e-01 1 1 1
-2.272727e-01 -2.272727e-01 2 1 1
-2.272727e-01 -1.363636e-01 1 1 1
-2.272727e-01 -4.545455e-02 3 2 1
-2.272727e-01 4.545455e-02 1 1 1
-2.272727e-01 1.363636e-01 1 1 1
-2.272727e-01 2.272727e-01 1 1 1
-2.272727e-01 3.181818e-01 1 1 1
-2.272727e-01 4.090909e-01 1 1 1
-2.272727e-01 5.000000e-01 3 3 3
-2.272727e-01 5.909091e-01 3 2 3
-2.272727e-01 6.818182e-01 3 3 3
-2.272727e-01 7.727273e-01 1 3 3
-2.272727e-01 8.636364e-01 1 3 3
-2.272727e-01 9.545455e-01 1 3 3
-2.272727e-01 1.045455e+00 2 3 3
-2.272727e-01 1.136364e+00 3 1 3
-2.272727e-01 1.227273e+00 3 3 3
-2.272727e-01 1.318182e+00 3 3 3
-2.272727e-01 1.409091e+00 3 3 3
-2.272727e-01 1.500000e+00 3 3 3
-2.272727e-01 1.590909e+00 3 3 3
-2.272727e-01 1.681818e+00 3 3 3
-2.272727e-01 1.772727e+00 3 3 3
-2.272727e-01 1.863636e+00 3 3 3
-2.272727e-01 1.954545e+00 3 3 3
-2.272727e-01 2.045455e+00 3 3 3
-2.272727e-01 2.136364e+00 3 3 3
-2.272727e-01 2.227273e+00 3 3 3
-2.272727e-01 2.318182e+00 3 3 3
-2.272727e-01 2.409091e+00 3 3 3
-2.272727e-01 2.500000e+00 3 3 3
-2.272727e-01 2.590909e+00 3 3 3
-2.272727e-01 2.681818e+00 3 3 3
-2.272727e-01 2.772727e+00 3 3 3
-2.272727e-01 2.863636e+00 3 3 3
-2.272727e-01 2.954545e+00 3 3 3
-2.272727e-01 3.045455e+00 3 3 3
-2.272727e-01 3.136364e+00 4 3 3
-2.272727e-01 3.227273e+00 4 4 3
-2.272727e-01 3.318182e+00 3 3 3
-2.272727e-01 3.409091e+00 3 3 3
-2.272727e-01 3.500000e+00 3 3 3
-2.272727e-01 3.590909e+00 3 3 3
-2.272727e-01 3.681818e+00 3 3 3
-2.272727e-01 3.772727e+00 3 3 3
-2.272727e-01 3.863636e+00 3 3 3
-2.272727e-01 3.954545e+00 3 3 3
-2.272727e-01 4.045455e+00 3 3 3
-2.272727e-01 4.136364e+00 1 3 3
-2.272727e-01 4.227273e+00 3 3 3
-2.272727e-01 4.318182e+00 4 4 3
-2.272727e-01 4.409091e+00 4 4 3
-2.272727e-01 4.500000e+00 3 4 3

-1.363636e-01 -4.500000e+00 3 3 4
-1.363636e-01 -4.409091e+00 3 3 4
-1.363636e-01 -4.318182e+00 3 3 4
-1.363636e-01 -4.227273e+00 3 3 4
-1.363636e-01 -4.136364e+00 3 3 4
-1.363636e-01 -4.045455e+00 3 3 4
-1.363636e-01 -3.954545e+00 3 3 4
-1.363636e-01 -3.863636e+00 3 3 4
-1.363636e-01 -3.772727e+00 4 3 4
-1.363636e-01 -3.681818e+00 3 3 4
-1.363636e-01 -3.590909e+00 3 3 4
-1.363636e-01 -3.500000e+00 3 3 4
-1.363636e-01 -3.409091e+00 3 3 4
-1.363636e-01 -3.318182e+00 3 3 4
-1.363636e-01 -3.227273e+00 3 3 4
-1.363636e-01 -3.136364e+00 3 3 4
-1.363636e-01 -3.045455e+00 3 3 4
-1.363636e-01 -2.954545e+00 3 3 4
-1.363636e-01 -2.863636e+00 3 3 4
-1.363636e-01 -2.772727e+00 3 3 4
-1.363636e-01 -2.681818e+00 3 3 4
-1.363636e-01 -2.590909e+00 3 3 4
-1.363636e-01 -2.500000e+00 3 3 4
-1.363636e-01 -2.409091e+00 3 2 4
-1.363636e-01 -2.318182e+00 3 3 4
-1.363636e-01 -2.227273e+00 3 3 4
-1.363636e-01 -2.136364e+00 3 3 4
-1.363636e-01 -2.045455e+00 3 3 4
-1.363636e-01 -1.954545e+00 4 4 4
-1.363636e-01 -1.863636e+00 2 2 2
-1.363636e-01 -1.772727e+00 2 2 2
-1.363636e-01 -1.681818e+00 2 4 2
-1.363636e-01 -1.590909e+00 2 2 2
-1.363636e-01 -1.500000e+00 2 2 2
-1.363636e-01 -1.409091e+00 2 3 2
-1.363636e-01 -1.318182e+00 2 2 2
-1.363636e-01 -1.227273e+00 1 2 2
-1.363636e-01 -1.136364e+00 2 2 2
-1.363636e-01 -1.045455e+00 2 2 2
-1.363636e-01 -9.545455e-01 2 2 2
-1.363636e-01 -8.636364e-01 2 2 2
-1.363636e-01 -7.727273e-01 1 1 2
-1.363636e-01 -6.818182e-01 1 1 1
-1.363636e-01 -5.909091e-01 1 1 1
-1.363636e-01 -5.000000e-01 1 1 1
-1.363636e-01 -4.090909e-01 2 1 1
-1.363636e-01 -3.181818e-01 1 1 1
-1.363636e-01 -2.272727e-01 1 1 1
-1.363636e-01 -1.363636e-01 1 1 1
-1.363636e-01 -4.545455e-02 1 2 1
-1.363636e-01 4.545455e-02 1 1 1
-1.363636e-01 1.363636e-01 1 1 1
-1.363636e-01 2.272727e-01 1 1 1
-1.363636e-01 3.181818e-01 3 1 1
-1.363636e-01 4.090909e-01 1 1 1
-1.363636e-01 5.000000e-01 2 1 1
-1.363636e-01 5.909091e-01 1 2 1
-1.363636e-01 6.818182e-01 1 1 1
-1.363636e-01 7.727273e-01 1 1 1
-1.363636e-01 8.636364e-01 1 1 1
-1.363636e-01 9.545455e-01 1 1 1
-1.363636e-01 1.045455e+00 1 1 1
-1.363636e-01 1.136364e+00 3 3 3
-1.363636e-01 1.227273e+00 3 3 3
-1.363636e-01 1.318182e+00 3 3 3
-1.363636e-01 1.409091e+00 3 3 3
-1.363636e-01 1.500000e+00 3 3 3
-1.363636e-01 1.590909e+00 3 3 3
-1.363636e-01 1.681818e+00 1 3 3
-1.363636e-01 1.772727e+00 2 3 3
-1.363636e-01 1.863636e+00 3 3 3
-1.363636e-01 1.954545e+00 3 3 3
-1.363636e-01 2.045455e+00 3 3 3
-1.363636e-01 2.136364e+00 3 3 3
-1.363636e-01 2.227273e+00 3 3 3
-1.363636e-01 2.318182e+00 3 3 3
-1.363636e-01 2.409091e+00 1 3 3
-1.363636e-01 2.500000e+00 3 3 3
-1.363636e-01 2.590909e+00 3 3 3
-1.363636e-01 2.681818e+00 3 3 3
-1.363636e-01 2.772727e+00 3 3 3
-1.363636e-01 2.863636e+00 3 3 3
-1.363636e-01 2.954545e+00 3 3 3
-1.363636e-01 3.045455e+00 4 3 3
-1.363636e-01 3.136364e+00 3 3 3
-1.363636e-01 3.227273e+00 4 4 3
-1.363636e-01 3.318182e+00 3 3 3
-1.363636e-01 3.409091e+00 3 3 3
-1.363636e-01 3.500000e+00 3 3 3
-1.363636e-01 3.590909e+00 3 3 3
-1.363636e-01 3.681818e+00 1 3 3
-1.363636e-01 3.772727e+00 3 3 3
-1.363636e-01 3.863636e+00 3 3 3
-1.363636e-01 3.954545e+00 3 3 3
-1.363636e-01 4.045455e+00 3 3 3
-1.363636e-01 4.136364e+00 3 3 3
-1.363636e-01 4.227273e+00 3 3 3
-1.363636e-01 4.318182e+00 4 4 3
-1.363636e-01 4.409091e+00 4 4 3
-1.363636e-01 4.500000e+00 4 4 3

-4.545455e-02 -4.500000e+00 3 3 4
-4.545455e-02 -4.409091e+00 3 3 4
-4.545455e-02 -4.318182e+00 3 3 4
-4.545455e-02 -4.227273e+00 3 3 4
-4.545455e-02 -4.136364e+00 3 3 4
-4.545455e-02 -4.045455e+00 3 3 4
-4.545455e-02 -3.954545e+00 1 3 4
-4.545455e-02 -3.863636e+00 3 3 4
-4.545455e-02 -3.772727e+00 1 2 4
-4.545455e-02 -3.681818e+00 3 3 4
-4.545455e-02 -3.590909e+00 3 3 4
-4.545455e-02 -3.500000e+00 3 3 4
-4.545455e-02 -3.409091e+00 3 3 4
-4.545455e-02 -3.318182e+00 3 3 4
-4.545455e-02 -3.227273e+00 3 3 4
-4.545455e-02 -3.136364e+00 3 3 4
-4.545455e-02 -3.045455e+00 3 3 4
-4.545455e-02 -2.954545e+00 3 3 4
-4.545455e-02 -2.863636e+00 3 0 4
-4.545455e-02 -2.772727e+00 3 3 4
-4.545455e-02 -2.681818e+00 3 3 2
-4.545455e-02 -2.590909e+00 3 3 2
-4.545455e-02 -2.500000e+00 3 3 2
-4.545455e-02 -2.409091e+00 1 1 2
-4.545455e-02 -2.318182e+00 1 1 2
-4.545455e-02 -2.227273e+00 1 1 2
-4.545455e-02 -2.136364e+00 2 1 2
-4.545455e-02 -2.045455e+00 1 1 2
-4.545455e-02 -1.954545e+00 1 2 2
-4.545455e-02 -1.863636e+00 1 1 2
-4.545455e-02 -1.772727e+00 2 2 2
-4.545455e-02 -1.681818e+00 2 4 2
-4.545455e-02 -1.590909e+00 2 2 2
-4.545455e-02 -1.500000e+00 2 1 2
-4.545455e-02 -1.409091e+00 1 2 2
-4.545455e-02 -1.318182e+00 1 1 2
-4.545455e-02 -1.227273e+00 2 2 2
-4.545455e-02 -1.136364e+00 2 2 2
-4.545455e-02 -1.045455e+00 1 2 2
-4.545455e-02 -9.545455e-01 1 2 2
-4.545455e-02 -8.636364e-01 2 2 2
-4.545455e-02 -7.727273e-01 1 1 2
-4.545455e-02 -6.818182e-01 1 1 2
-4.545455e-02 -5.909091e-01 1 1 1
-4.545455e-02 -5.000000e-01 1 1 1
-4.545455e-02 -4.090909e-01 1 1 1
-4.545455e-02 -3.181818e-01 1 1 1
-4.545455e-02 -2.272727e-01 1 1 1
-4.545455e-02 -1.363636e-01 1 1 1
-4.545455e-02 -4.545455e-02 1 1 1
-4.545455e-02 4.545455e-02 1 1 1
-4.545455e-02 1.363636e-01 1 1 1
-4.545455e-02 2.272727e-01 1 2 1
-4.545455e-02 3.181818e-01 1 4 1
-4.545455e-02 4.090909e-01 1 1 1
-4.545455e-02 5.000000e-01 2 1 1
-4.545455e-02 5.909091e-01 1 1 1
-4.545455e-02 6.818182e-01 3 1 1
-4.545455e-02 7.727273e-01 1 1 1
-4.545455e-02 8.636364e-01 1 1 1
-4.545455e-02 9.545455e-01 3 1 1
-4.545455e-02 1.045455e+00 1 1 1
-4.545455e-02 1.136364e+00 1 1 1
-4.545455e-02 1.227273e+00 1 1 1
-4.545455e-02 1.318182e+00 1 1 1
-4.545455e-02 1.409091e+00 1 1 1
-4.545455e-02 1.500000e+00 1 1 1
-4.545455e-02 1.590909e+00 1 1 1
-4.545455e-02 1.681818e+00 1 2 1
-4.545455e-02 1.772727e+00 1 1 1
-4.545455e-02 1.863636e+00 1 1 3
-4.545455e-02 1.954545e+00 3 3 3
-4.545455e-02 2.045455e+00 3 3 3
-4.545455e-02 2.136364e+00 3 3 3
-4.545455e-02 2.227273e+00 3 3 3
-4.545455e-02 2.318182e+00 3 3 3
-4.545455e-02 2.409091e+00 3 3 3
-4.545455e-02 2.500000e+00 3 3 3
-4.545455e-02 2.590909e+00 3 3 3
-4.545455e-02 2.681818e+00 3 3 3
-4.545455e-02 2.772727e+00 3 3 3
-4.545455e-02 2.863636e+00 3 3 3
-4.545455e-02 2.954545e+00 3 3 3
-4.545455e-02 3.045455e+00 4 4 3
-4.545455e-02 3.136364e+00 3 3 3
-4.545455e-02 3.227273e+00 3 3 3
-4.545455e-02 3.318182e+00 3 3 3
-4.545455e-02 3.409091e+00 3 3 3
-4.545455e-02 3.500000e+00 3 3 3
-4.545455e-02 3.590909e+00 3 3 3
-4.545455e-02 3.681818e+00 3 3 3
-4.545455e-02 3.772727e+00 3 3 3
-4.545455e-02 3.863636e+00 3 3 3
-4.545455e-02 3.954545e+00 3 3 3
-4.545455e-02 4.045455e+00 3 3 3
-4.545455e-02 4.136364e+00 3 3 3
-4.545455e-02 4.227273e+00 3 3 3
-4.545455e-02 4.318182e+00 4 4 3
-4.545455e-02 4.409091e+00 4 1 3
-4.545455e-02 4.500000e+00 2 4 3

4.545455e-02 -4.500000e+00 3 3 4
4.545455e-02 -4.409091e+00 1 3 4
4.545455e-02 -4.318182e+00 3 3 4
4.545455e-02 -4.227273e+00 3 3 4
4.545455e-02 -4.136364e+00 3 3 4
4.545455e-02 -4.045455e+00 3 0 4
4.545455e-02 -3.954545e+00 1 3 4
4.545455e-02 -3.863636e+00 1 1 4
4.545455e-02 -3.772727e+00 1 1 4
4.545455e-02 -3.681818e+00 3 3 2
4.545455e-02 -3.590909e+00 3 3 2
4.545455e-02 -3.500000e+00 3 3 2
4.545455e-02 -3.409091e+00 3 3 2
4.545455e-02 -3.318182e+00 3 3 2
4.545455e-02 -3.227273e+00 1 1 2
4.545455e-02 -3.136364e+00 1 1 2
4.545455e-02 -3.045455e+00 3 3 2
4.545455e-02 -2.954545e+00 3 3 2
4.545455e-02 -2.863636e+00 1 1 2
4.545455e-02 -2.772727e+00 1 3 2
4.545455e-02 -2.681818e+00 2 3 2
4.545455e-02 -2.590909e+00 2 2 2
4.545455e-02 -2.500000e+00 1 1 2
4.545455e-02 -2.409091e+00 1 1 2
4.545455e-02 -2.318182e+00 2 2 2
4.545455e-02 -2.227273e+00 1 1 2
4.545455e-02 -2.136364e+00 1 1 2
4.545455e-02 -2.045455e+00 2 2 2
4.545455e-02 -1.954545e+00 2 2 2
4.545455e-02 -1.863636e+00 1 2 2
4.545455e-02 -1.772727e+00 1 1 2
4.545455e-02 -1.681818e+00 2 2 2
4.545455e-02 -1.590909e+00 2 2 2
4.545455e-02 -1.500000e+00 2 2 2
4.545455e-02 -1.409091e+00 2 2 2
4.545455e-02 -1.318182e+00 2 2 2
4.545455e-02 -1.227273e+00 2 2 2
4.545455e-02 -1.136364e+00 2 3 2
4.545455e-02 -1.045455e+00 2 2 2
4.545455e-02 -9.545455e-01 2 2 2
4.545455e-02 -8.636364e-01 2 2 2
4.545455e-02 -7.727273e-01 2 1 2
4.545455e-02 -6.818182e-01 1 1 2
4.545455e-02 -5.909091e-01 1 1 1
4.545455e-02 -5.000000e-01 1 1 1
4.545455e-02 -4.090909e-01 3 1 1
4.545455e-02 -3.181818e-01 1 2 1
4.545455e-02 -2.272727e-01 1 1 1
4.545455e-02 -1.363636e-01 1 1 1
4.545455e-02 -4.545455e-02 1 1 1
4.545455e-02 4.545455e-02 1 1 1
4.545455e-02 1.363636e-01 4 2 1
4.545455e-02 2.272727e-01 1 2 1
4.545455e-02 3.181818e-01 1 1 1
4.545455e-02 4.090909e-01 1 1 1
4.545455e-02 5.000000e-01 1 1 1
4.545455e-02 5.909091e-01 1 1 1
4.545455e-02 6.818182e-01 1 1 1
4.545455e-02 7.727273e-01 1 1 1
4.545455e-02 8.636364e-01 3 1 1
4.545455e-02 9.545455e-01 1 2 1
4.545455e-02 1.045455e+00 1 1 1
4.545455e-02 1.136364e+00 1 1 1
4.545455e-02 1.227273e+00 1 2 1
4.545455e-02 1.318182e+00 1 1 1
4.545455e-02 1.409091e+00 1 1 1
4.545455e-02 1.500000e+00 1 2 1
4.545455e-02 1.590909e+00 3 1 1
4.545455e-02 1.681818e+00 1 1 1
4.545455e-02 1.772727e+00 3 1 1
4.545455e-02 1.863636e+00 1 2 1
4.545455e-02 1.954545e+00 1 1 1
4.545455e-02 2.045455e+00 3 1 1
4.545455e-02 2.136364e+00 1 1 1
4.545455e-02 2.227273e+00 1 1 1
4.545455e-02 2.318182e+00 1 1 1
4.545455e-02 2.409091e+00 2 1 1
4.545455e-02 2.500000e+00 1 1 1
4.545455e-02 2.590909e+00 3 3 3
4.545455e-02 2.681818e+00 3 3 3
4.545455e-02 2.772727e+00 3 3 3
4.545455e-02 2.863636e+00 3 3 3
4.545455e-02 2.954545e+00 1 3 3
4.545455e-02 3.045455e+00 3 3 3
4.545455e-02 3.136364e+00 3 3 3
4.545455e-02 3.227273e+00 3 3 3
4.545455e-02 3.318182e+00 3 3 3
4.545455e-02 3.409091e+00 1 3 3
4.545455e-02 3.500000e+00 3 3 3
4.545455e-02 3.590909e+00 3 3 3
4.545455e-02 3.681818e+00 3 3 3
4.545455e-02 3.772727e+00 3 3 3
4.545455e-02 3.863636e+00 3 3 3
4.545455e-02 3.954545e+00 3 3 3
4.545455e-02 4.045455e+00 3 3 3
4.545455e-02 4.136364e+00 3 3 3
4.545455e-02 4.227273e+00 3 3 3
4.545455e-02 4.318182e+00 4 4 3
4.545455e-02 4.409091e+00 4 4 3
4.545455e-02 4.500000e+00 2 4 3

1.363636e-01 -4.500000e+00 3 3 2
1.363636e-01 -4.409091e+00 3 3 2
1.363636e-01 -4.318182e+00 3 3 2
1.363636e-01 -4.227273e+00 3 3 2
1.363636e-01 -4.136364e+00 3 3 2
1.363636e-01 -4.045455e+00 1 1 2
1.363636e-01 -3.954545e+00 1 1 2
1.363636e-01 -3.863636e+00 1 1 2
1.363636e-01 -3.772727e+00 1 1 2
1.363636e-01 -3.681818e+00 1 2 2
1.363636e-01 -3.590909e+00 3 3 2
1.363636e-01 -3.500000e+00 3 3 2
1.363636e-01 -3.409091e+00 4 1 2
1.363636e-01 -3.318182e+00 2 1 2
1.363636e-01 -3.227273e+00 1 1 2
1.363636e-01 -3.136364e+00 1 1 2
1.363636e-01 -3.045455e+00 1 1 2
1.363636e-01 -2.954545e+00 1 1 2
1.363636e-01 -2.863636e+00 1 1 2
1.363636e-01 -2.772727e+00 1 1 2
1.363636e-01 -2.681818e+00 1 3 2
1.363636e-01 -2.590909e+00 1 1 2
1.363636e-01 -2.500000e+00 1 1 2
1.363636e-01 -2.409091e+00 1 1 2
1.363636e-01 -2.318182e+00 1 1 2
1.363636e-01 -2.227273e+00 1 1 2
1.363636e-01 -2.136364e+00 2 3 2
1.363636e-01 -2.045455e+00 2 2 2
1.363636e-01 -1.954545e+00 2 2 2
1.363636e-01 -1.863636e+00 2 2 2
1.363636e-01 -1.772727e+00 2 2 2
1.363636e-01 -1.681818e+00 2 2 2
1.363636e-01 -1.590909e+00 2 2 2
1.363636e-01 -1.500000e+00 2 2 2
1.363636e-01 -1.409091e+00 2 1 2
1.363636e-01 -1.318182e+00 2 2 2
1.363636e-01 -1.227273e+00 2 2 2
1.363636e-01 -1.136364e+00 1 2 2
1.363636e-01 -1.045455e+00 1 1 2
1.363636e-01 -9.545455e-01 1 2 2
1.363636e-01 -8.636364e-01 1 2 2
1.363636e-01 -7.727273e-01 3 3 2
1.363636e-01 -6.818182e-01 1 1 2
1.363636e-01 -5.909091e-01 1 1 1
1.363636e-01 -5.000000e-01 1 1 1
1.363636e-01 -4.090909e-01 1 1 1
1.363636e-01 -3.181818e-01 1 1 1
1.363636e-01 -2.272727e-01 1 1 1
1.363636e-01 -1.363636e-01 1 1 1
1.363636e-01 -4.545455e-02 1 1 1
1.363636e-01 4.545455e-02 1 1 1
1.363636e-01 1.363636e-01 2 1 1
1.363636e-01 2.272727e-01 1 1 1
1.363636e-01 3.181818e-01 1 1 1
1.363636e-01 4.090909e-01 1 1 1
1.363636e-01 5.000000e-01 1 1 1
1.363636e-01 5.909091e-01 1 1 1
1.363636e-01 6.818182e-01 1 1 1
1.363636e-01 7.727273e-01 1 1 1
1.363636e-01 8.636364e-01 1 1 1
1.363636e-01 9.545455e-01 1 2 1
1.363636e-01 1.045455e+00 1 2 1
1.363636e-01 1.136364e+00 1 1 1
1.363636e-01 1.227273e+00 1 1 1
1.363636e-01 1.318182e+00 1 1 1
1.363636e-01 1.409091e+00 1 1 1
1.363636e-01 1.500000e+00 3 1 1
1.363636e-01 1.590909e+00 1 1 1
1.363636e-01 1.681818e+00 1 1 1
1.363636e-01 1.772727e+00 1 1 1
1.363636e-01 1.863636e+00 1 1 1
1.363636e-01 1.954545e+00 1 1 1
1.363636e-01 2.045455e+00 3 2 1
1.363636e-01 2.136364e+00 3 1 1
1.363636e-01 2.227273e+00 3 1 1
1.363636e-01 2.318182e+00 1 1 1
1.363636e-01 2.409091e+00 1 1 1
1.363636e-01 2.500000e+00 1 1 1
1.363636e-01 2.590909e+00 1 1 1
1.363636e-01 2.681818e+00 1 1 1
1.363636e-01 2.772727e+00 1 1 1
1.363636e-01 2.863636e+00 0 1 1
1.363636e-01 2.954545e+00 2 1 1
1.363636e-01 3.045455e+00 1 2 1
1.363636e-01 3.136364e+00 1 1 1
1.363636e-01 3.227273e+00 1 1 1
1.363636e-01 3.318182e+00 2 2 1
1.363636e-01 3.409091e+00 3 3 3
1.363636e-01 3.500000e+00 3 3 3
1.363636e-01 3.590909e+00 3 3 3
1.363636e-01 3.681818e+00 3 3 3
1.363636e-01 3.772727e+00 4 3 3
1.363636e-01 3.863636e+00 3 3 3
1.363636e-01 3.954545e+00 3 3 3
1.363636e-01 4.045455e+00 3 3 3
1.363636e-01 4.136364e+00 3 3 3
1.363636e-01 4.227273e+00 3 3 3
1.363636e-01 4.318182e+00 4 4 3
1.363636e-01 4.409091e+00 2 4 3
1.363636e-01 4.500000e+00 4 4 3

2.272727e-01 -4.500000e+00 3 3 2
2.272727e-01 -4.409091e+00 3 3 2
2.272727e-01 -4.318182e+00 3 3 2
2.272727e-01 -4.227273e+00 1 1 2
2.272727e-01 -4.136364e+00 1 1 2
2.272727e-01 -4.045455e+00 1 1 2
2.272727e-01 -3.954545e+00 1 1 2
2.272727e-01 -3.863636e+00 1 1 2
2.272727e-01 -3.772727e+00 1 1 2
2.272727e-01 -3.681818e+00 1 2 2
2.272727e-01 -3.590909e+00 1 3 2
2.272727e-01 -3.500000e+00 1 1 2
2.272727e-01 -3.409091e+00 1 1 2
2.272727e-01 -3.318182e+00 1 1 2
2.272727e-01 -3.227273e+00 1 1 2
2.272727e-01 -3.136364e+00 1 1 2
2.272727e-01 -3.045455e+00 1 1 2
2.272727e-01 -2.954545e+00 1 2 2
2.272727e-01 -2.863636e+00 1 1 2
2.272727e-01 -2.772727e+00 1 4 2
2.272727e-01 -2.681818e+00 1 1 2
2.272727e-01 -2.590909e+00 2 2 2
2.272727e-01 -2.500000e+00 1 3 2
2.272727e-01 -2.409091e+00 1 1 2
2.272727e-01 -2.318182e+00 1 1 2
2.272727e-01 -2.227273e+00 1 1 2
2.272727e-01 -2.136364e+00 1 1 2
2.272727e-01 -2.045455e+00 2 2 2
2.272727e-01 -1.954545e+00 1 2 2
2.272727e-01 -1.863636e+00 1 1 2
2.272727e-01 -1.772727e+00 1 1 2
2.272727e-01 -1.681818e+00 1 1 2
2.272727e-01 -1.590909e+00 2 2 2
2.272727e-01 -1.500000e+00 2 2 2
2.272727e-01 -1.409091e+00 2 2 2
2.272727e-01 -1.318182e+00 2 2 2
2.272727e-01 -1.227273e+00 2 2 2
2.272727e-01 -1.136364e+00 2 2 2
2.272727e-01 -1.045455e+00 2 2 2
2.272727e-01 -9.545455e-01 2 2 2
2.272727e-01 -8.636364e-01 2 1 2
2.272727e-01 -7.727273e-01 2 1 2
2.272727e-01 -6.818182e-01 2 2 2
2.272727e-01 -5.909091e-01 1 1 2
2.272727e-01 -5.000000e-01 1 1 1
2.272727e-01 -4.090909e-01 1 1 1
2.272727e-01 -3.181818e-01 1 1 1
2.272727e-01 -2.272727e-01 1 1 1
2.272727e-01 -1.363636e-01 1 1 1
2.272727e-01 -4.545455e-02 1 2 1
2.272727e-01 4.545455e-02 1 1 1
2.272727e-01 1.363636e-01 1 1 1
2.272727e-01 2.272727e-01 1 4 1
2.272727e-01 3.181818e-01 1 2 1
2.272727e-01 4.090909e-01 1 1 1
2.272727e-01 5.000000e-01 1 1 1
2.272727e-01 5.909091e-01 1 1 1
2.272727e-01 6.818182e-01 1 1 1
2.272727e-01 7.727273e-01 1 1 1
2.272727e-01 8.636364e-01 1 1 1
2.272727e-01 9.545455e-01 2 1 1
2.272727e-01 1.045455e+00 2 2 1
2.272727e-01 1.136364e+00 1 2 1
2.272727e-01 1.227273e+00 1 1 1
2.272727e-01 1.318182e+00 1 1 1
2.272727e-01 1.409091e+00 1 1 1
2.272727e-01 1.500000e+00 1 1 1
2.272727e-01 1.590909e+00 1 1 1
2.272727e-01 1.681818e+00 1 1 1
2.272727e-01 1.772727e+00 1 1 1
2.272727e-01 1.863636e+00 1 1 1
2.272727e-01 1.954545e+00 1 2 1
2.272727e-01 2.045455e+00 1 2 1
2.272727e-01 2.136364e+00 1 1 1
2.272727e-01 2.227273e+00 1 1 1
2.272727e-01 2.318182e+00 1 1 1
2.272727e-01 2.409091e+00 1 1 1
2.272727e-01 2.500000e+00 1 1 1
2.272727e-01 2.590909e+00 2 1 1
2.272727e-01 2.681818e+00 1 1 1
2.272727e-01 2.772727e+00 1 1 1
2.272727e-01 2.863636e+00 1 2 1
2.272727e-01 2.954545e+00 1 1 1
2.272727e-01 3.045455e+00 1 1 1
2.272727e-01 3.136364e+00 1 1 1
2.272727e-01 3.227273e+00 1 1 1
2.272727e-01 3.318182e+00 1 1 1
2.272727e-01 3.409091e+00 1 1 1
2.272727e-01 3.500000e+00 3 1 1
2.272727e-01 3.590909e+00 3 1 1
2.272727e-01 3.681818e+00 3 1 1
2.272727e-01 3.772727e+00 1 1 1
2.272727e-01 3.863636e+00 1 1 1
2.272727e-01 3.954545e+00 1 1 1
2.272727e-01 4.045455e+00 1 1 1
2.272727e-01 4.136364e+00 1 1 1
2.272727e-01 4.227273e+00 1 1 1
2.272727e-01 4.318182e+00 4 4 3
2.272727e-01 4.409091e+00 4 4 3
2.272727e-01 4.500000e+00 4 4 3

3.181818e-01 -4.500000e+00 3 3 2
3.181818e-01 -4.409091e+00 3 2 2
3.181818e-01 -4.318182e+00 3 3 2
3.181818e-01 -4.227273e+00 1 1 2
3.181818e-01 -4.136364e+00 1 1 2
3.181818e-01 -4.045455e+00 1 1 2
3.181818e-01 -3.954545e+00 1 1 2
3.181818e-01 -3.863636e+00 1 1 2
3.181818e-01 -3.772727e+00 1 1 2
3.181818e-01 -3.681818e+00 4 4 2
3.181818e-01 -3.590909e+00 1 1 2
3.181818e-01 -3.500000e+00 3 1 2
3.181818e-01 -3.409091e+00 1 1 2
3.181818e-01 -3.318182e+00 2 1 2
3.181818e-01 -3.227273e+00 1 1 2
3.181818e-01 -3.136364e+00 1 1 2
3.181818e-01 -3.045455e+00 1 1 2
3.181818e-01 -2.954545e+00 1 2 2
3.181818e-01 -2.863636e+00 1 1 2
3.181818e-01 -2.772727e+00 1 1 2
3.181818e-01 -2.681818e+00 1 1 2
3.181818e-01 -2.590909e+00 1 1 2
3.181818e-01 -2.500000e+00 1 1 2
3.181818e-01 -2.409091e+00 2 1 2
3.181818e-01 -2.318182e+00 2 1 2
3.181818e-01 -2.227273e+00 2 1 2
3.181818e-01 -2.136364e+00 2 1 2
3.181818e-01 -2.045455e+00 2 1 2
3.181818e-01 -1.954545e+00 2 2 2
3.181818e-01 -1.863636e+00 2 2 2
3.181818e-01 -1.772727e+00 2 2 2
3.181818e-01 -1.681818e+00 2 2 2
3.181818e-01 -1.590909e+00 2 2 2
3.181818e-01 -1.500000e+00 2 2 2
3.181818e-01 -1.409091e+00 2 2 2
3.181818e-01 -1.318182e+00 2 2 2
3.181818e-01 -1.227273e+00 2 2 2
3.181818e-01 -1.136364e+00 2 2 2
3.181818e-01 -1.045455e+00 2 2 2
3.181818e-01 -9.545455e-01 2 2 2
3.181818e-01 -8.636364e-01 2 2 2
3.181818e-01 -7.727273e-01 1 2 2
3.181818e-01 -6.818182e-01 1 1 2
3.181818e-01 -5.909091e-01 2 1 2
3.181818e-01 -5.000000e-01 1 1 1
3.181818e-01 -4.090909e-01 2 1 1
3.181818e-01 -3.181818e-01 1 1 1
3.181818e-01 -2.272727e-01 1 1 1
3.181818e-01 -1.363636e-01 1 1 1
3.181818e-01 -4.545455e-02 1 1 1
3.181818e-01 4.545455e-02 1 2 1
3.181818e-01 1.363636e-01 2 2 1
3.181818e-01 2.272727e-01 3 4 1
3.181818e-01 3.181818e-01 1 1 1
3.181818e-01 4.090909e-01 1 1 1
3.181818e-01 5.000000e-01 1 1 1
3.181818e-01 5.909091e-01 1 1 1
3.181818e-01 6.818182e-01 1 1 1
3.181818e-01 7.727273e-01 1 1 1
3.181818e-01 8.636364e-01 1 1 1
3.181818e-01 9.545455e-01 1 1 1
3.181818e-01 1.045455e+00 1 1 1
3.181818e-01 1.136364e+00 2 2 1
3.181818e-01 1.227273e+00 1 1 1
3.181818e-01 1.318182e+00 1 1 1
3.181818e-01 1.409091e+00 1 1 1
3.181818e-01 1.500000e+00 1 1 1
3.181818e-01 1.590909e+00 1 1 1
3.181818e-01 1.681818e+00 1 1 1
3.181818e-01 1.772727e+00 1 1 1
3.181818e-01 1.863636e+00 1 1 1
3.181818e-01 1.954545e+00 1 1 1
3.181818e-01 2.045455e+00 1 1 1
3.181818e-01 2.136364e+00 1 1 1
3.181818e-01 2.227273e+00 1 1 1
3.181818e-01 2.318182e+00 1 1 1
3.181818e-01 2.409091e+00 1 1 1
3.181818e-01 2.500000e+00 1 1 1
3.181818e-01 2.590909e+00 1 1 1
3.181818e-01 2.681818e+00 1 1 1
3.181818e-01 2.772727e+00 2 1 1
3.181818e-01 2.863636e+00 1 1 1
3.181818e-01 2.954545e+00 2 2 1
3.181818e-01 3.045455e+00 2 1 1
3.181818e-01 3.136364e+00 1 1 1
3.181818e-01 3.227273e+00 1 1 1
3.181818e-01 3.318182e+00 1 1 1
3.181818e-01 3.409091e+00 1 1 1
3.181818e-01 3.500000e+00 1 1 1
3.181818e-01 3.590909e+00 3 1 1
3.181818e-01 3.681818e+00 3 1 1
3.181818e-01 3.772727e+00 3 1 1
3.181818e-01 3.863636e+00 3 1 1
3.181818e-01 3.954545e+00 1 1 1
3.181818e-01 4.045455e+00 1 1 1
3.181818e-01 4.136364e+00 1 1 1
3.181818e-01 4.227273e+00 1 1 1
3.181818e-01 4.318182e+00 1 3 1
3.181818e-01 4.409091e+00 1 4 1
3.181818e-01 4.500000e+00 4 4 1

4.090909e-01 -4.500000e+00 3 3 2
4.090909e-01 -4.409091e+00 3 3 2
4.090909e-01 -4.318182e+00 1 1 2
4.090909e-01 -4.227273e+00 1 1 2
4.090909e-01 -4.136364e+00 1 1 2
4.090909e-01 -4.045455e+00 1 1 2
4.090909e-01 -3.954545e+00 1 1 2
4.090909e-01 -3.863636e+00 1 1 2
4.090909e-01 -3.772727e+00 2 1 2
4.090909e-01 -3.681818e+00 2 2 2
4.090909e-01 -3.590909e+00 1 4 2
4.090909e-01 -3.500000e+00 1 2 2
4.090909e-01 -3.409091e+00 1 1 2
4.090909e-01 -3.318182e+00 1 1 2
4.090909e-01 -3.227273e+00 1 1 2
4.090909e-01 -3.136364e+00 1 1 2
4.090909e-01 -3.045455e+00 1 1 2
4.090909e-01 -2.954545e+00 3 1 2
4.090909e-01 -2.863636e+00 1 1 2
4.090909e-01 -2.772727e+00 1 1 2
4.090909e-01 -2.681818e+00 1 1 2
4.090909e-01 -2.590909e+00 1 1 2
4.090909e-01 -2.500000e+00 1 1 2
4.090909e-01 -2.409091e+00 2 2 2
4.090909e-01 -2.318182e+00 2 2 2
4.090909e-01 -2.227273e+00 2 2 2
4.090909e-01 -2.136364e+00 2 2 2
4.090909e-01 -2.045455e+00 2 2 2
4.090909e-01 -1.954545e+00 2 2 2
4.090909e-01 -1.863636e+00 2 2 2
4.090909e-01 -1.772727e+00 2 2 2
4.090909e-01 -1.681818e+00 2 2 2
4.090909e-01 -1.590909e+00 2 2 2
4.090909e-01 -1.500000e+00 2 2 2
4.090909e-01 -1.409091e+00 2 2 2
4.090909e-01 -1.318182e+00 1 2 2
4.090909e-01 -1.227273e+00 1 2 2
4.090909e-01 -1.136364e+00 2 2 2
4.090909e-01 -1.045455e+00 2 2 2
4.090909e-01 -9.545455e-01 1 2 2
4.090909e-01 -8.636364e-01 1 2 2
4.090909e-01 -7.727273e-01 1 2 2
4.090909e-01 -6.818182e-01 1 1 2
4.090909e-01 -5.909091e-01 1 1 2
4.090909e-01 -5.000000e-01 2 1 1
4.090909e-01 -4.090909e-01 1 1 1
4.090909e-01 -3.181818e-01 1 4 1
4.090909e-01 -2.272727e-01 2 1 1
4.090909e-01 -1.363636e-01 1 1 1
4.090909e-01 -4.545455e-02 1 1 1
4.090909e-01 4.545455e-02 2 1 1
4.090909e-01 1.363636e-01 1 1 1
4.090909e-01 2.272727e-01 1 1 1
4.090909e-01 3.181818e-01 1 1 1
4.090909e-01 4.090909e-01 1 1 1
4.090909e-01 5.000000e-01 1 1 1
4.090909e-01 5.909091e-01 1 1 1
4.090909e-01 6.818182e-01 1 1 1
4.090909e-01 7.727273e-01 1 1 1
4.090909e-01 8.636364e-01 1 1 1
4.090909e-01 9.545455e-01 1 1 1
4.090909e-01 1.045455e+00 1 1 1
4.090909e-01 1.136364e+00 1 1 1
4.090909e-01 1.227273e+00 1 1 1
4.090909e-01 1.318182e+00 1 1 1
4.090909e-01 1.409091e+00 1 1 1
4.090909e-01 1.500000e+00 1 1 1
4.090909e-01 1.590909e+00 1 1 1
4.090909e-01 1.681818e+00 1 1 1
4.090909e-01 1.772727e+00 1 1 1
4.090909e-01 1.863636e+00 1 1 1
4.090909e-01 1.954545e+00 1 1 1
4.090909e-01 2.045455e+00 1 1 1
4.090909e-01 2.136364e+00 1 1 1
4.090909e-01 2.227273e+00 1 1 1
4.090909e-01 2.318182e+00 1 1 1
4.090909e-01 2.409091e+00 1 1 1
4.090909e-01 2.500000e+00 1 1 1
4.090909e-01 2.590909e+00 1 1 1
4.090909e-01 2.681818e+00 1 1 1
4.090909e-01 2.772727e+00 2 1 1
4.090909e-01 2.863636e+00 1 1 1
4.090909e-01 2.954545e+00 1 2 1
4.090909e-01 3.045455e+00 1 2 1
4.090909e-01 3.136364e+00 2 1 1
4.090909e-01 3.227273e+00 1 1 1
4.090909e-01 3.318182e+00 1 1 1
4.090909e-01 3.409091e+00 1 1 1
4.090909e-01 3.500000e+00 1 1 1
4.090909e-01 3.590909e+00 1 1 1
4.090909e-01 3.681818e+00 1 1 1
4.090909e-01 3.772727e+00 1 1 1
4.090909e-01 3.863636e+00 1 1 1
4.090909e-01 3.954545e+00 1 1 1
4.090909e-01 4.045455e+00 1 1 1
4.090909e-01 4.136364e+00 1 1 1
4.090909e-01 4.227273e+00 1 1 1
4.090909e-01 4.318182e+00 2 2 1
4.090909e-01 4.409091e+00 4 0 1
4.090909e-01 4.500000e+00 2 4 1

5.000000e-01 -4.500000e+00 1 3 2
5.000000e-01 -4.409091e+00 1 2 2
5.000000e-01 -4.318182e+00 1 1 2
5.000000e-01 -4.227273e+00 1 1 2
5.000000e-01 -4.136364e+00 1 1 2
5.000000e-01 -4.045455e+00 1 1 2
5.000000e-01 -3.954545e+00 1 1 2
5.000000e-01 -3.863636e+00 2 1 2
5.000000e-01 -3.772727e+00 1 1 2
5.000000e-01 -3.681818e+00 1 1 2
5.000000e-01 -3.590909e+00 2 1 2
5.000000e-01 -3.500000e+00 1 1 2
5.000000e-01 -3.409091e+00 1 1 2
5.000000e-01 -3.318182e+00 1 1 2
5.000000e-01 -3.227273e+00 1 1 2
5.000000e-01 -3.136364e+00 1 1 2
5.000000e-01 -3.045455e+00 1 1 2
5.000000e-01 -2.954545e+00 1 1 2
5.000000e-01 -2.863636e+00 3 1 2
5.000000e-01 -2.772727e+00 1 1 2
5.000000e-01 -2.681818e+00 1 1 2
5.000000e-01 -2.590909e+00 1 1 2
5.000000e-01 -2.500000e+00 1 1 2
5.000000e-01 -2.409091e+00 1 1 2
5.000000e-01 -2.318182e+00 1 1 2
5.000000e-01 -2.227273e+00 2 2 2
5.000000e-01 -2.136364e+00 2 2 2
5.000000e-01 -2.045455e+00 1 2 2
5.000000e-01 -1.954545e+00 1 2 2
5.000000e-01 -1.863636e+00 1 2 2
5.000000e-01 -1.772727e+00 1 2 2
5.000000e-01 -1.681818e+00 1 2 2
5.000000e-01 -1.590909e+00 1 2 2
5.000000e-01 -1.500000e+00 2 2 2
5.000000e-01 -1.409091e+00 2 2 2
5.000000e-01 -1.318182e+00 2 2 2
5.000000e-01 -1.227273e+00 2 2 2
5.000000e-01 -1.136364e+00 1 2 2
5.000000e-01 -1.045455e+00 1 1 2
5.000000e-01 -9.545455e-01 1 2 2
5.000000e-01 -8.636364e-01 1 2 2
5.000000e-01 -7.727273e-01 1 1 2
5.000000e-01 -6.818182e-01 2 2 2
5.000000e-01 -5.909091e-01 2 2 2
5.000000e-01 -5.000000e-01 1 1 2
5.000000e-01 -4.090909e-01 1 1 1
5.000000e-01 -3.181818e-01 1 1 1
5.000000e-01 -2.272727e-01 1 1 1
5.000000e-01 -1.363636e-01 1 1 1
5.000000e-01 -4.545455e-02 1 1 1
5.000000e-01 4.545455e-02 1 1 1
5.000000e-01 1.363636e-01 1 1 1
5.000000e-01 2.272727e-01 1 1 1
5.000000e-01 3.181818e-01 1 1 1
5.000000e-01 4.090909e-01 1 1 1
5.000000e-01 5.000000e-01 1 1 1
5.000000e-01 5.909091e-01 1 1 1
5.000000e-01 6.818182e-01 1 1 1
5.000000e-01 7.727273e-01 1 1 1
5.000000e-01 8.636364e-01 1 1 1
5.000000e-01 9.545455e-01 1 1 1
5.000000e-01 1.045455e+00 1 1 1
5.000000e-01 1.136364e+00 1 1 1
5.000000e-01 1.227273e+00 1 1 1
5.000000e-01 1.318182e+00 1 1 1
5.000000e-01 1.409091e+00 1 1 1
5.000000e-01 1.500000e+00 1 1 1
5.000000e-01 1.590909e+00 1 1 1
5.000000e-01 1.681818e+00 1 1 1
5.000000e-01 1.772727e+00 1 1 1
5.000000e-01 1.863636e+00 1 1 1
5.000000e-01 1.954545e+00 1 1 1
5.000000e-01 2.045455e+00 1 1 1
5.000000e-01 2.136364e+00 1 1 1
5.000000e-01 2.227273e+00 1 1 1
5.000000e-01 2.318182e+00 1 1 1
5.000000e-01 2.409091e+00 1 1 1
5.000000e-01 2.500000e+00 1 1 1
5.000000e-01 2.590909e+00 1 1 1
5.000000e-01 2.681818e+00 2 1 1
5.000000e-01 2.772727e+00 2 1 1
5.000000e-01 2.863636e+00 1 1 1
5.000000e-01 2.954545e+00 1 1 1
5.000000e-01 3.045455e+00 2 2 1
5.000000e-01 3.136364e+00 1 1 1
5.000000e-01 3.227273e+00 1 1 1
5.000000e-01 3.318182e+00 1 1 1
5.000000e-01 3.409091e+00 1 1 1
5.000000e-01 3.500000e+00 1 1 1
5.000000e-01 3.590909e+00 1 1 1
5.000000e-01 3.681818e+00 1 1 1
5.000000e-01 3.772727e+00 2 1 1
5.000000e-01 3.863636e+00 3 1 1
5.000000e-01 3.954545e+00 3 1 1
5.000000e-01 4.045455e+00 1 1 1
5.000000e-01 4.136364e+00 1 1 1
5.000000e-01 4.227273e+00 3 1 1
5.000000e-01 4.318182e+00 2 2 1
5.000000e-01 4.409091e+00 2 2 1
5.000000e-01 4.500000e+00 4 4 1

5.909091e-01 -4.500000e+00 1 1 2
5.909091e-01 -4.409091e+00 3 1 2
5.909091e-01 -4.318182e+00 2 1 2
5.909091e-01 -4.227273e+00 1 1 2
5.909091e-01 -4.136364e+00 1 1 2
5.909091e-01 -4.045455e+00 2 1 2
5.909091e-01 -3.954545e+00 1 1 2
5.909091e-01 -3.863636e+00 1 1 2
5.909091e-01 -3.772727e+00 1 1 2
5.909091e-01 -3.681818e+00 1 1 2
5.909091e-01 -3.590909e+00 3 1 2
5.909091e-01 -3.500000e+00 3 2 2
5.909091e-01 -3.409091e+00 1 1 2
5.909091e-01 -3.318182e+00 1 1 2
5.909091e-01 -3.227273e+00 1 1 2
5.909091e-01 -3.136364e+00 1 1 2
5.909091e-01 -3.045455e+00 1 1 2
5.909091e-01 -2.954545e+00 2 1 2
5.909091e-01 -2.863636e+00 1 1 2
5.909091e-01 -2.772727e+00 1 1 2
5.909091e-01 -2.681818e+00 1 1 2
5.909091e-01 -2.590909e+00 1 1 2
5.909091e-01 -2.500000e+00 1 1 2
5.909091e-01 -2.409091e+00 1 1 2
5.909091e-01 -2.318182e+00 1 1 2
5.909091e-01 -2.227273e+00 1 1 2
5.909091e-01 -2.136364e+00 3 1 2
5.909091e-01 -2.045455e+00 4 1 2
5.909091e-01 -1.954545e+00 2 1 2
5.909091e-01 -1.863636e+00 1 2 2
5.909091e-01 -1.772727e+00 2 2 2
5.909091e-01 -1.681818e+00 2 2 2
5.909091e-01 -1.590909e+00 2 2 2
5.909091e-01 -1.500000e+00 2 2 2
5.909091e-01 -1.409091e+00 2 2 2
5.909091e-01 -1.318182e+00 2 2 2
5.909091e-01 -1.227273e+00 2 2 2
5.909091e-01 -1.136364e+00 2 2 2
5.909091e-01 -1.045455e+00 2 2 2
5.909091e-01 -9.545455e-01 2 2 2
5.909091e-01 -8.636364e-01 2 4 2
5.909091e-01 -7.727273e-01 2 2 2
5.909091e-01 -6.818182e-01 2 2 2
5.909091e-01 -5.909091e-01 2 2 2
5.909091e-01 -5.000000e-01 2 2 2
5.909091e-01 -4.090909e-01 1 1 1
5.909091e-01 -3.181818e-01 1 1 1
5.909091e-01 -2.272727e-01 1 1 1
5.909091e-01 -1.363636e-01 1 1 1
5.909091e-01 -4.545455e-02 1 1 1
5.909091e-01 4.545455e-02 1 1 1
5.909091e-01 1.363636e-01 1 1 1
5.909091e-01 2.272727e-01 1 1 1
5.909091e-01 3.181818e-01 1 1 1
5.909091e-01 4.090909e-01 1 1 1
5.909091e-01 5.000000e-01 1 1 1
5.909091e-01 5.909091e-01 1 1 1
5.909091e-01 6.818182e-01 1 1 1
5.909091e-01 7.727273e-01 1 1 1
5.909091e-01 8.636364e-01 1 1 1
5.909091e-01 9.545455e-01 1 1 1
5.909091e-01 1.045455e+00 1 1 1
5.909091e-01 1.136364e+00 1 1 1
5.909091e-01 1.227273e+00 1 1 1
5.909091e-01 1.318182e+00 1 1 1
5.909091e-01 1.409091e+00 1 1 1
5.909091e-01 1.500000e+00 1 1 1
5.909091e-01 1.590909e+00 1 1 1
5.909091e-01 1.681818e+00 1 1 1
5.909091e-01 1.772727e+00 1 1 1
5.909091e-01 1.863636e+00 1 1 1
5.909091e-01 1.954545e+00 1 1 1
5.909091e-01 2.045455e+00 1 1 1
5.909091e-01 2.136364e+00 1 1 1
5.909091e-01 2.227273e+00 1 1 1
5.909091e-01 2.318182e+00 1 1 1
5.909091e-01 2.409091e+00 1 1 1
5.909091e-01 2.500000e+00 1 1 1
5.909091e-01 2.590909e+00 1 1 1
5.909091e-01 2.681818e+00 2 1 1
5.909091e-01 2.772727e+00 1 1 1
5.909091e-01 2.863636e+00 1 1 1
5.909091e-01 2.954545e+00 2 2 1
5.909091e-01 3.045455e+00 2 2 1
5.909091e-01 3.136364e+00 2 1 1
5.909091e-01 3.227273e+00 1 1 1
5.909091e-01 3.318182e+00 1 1 1
5.909091e-01 3.409091e+00 1 1 1
5.909091e-01 3.500000e+00 1 1 1
5.909091e-01 3.590909e+00 1 1 1
5.909091e-01 3.681818e+00 1 1 1
5.909091e-01 3.772727e+00 1 1 1
5.909091e-01 3.863636e+00 1 1 1
5.909091e-01 3.954545e+00 1 1 1
5.909091e-01 4.045455e+00 1 1 1
5.909091e-01 4.136364e+00 1 1 1
5.909091e-01 4.227273e+00 1 1 1
5.909091e-01 4.318182e+00 2 2 1
5.909091e-01 4.409091e+00 2 2 1
5.909091e-01 4.500000e+00 2 2 1

6.818182e-01 -4.500000e+00 3 1 2
6.818182e-01 -4.409091e+00 3 1 2
6.818182e-01 -4.318182e+00 3 1 2
6.818182e-01 -4.227273e+00 1 1 2
6.818182e-01 -4.136364e+00 1 1 2
6.818182e-01 -4.045455e+00 1 1 2
6.818182e-01 -3.954545e+00 1 1 2
6.818182e-01 -3.863636e+00 1 1 2
6.818182e-01 -3.772727e+00 1 1 2
6.818182e-01 -3.681818e+00 1 1 2
6.818182e-01 -3.590909e+00 2 1 2
6.818182e-01 -3.500000e+00 2 1 2
6.818182e-01 -3.409091e+00 1 1 2
6.818182e-01 -3.318182e+00 1 1 2
6.818182e-01 -3.227273e+00 1 1 2
6.818182e-01 -3.136364e+00 1 1 2
6.818182e-01 -3.045455e+00 3 1 2
6.818182e-01 -2.954545e+00 2 1 2
6.818182e-01 -2.863636e+00 2 1 2
6.818182e-01 -2.772727e+00 2 2 2
6.818182e-01 -2.681818e+00 2 2 2
6.818182e-01 -2.590909e+00 2 2 2
6.818182e-01 -2.500000e+00 2 2 2
6.818182e-01 -2.409091e+00 2 2 2
6.818182e-01 -2.318182e+00 2 2 2
6.818182e-01 -2.227273e+00 2 3 2
6.818182e-01 -2.136364e+00 2 0 2
6.818182e-01 -2.045455e+00 2 4 2
6.818182e-01 -1.954545e+00 2 2 2
6.818182e-01 -1.863636e+00 2 2 2
6.818182e-01 -1.772727e+00 2 2 2
6.818182e-01 -1.681818e+00 2 2 2
6.818182e-01 -1.590909e+00 2 2 2
6.818182e-01 -1.500000e+00 2 2 2
6.818182e-01 -1.409091e+00 2 2 2
6.818182e-01 -1.318182e+00 2 2 2
6.818182e-01 -1.227273e+00 2 2 2
6.818182e-01 -1.136364e+00 2 2 2
6.818182e-01 -1.045455e+00 2 2 2
6.818182e-01 -9.545455e-01 2 2 2
6.818182e-01 -8.636364e-01 2 2 2
6.818182e-01 -7.727273e-01 2 2 2
6.818182e-01 -6.818182e-01 2 2 2
6.818182e-01 -5.909091e-01 2 2 2
6.818182e-01 -5.000000e-01 1 1 2
6.818182e-01 -4.090909e-01 1 1 1
6.818182e-01 -3.181818e-01 1 1 1
6.818182e-01 -2.272727e-01 1 1 1
6.818182e-01 -1.363636e-01 1 1 1
6.818182e-01 -4.545455e-02 1 1 1
6.818182e-01 4.545455e-02 1 1 1
6.818182e-01 1.363636e-01 1 1 1
6.818182e-01 2.272727e-01 1 1 1
6.818182e-01 3.181818e-01 1 1 1
6.818182e-01 4.090909e-01 1 1 1
6.818182e-01 5.000000e-01 1 1 1
6.818182e-01 5.909091e-01 1 1 1
6.818182e-01 6.818182e-01 1 1 1
6.818182e-01 7.727273e-01 1 1 1
6.818182e-01 8.636364e-01 1 1 1
6.818182e-01 9.545455e-01 1 1 1
6.818182e-01 1.045455e+00 1 1 1
6.818182e-01 1.136364e+00 1 1 1
6.818182e-01 1.227273e+00 1 1 1
6.818182e-01 1.318182e+00 1 1 1
6.818182e-01 1.409091e+00 1 1 1
6.818182e-01 1.500000e+00 1 1 1
6.818182e-01 1.590909e+00 1 1 1
6.818182e-01 1.681818e+00 1 1 1
6.818182e-01 1.772727e+00 1 1 1
6.818182e-01 1.863636e+00 1 1 1
6.818182e-01 1.954545e+00 1 1 1
6.818182e-01 2.045455e+00 1 1 1
6.818182e-01 2.136364e+00 1 1 1
6.818182e-01 2.227273e+00 1 1 1
6.818182e-01 2.318182e+00 1 1 1
6.818182e-01 2.409091e+00 1 1 1
6.818182e-01 2.500000e+00 1 1 1
6.818182e-01 2.590909e+00 1 1 1
6.818182e-01 2.681818e+00 2 1 1
6.818182e-01 2.772727e+00 1 1 1
6.818182e-01 2.863636e+00 1 1 1
6.818182e-01 2.954545e+00 1 1 1
6.818182e-01 3.045455e+00 2 2 1
6.818182e-01 3.136364e+00 1 2 1
6.818182e-01 3.227273e+00 4 2 1
6.818182e-01 3.318182e+00 1 1 1
6.818182e-01 3.409091e+00 1 1 1
6.818182e-01 3.500000e+00 1 1 1
6.818182e-01 3.590909e+00 1 1 1
6.818182e-01 3.681818e+00 1 1 1
6.818182e-01 3.772727e+00 1 1 1
6.818182e-01 3.863636e+00 1 1 1
6.818182e-01 3.954545e+00 1 1 1
6.818182e-01 4.045455e+00 1 1 1
6.818182e-01 4.136364e+00 1 1 1
6.818182e-01 4.227273e+00 2 2 1
6.818182e-01 4.318182e+00 2 2 1
6.818182e-01 4.409091e+00 2 2 1
6.818182e-01 4.500000e+00 4 2 1

7.727273e-01 -4.500000e+00 3 1 2
7.727273e-01 -4.409091e+00 3 1 2
7.727273e-01 -4.318182e+00 3 1 2
7.727273e-01 -4.227273e+00 1 1 2
7.727273e-01 -4.136364e+00 1 1 2
7.727273e-01 -4.045455e+00 1 1 2
7.727273e-01 -3.954545e+00 1 1 2
7.727273e-01 -3.863636e+00 1 1 2
7.727273e-01 -3.772727e+00 1 1 2
7.727273e-01 -3.681818e+00 1 1 2
7.727273e-01 -3.590909e+00 3 1 2
7.727273e-01 -3.500000e+00 2 1 2
7.727273e-01 -3.409091e+00 2 1 2
7.727273e-01 -3.318182e+00 1 1 2
7.727273e-01 -3.227273e+00 1 1 2
7.727273e-01 -3.136364e+00 1 1 2
7.727273e-01 -3.045455e+00 1 1 2
7.727273e-01 -2.954545e+00 1 1 2
7.727273e-01 -2.863636e+00 2 1 2
7.727273e-01 -2.772727e+00 2 2 2
7.727273e-01 -2.681818e+00 2 2 2
7.727273e-01 -2.590909e+00 2 2 2
7.727273e-01 -2.500000e+00 2 2 2
7.727273e-01 -2.409091e+00 2 2 2
7.727273e-01 -2.318182e+00 2 2 2
7.727273e-01 -2.227273e+00 2 2 2
7.727273e-01 -2.136364e+00 2 2 2
7.727273e-01 -2.045455e+00 2 2 2
7.727273e-01 -1.954545e+00 2 2 2
7.727273e-01 -1.863636e+00 2 2 2
7.727273e-01 -1.772727e+00 2 2 2
7.727273e-01 -1.681818e+00 2 2 2
7.727273e-01 -1.590909e+00 2 2 2
7.727273e-01 -1.500000e+00 2 2 2
7.727273e-01 -1.409091e+00 2 2 2
7.727273e-01 -1.318182e+00 2 2 2
7.727273e-01 -1.227273e+00 2 2 2
7.727273e-01 -1.136364e+00 2 2 2
7.727273e-01 -1.045455e+00 2 2 2
7.727273e-01 -9.545455e-01 2 2 2
7.727273e-01 -8.636364e-01 2 2 2
7.727273e-01 -7.727273e-01 2 2 2
7.727273e-01 -6.818182e-01 2 2 2
7.727273e-01 -5.909091e-01 2 2 2
7.727273e-01 -5.000000e-01 1 1 2
7.727273e-01 -4.090909e-01 1 1 2
7.727273e-01 -3.181818e-01 1 1 1
7.727273e-01 -2.272727e-01 1 1 1
7.727273e-01 -1.363636e-01 1 1 1
7.727273e-01 -4.545455e-02 1 1 1
7.727273e-01 4.545455e-02 1 1 1
7.727273e-01 1.363636e-01 1 1 1
7.727273e-01 2.272727e-01 1 1 1
7.727273e-01 3.181818e-01 1 1 1
7.727273e-01 4.090909e-01 1 1 1
7.727273e-01 5.000000e-01 1 1 1
7.727273e-01 5.909091e-01 2 2 1
7.727273e-01 6.818182e-01 1 1 1
7.727273e-01 7.727273e-01 1 4 1
7.727273e-01 8.636364e-01 1 1 1
7.727273e-01 9.545455e-01 1 1 1
7.727273e-01 1.045455e+00 1 1 1
7.727273e-01 1.136364e+00 1 1 1
7.727273e-01 1.227273e+00 1 1 1
7.727273e-01 1.318182e+00 1 1 1
7.727273e-01 1.409091e+00 1 1 1
7.727273e-01 1.500000e+00 1 1 1
7.727273e-01 1.590909e+00 1 1 1
7.727273e-01 1.681818e+00 1 1 1
7.727273e-01 1.772727e+00 1 1 1
7.727273e-01 1.863636e+00 1 1 1
7.727273e-01 1.954545e+00 1 1 1
7.727273e-01 2.045455e+00 1 1 1
7.727273e-01 2.136364e+00 1 1 1
7.727273e-01 2.227273e+00 1 1 1
7.727273e-01 2.318182e+00 1 1 1
7.727273e-01 2.409091e+00 1 1 1
7.727273e-01 2.500000e+00 1 1 1
7.727273e-01 2.590909e+00 1 1 1
7.727273e-01 2.681818e+00 2 1 1
7.727273e-01 2.772727e+00 1 1 1
7.727273e-01 2.863636e+00 1 1 1
7.727273e-01 2.954545e+00 1 1 1
7.727273e-01 3.045455e+00 1 2 1
7.727273e-01 3.136364e+00 2 2 1
7.727273e-01 3.227273e+00 2 2 1
7.727273e-01 3.318182e+00 1 1 1
7.727273e-01 3.409091e+00 2 1 1
7.727273e-01 3.500000e+00 1 1 1
7.727273e-01 3.590909e+00 1 1 1
7.727273e-01 3.681818e+00 1 1 1
7.727273e-01 3.772727e+00 3 1 1
7.727273e-01 3.863636e+00 3 1 1
7.727273e-01 3.954545e+00 1 1 1
7.727273e-01 4.045455e+00 1 1 1
7.727273e-01 4.136364e+00 1 1 1
7.727273e-01 4.227273e+00 2 1 1
7.727273e-01 4.318182e+00 2 2 1
7.727273e-01 4.409091e+00 2 2 1
7.727273e-01 4.500000e+00 2 2 1

8.636364e-01 -4.500000e+00 3 1 2
8.636364e-01 -4.409091e+00 3 2 2
8.636364e-01 -4.318182e+00 3 1 2
8.636364e-01 -4.227273e+00 3 1 2
8.636364e-01 -4.136364e+00 1 1 2
8.636364e-01 -4.045455e+00 1 1 2
8.636364e-01 -3.954545e+00 1 1 2
8.636364e-01 -3.863636e+00 1 1 2
8.636364e-01 -3.772727e+00 1 1 2
8.636364e-01 -3.681818e+00 1 1 2
8.636364e-01 -3.590909e+00 2 2 2
8.636364e-01 -3.500000e+00 1 1 2
8.636364e-01 -3.409091e+00 3 3 2
8.636364e-01 -3.318182e+00 1 1 2
8.636364e-01 -3.227273e+00 1 1 2
8.636364e-01 -3.136364e+00 1 1 2
8.636364e-01 -3.045455e+00 1 1 2
8.636364e-01 -2.954545e+00 1 1 2
8.636364e-01 -2.863636e+00 1 1 2
8.636364e-01 -2.772727e+00 2 2 2
8.636364e-01 -2.681818e+00 2 2 2
8.636364e-01 -2.590909e+00 2 2 2
8.636364e-01 -2.500000e+00 2 2 2
8.636364e-01 -2.409091e+00 2 2 2
8.636364e-01 -2.318182e+00 2 2 2
8.636364e-01 -2.227273e+00 2 2 2
8.636364e-01 -2.136364e+00 2 2 2
8.636364e-01 -2.045455e+00 2 2 2
8.636364e-01 -1.954545e+00 2 2 2
8.636364e-01 -1.863636e+00 2 2 2
8.636364e-01 -1.772727e+00 2 2 2
8.636364e-01 -1.681818e+00 2 2 2
8.636364e-01 -1.590909e+00 2 2 2
8.636364e-01 -1.500000e+00 2 2 2
8.636364e-01 -1.409091e+00 2 2 2
8.636364e-01 -1.318182e+00 2 2 2
8.636364e-01 -1.227273e+00 2 2 2
8.636364e-01 -1.136364e+00 2 2 2
8.636364e-01 -1.045455e+00 1 2 2
8.636364e-01 -9.545455e-01 1 2 2
8.636364e-01 -8.636364e-01 2 2 2
8.636364e-01 -7.727273e-01 2 2 2
8.636364e-01 -6.818182e-01 1 2 2
8.636364e-01 -5.909091e-01 2 2 2
8.636364e-01 -5.000000e-01 1 1 2
8.636364e-01 -4.090909e-01 1 1 2
8.636364e-01 -3.181818e-01 1 1 1
8.636364e-01 -2.272727e-01 1 1 1
8.636364e-01 -1.363636e-01 1 1 1
8.636364e-01 -4.545455e-02 1 1 1
8.636364e-01 4.545455e-02 1 1 1
8.636364e-01 1.363636e-01 1 1 1
8.636364e-01 2.272727e-01 1 1 1
8.636364e-01 3.181818e-01 1 1 1
8.636364e-01 4.090909e-01 1 1 1
8.636364e-01 5.000000e-01 1 1 1
8.636364e-01 5.909091e-01 1 1 1
8.636364e-01 6.818182e-01 1 1 1
8.636364e-01 7.727273e-01 2 2 1
8.636364e-01 8.636364e-01 1 1 1
8.636364e-01 9.545455e-01 1 1 1
8.636364e-01 1.045455e+00 2 1 1
8.636364e-01 1.136364e+00 1 1 1
8.636364e-01 1.227273e+00 1 1 1
8.636364e-01 1.318182e+00 1 1 1
8.636364e-01 1.409091e+00 1 1 1
8.636364e-01 1.500000e+00 1 1 1
8.636364e-01 1.590909e+00 1 1 1
8.636364e-01 1.681818e+00 1 1 1
8.636364e-01 1.772727e+00 1 1 1
8.636364e-01 1.863636e+00 1 1 1
8.636364e-01 1.954545e+00 1 1 1
8.636364e-01 2.045455e+00 1 1 1
8.636364e-01 2.136364e+00 1 1 1
8.636364e-01 2.227273e+00 1 1 1
8.636364e-01 2.318182e+00 1 1 1
8.636364e-01 2.409091e+00 1 1 1
8.636364e-01 2.500000e+00 1 1 1
8.636364e-01 2.590909e+00 1 1 1
8.636364e-01 2.681818e+00 2 1 1
8.636364e-01 2.772727e+00 2 1 1
8.636364e-01 2.863636e+00 1 1 1
8.636364e-01 2.954545e+00 1 1 1
8.636364e-01 3.045455e+00 1 2 1
8.636364e-01 3.136364e+00 2 2 1
8.636364e-01 3.227273e+00 4 2 1
8.636364e-01 3.318182e+00 1 1 1
8.636364e-01 3.409091e+00 1 1 1
8.636364e-01 3.500000e+00 1 1 1
8.636364e-01 3.590909e+00 1 1 1
8.636364e-01 3.681818e+00 1 1 1
8.636364e-01 3.772727e+00 1 1 1
8.636364e-01 3.863636e+00 1 1 1
8.636364e-01 3.954545e+00 1 1 1
8.636364e-01 4.045455e+00 1 1 1
8.636364e-01 4.136364e+00 2 2 1
8.636364e-01 4.227273e+00 2 2 1
8.636364e-01 4.318182e+00 2 2 1
8.636364e-01 4.409091e+00 2 2 1
8.636364e-01 4.500000e+00 2 2 1

9.545455e-01 -4.500000e+00 1 1 2
9.545455e-01 -4.409091e+00 1 2 2
9.545455e-01 -4.318182e+00 2 1 2
9.545455e-01 -4.227273e+00 2 1 2
9.545455e-01 -4.136364e+00 1 1 2
9.545455e-01 -4.045455e+00 1 1 2
9.545455e-01 -3.954545e+00 1 1 2
9.545455e-01 -3.863636e+00 1 1 2
9.545455e-01 -3.772727e+00 1 1 2
9.545455e-01 -3.681818e+00 3 1 2
9.545455e-01 -3.590909e+00 3 3 2
9.545455e-01 -3.500000e+00 3 3 2
9.545455e-01 -3.409091e+00 1 1 2
9.545455e-01 -3.318182e+00 1 1 2
9.545455e-01 -3.227273e+00 1 1 2
9.545455e-01 -3.136364e+00 1 1 2
9.545455e-01 -3.045455e+00 1 1 2
9.545455e-01 -2.954545e+00 1 1 2
9.545455e-01 -2.863636e+00 1 1 2
9.545455e-01 -2.772727e+00 1 1 2
9.545455e-01 -2.681818e+00 1 1 2
9.545455e-01 -2.590909e+00 1 1 2
9.545455e-01 -2.500000e+00 2 1 2
9.545455e-01 -2.409091e+00 2 2 2
9.545455e-01 -2.318182e+00 2 2 2
9.545455e-01 -2.227273e+00 2 2 2
9.545455e-01 -2.136364e+00 2 2 2
9.545455e-01 -2.045455e+00 1 2 2
9.545455e-01 -1.954545e+00 2 2 2
9.545455e-01 -1.863636e+00 1 2 2
9.545455e-01 -1.772727e+00 2 2 2
9.545455e-01 -1.681818e+00 2 2 2
9.545455e-01 -1.590909e+00 2 2 2
9.545455e-01 -1.500000e+00 2 2 2
9.545455e-01 -1.409091e+00 1 2 2
9.545455e-01 -1.318182e+00 1 2 2
9.545455e-01 -1.227273e+00 1 2 2
9.545455e-01 -1.136364e+00 2 2 2
9.545455e-01 -1.045455e+00 2 2 2
9.545455e-01 -9.545455e-01 2 2 2
9.545455e-01 -8.636364e-01 1 2 2
9.545455e-01 -7.727273e-01 2 2 2
9.545455e-01 -6.818182e-01 2 2 2
9.545455e-01 -5.909091e-01 2 2 2
9.545455e-01 -5.000000e-01 2 1 2
9.545455e-01 -4.090909e-01 1 1 2
9.545455e-01 -3.181818e-01 2 1 1
9.545455e-01 -2.272727e-01 1 1 1
9.545455e-01 -1.363636e-01 2 1 1
9.545455e-01 -4.545455e-02 1 1 1
9.545455e-01 4.545455e-02 1 1 1
9.545455e-01 1.363636e-01 1 1 1
9.545455e-01 2.272727e-01 1 1 1
9.545455e-01 3.181818e-01 1 1 1
9.545455e-01 4.090909e-01 1 1 1
9.545455e-01 5.000000e-01 2 1 1
9.545455e-01 5.909091e-01 2 1 1
9.545455e-01 6.818182e-01 1 1 1
9.545455e-01 7.727273e-01 2 2 1
9.545455e-01 8.636364e-01 2 2 1
9.545455e-01 9.545455e-01 2 2 1
9.545455e-01 1.045455e+00 1 1 1
9.545455e-01 1.136364e+00 1 1 1
9.545455e-01 1.227273e+00 1 1 1
9.545455e-01 1.318182e+00 1 1 1
9.545455e-01 1.409091e+00 1 1 1
9.545455e-01 1.500000e+00 1 1 1
9.545455e-01 1.590909e+00 1 1 1
9.545455e-01 1.681818e+00 1 1 1
9.545455e-01 1.772727e+00 1 1 1
9.545455e-01 1.863636e+00 1 1 1
9.545455e-01 1.954545e+00 1 1 1
9.545455e-01 2.045455e+00 1 1 1
9.545455e-01 2.136364e+00 1 1 1
9.545455e-01 2.227273e+00 1 1 1
9.545455e-01 2.318182e+00 1 1 1
9.545455e-01 2.409091e+00 1 1 1
9.545455e-01 2.500000e+00 1 1 1
9.545455e-01 2.590909e+00 2 1 1
9.545455e-01 2.681818e+00 1 1 1
9.545455e-01 2.772727e+00 1 1 1
9.545455e-01 2.863636e+00 1 2 1
9.545455e-01 2.954545e+00 1 2 1
9.545455e-01 3.045455e+00 2 2 1
9.545455e-01 3.136364e+00 2 2 1
9.545455e-01 3.227273e+00 2 2 1
9.545455e-01 3.318182e+00 1 1 1
9.545455e-01 3.409091e+00 1 1 1
9.545455e-01 3.500000e+00 1 1 1
9.545455e-01 3.590909e+00 1 1 1
9.545455e-01 3.681818e+00 1 1 1
9.545455e-01 3.772727e+00 1 1 1
9.545455e-01 3.863636e+00 1 1 1
9.545455e-01 3.954545e+00 1 1 1
9.545455e-01 4.045455e+00 1 1 1
9.545455e-01 4.136364e+00 2 2 1
9.545455e-01 4.227273e+00 2 2 1
9.545455e-01 4.318182e+00 2 2 1
9.545455e-01 4.409091e+00 4 2 1
9.545455e-01 4.500000e+00 2 2 1

1.045455e+00 -4.500000e+00 3 2 2
1.045455e+00 -4.409091e+00 3 2 2
1.045455e+00 -4.318182e+00 1 2 2
1.045455e+00 -4.227273e+00 2 1 2
1.045455e+00 -4.136364e+00 1 1 2
1.045455e+00 -4.045455e+00 1 1 2
1.045455e+00 -3.954545e+00 1 1 2
1.045455e+00 -3.863636e+00 1 1 2
1.045455e+00 -3.772727e+00 1 1 2
1.045455e+00 -3.681818e+00 1 1 2
1.045455e+00 -3.590909e+00 1 1 2
1.045455e+00 -3.500000e+00 1 2 2
1.045455e+00 -3.409091e+00 1 1 2
1.045455e+00 -3.318182e+00 1 1 2
1.045455e+00 -3.227273e+00 1 1 2
1.045455e+00 -3.136364e+00 1 1 2
1.045455e+00 -3.045455e+00 1 1 2
1.045455e+00 -2.954545e+00 1 1 2
1.045455e+00 -2.863636e+00 1 1 2
1.045455e+00 -2.772727e+00 1 1 2
1.045455e+00 -2.681818e+00 1 1 2
1.045455e+00 -2.590909e+00 1 1 2
1.045455e+00 -2.500000e+00 1 1 2
1.045455e+00 -2.409091e+00 2 1 2
1.045455e+00 -2.318182e+00 1 1 2
1.045455e+00 -2.227273e+00 1 1 2
1.045455e+00 -2.136364e+00 2 2 2
1.045455e+00 -2.045455e+00 1 2 2
1.045455e+00 -1.954545e+00 2 2 2
1.045455e+00 -1.863636e+00 1 1 2
1.045455e+00 -1.772727e+00 1 2 2
1.045455e+00 -1.681818e+00 1 2 2
1.045455e+00 -1.590909e+00 2 2 2
1.045455e+00 -1.500000e+00 2 2 2
1.045455e+00 -1.409091e+00 2 2 2
1.045455e+00 -1.318182e+00 2 2 2
1.045455e+00 -1.227273e+00 2 2 2
1.045455e+00 -1.136364e+00 2 2 2
1.045455e+00 -1.045455e+00 2 1 2
1.045455e+00 -9.545455e-01 1 2 2
1.045455e+00 -8.636364e-01 1 2 2
1.045455e+00 -7.727273e-01 2 2 2
1.045455e+00 -6.818182e-01 2 2 2
1.045455e+00 -5.909091e-01 1 1 2
1.045455e+00 -5.000000e-01 1 1 2
1.045455e+00 -4.090909e-01 1 1 2
1.045455e+00 -3.181818e-01 2 1 1
1.045455e+00 -2.272727e-01 1 1 1
1.045455e+00 -1.363636e-01 1 1 1
1.045455e+00 -4.545455e-02 1 1 1
1.045455e+00 4.545455e-02 1 1 1
1.045455e+00 1.363636e-01 2 4 1
1.045455e+00 2.272727e-01 2 1 1
1.045455e+00 3.181818e-01 2 1 1
1.045455e+00 4.090909e-01 2 1 1
1.045455e+00 5.000000e-01 2 1 1
1.045455e+00 5.909091e-01 1 1 1
1.045455e+00 6.818182e-01 1 1 1
1.045455e+00 7.727273e-01 1 1 1
1.045455e+00 8.636364e-01 1 1 1
1.045455e+00 9.545455e-01 1 1 1
1.045455e+00 1.045455e+00 1 1 1
1.045455e+00 1.136364e+00 1 1 1
1.045455e+00 1.227273e+00 1 1 1
1.045455e+00 1.318182e+00 1 1 1
1.045455e+00 1.409091e+00 1 1 1
1.045455e+00 1.500000e+00 1 1 1
1.045455e+00 1.590909e+00 1 1 1
1.045455e+00 1.681818e+00 1 1 1
1.045455e+00 1.772727e+00 1 1 1
1.045455e+00 1.863636e+00 1 1 1
1.045455e+00 1.954545e+00 1 1 1
1.045455e+00 2.045455e+00 1 1 1
1.045455e+00 2.136364e+00 1 1 1
1.045455e+00 2.227273e+00 1 1 1
1.045455e+00 2.318182e+00 1 1 1
1.045455e+00 2.409091e+00 1 1 1
1.045455e+00 2.500000e+00 1 1 1
1.045455e+00 2.590909e+00 2 1 1
1.045455e+00 2.681818e+00 1 1 1
1.045455e+00 2.772727e+00 1 1 1
1.045455e+00 2.863636e+00 1 1 1
1.045455e+00 2.954545e+00 2 2 1
1.045455e+00 3.045455e+00 2 2 1
1.045455e+00 3.136364e+00 2 2 1
1.045455e+00 3.227273e+00 2 2 1
1.045455e+00 3.318182e+00 1 2 1
1.045455e+00 3.409091e+00 1 1 1
1.045455e+00 3.500000e+00 1 1 1
1.045455e+00 3.590909e+00 1 1 1
1.045455e+00 3.681818e+00 1 1 1
1.045455e+00 3.772727e+00 1 1 1
1.045455e+00 3.863636e+00 1 1 1
1.045455e+00 3.954545e+00 1 1 1
1.045455e+00 4.045455e+00 2 2 1
1.045455e+00 4.136364e+00 2 2 1
1.045455e+00 4.227273e+00 2 2 1
1.045455e+00 4.318182e+00 2 2 1
1.045455e+00 4.409091e+00 2 2 1
1.045455e+00 4.500000e+00 4 2 1

1.136364e+00 -4.500000e+00 3 1 2
1.136364e+00 -4.409091e+00 3 1 2
1.136364e+00 -4.318182e+00 3 1 2
1.136364e+00 -4.227273e+00 2 1 2
1.136364e+00 -4.136364e+00 1 1 2
1.136364e+00 -4.045455e+00 1 1 2
1.136364e+00 -3.954545e+00 1 1 2
1.136364e+00 -3.863636e+00 1 1 2
1.136364e+00 -3.772727e+00 1 1 2
1.136364e+00 -3.681818e+00 1 1 2
1.136364e+00 -3.590909e+00 1 1 2
1.136364e+00 -3.500000e+00 1 1 2
1.136364e+00 -3.409091e+00 1 1 2
1.136364e+00 -3.318182e+00 1 1 2
1.136364e+00 -3.227273e+00 1 1 2
1.136364e+00 -3.136364e+00 1 1 2
1.136364e+00 -3.045455e+00 1 1 2
1.136364e+00 -2.954545e+00 1 2 2
1.136364e+00 -2.863636e+00 2 1 2
1.136364e+00 -2.772727e+00 1 1 2
1.136364e+00 -2.681818e+00 1 1 2
1.136364e+00 -2.590909e+00 2 1 2
1.136364e+00 -2.500000e+00 1 1 2
1.136364e+00 -2.409091e+00 1 1 2
1.136364e+00 -2.318182e+00 2 1 2
1.136364e+00 -2.227273e+00 1 1 2
1.136364e+00 -2.136364e+00 1 1 2
1.136364e+00 -2.045455e+00 1 1 2
1.136364e+00 -1.954545e+00 1 2 2
1.136364e+00 -1.863636e+00 1 1 2
1.136364e+00 -1.772727e+00 2 2 2
1.136364e+00 -1.681818e+00 1 2 2
1.136364e+00 -1.590909e+00 1 2 2
1.136364e+00 -1.500000e+00 1 2 2
1.136364e+00 -1.409091e+00 4 1 2
1.136364e+00 -1.318182e+00 4 1 2
1.136364e+00 -1.227273e+00 4 1 2
1.136364e+00 -1.136364e+00 1 3 2
1.136364e+00 -1.045455e+00 1 2 2
1.136364e+00 -9.545455e-01 1 2 2
1.136364e+00 -8.636364e-01 2 2 2
1.136364e+00 -7.727273e-01 2 1 2
1.136364e+00 -6.818182e-01 1 2 2
1.136364e+00 -5.909091e-01 1 1 2
1.136364e+00 -5.000000e-01 2 2 2
1.136364e+00 -4.090909e-01 1 2 2
1.136364e+00 -3.181818e-01 2 2 2
1.136364e+00 -2.272727e-01 1 1 1
1.136364e+00 -1.363636e-01 1 1 1
1.136364e+00 -4.545455e-02 1 1 1
1.136364e+00 4.545455e-02 1 1 1
1.136364e+00 1.363636e-01 1 1 1
1.136364e+00 2.272727e-01 1 1 1
1.136364e+00 3.181818e-01 1 1 1
1.136364e+00 4.090909e-01 1 1 1
1.136364e+00 5.000000e-01 1 1 1
1.136364e+00 5.909091e-01 1 1 1
1.136364e+00 6.818182e-01 1 1 1
1.136364e+00 7.727273e-01 1 1 1
1.136364e+00 8.636364e-01 1 1 1
1.136364e+00 9.545455e-01 1 1 1
1.136364e+00 1.045455e+00 1 1 1
1.136364e+00 1.136364e+00 1 1 1
1.136364e+00 1.227273e+00 1 1 1
1.136364e+00 1.318182e+00 1 1 1
1.136364e+00 1.409091e+00 1 1 1
1.136364e+00 1.500000e+00 1 1 1
1.136364e+00 1.590909e+00 1 1 1
1.136364e+00 1.681818e+00 1 1 1
1.136364e+00 1.772727e+00 1 1 1
1.136364e+00 1.863636e+00 1 1 1
1.136364e+00 1.954545e+00 1 1 1
1.136364e+00 2.045455e+00 1 1 1
1.136364e+00 2.136364e+00 1 1 1
1.136364e+00 2.227273e+00 1 1 1
1.136364e+00 2.318182e+00 1 1 1
1.136364e+00 2.409091e+00 1 1 1
1.136364e+00 2.500000e+00 1 1 1
1.136364e+00 2.590909e+00 2 1 1
1.136364e+00 2.681818e+00 1 1 1
1.136364e+00 2.772727e+00 1 1 1
1.136364e+00 2.863636e+00 1 1 1
1.136364e+00 2.954545e+00 1 1 1
1.136364e+00 3.045455e+00 2 2 1
1.136364e+00 3.136364e+00 2 2 1
1.136364e+00 3.227273e+00 2 2 1
1.136364e+00 3.318182e+00 1 2 1
1.136364e+00 3.409091e+00 2 2 1
1.136364e+00 3.500000e+00 2 2 1
1.136364e+00 3.590909e+00 2 2 1
1.136364e+00 3.681818e+00 1 2 1
1.136364e+00 3.772727e+00 1 1 1
1.136364e+00 3.863636e+00 2 2 1
1.136364e+00 3.954545e+00 2 2 1
1.136364e+00 4.045455e+00 2 2 1
1.136364e+00 4.136364e+00 2 2 1
1.136364e+00 4.227273e+00 2 2 1
1.136364e+00 4.318182e+00 2 2 1
1.136364e+00 4.409091e+00 2 2 1
1.136364e+00 4.500000e+00 2 2 1

1.227273e+00 -4.500000e+00 1 1 2
1.227273e+00 -4.409091e+00 4 1 2
1.227273e+00 -4.318182e+00 1 1 2
1.227273e+00 -4.227273e+00 2 1 2
1.227273e+00 -4.136364e+00 1 1 2
1.227273e+00 -4.045455e+00 1 1 2
1.227273e+00 -3.954545e+00 1 1 2
1.227273e+00 -3.863636e+00 1 1 2
1.227273e+00 -3.772727e+00 1 1 2
1.227273e+00 -3.681818e+00 1 1 2
1.227273e+00 -3.590909e+00 1 1 2
1.227273e+00 -3.500000e+00 2 1 2
1.227273e+00 -3.409091e+00 2 2 2
1.227273e+00 -3.318182e+00 1 1 2
1.227273e+00 -3.227273e+00 1 1 2
1.227273e+00 -3.136364e+00 1 1 2
1.227273e+00 -3.045455e+00 1 1 2
1.227273e+00 -2.954545e+00 1 2 2
1.227273e+00 -2.863636e+00 2 1 2
1.227273e+00 -2.772727e+00 1 2 2
1.227273e+00 -2.681818e+00 1 2 2
1.227273e+00 -2.590909e+00 1 2 2
1.227273e+00 -2.500000e+00 1 1 2
1.227273e+00 -2.409091e+00 2 2 2
1.227273e+00 -2.318182e+00 2 2 2
1.227273e+00 -2.227273e+00 2 2 2
1.227273e+00 -2.136364e+00 2 2 2
1.227273e+00 -2.045455e+00 2 2 2
1.227273e+00 -1.954545e+00 2 2 2
1.227273e+00 -1.863636e+00 2 2 2
1.227273e+00 -1.772727e+00 2 2 2
1.227273e+00 -1.681818e+00 2 2 2
1.227273e+00 -1.590909e+00 2 2 2
1.227273e+00 -1.500000e+00 2 2 2
1.227273e+00 -1.409091e+00 2 2 2
1.227273e+00 -1.318182e+00 2 2 2
1.227273e+00 -1.227273e+00 2 2 2
1.227273e+00 -1.136364e+00 2 2 2
1.227273e+00 -1.045455e+00 2 2 2
1.227273e+00 -9.545455e-01 2 2 2
1.227273e+00 -8.636364e-01 2 2 2
1.227273e+00 -7.727273e-01 2 2 2
1.227273e+00 -6.818182e-01 2 2 2
1.227273e+00 -5.909091e-01 2 2 2
1.227273e+00 -5.000000e-01 2 2 2
1.227273e+00 -4.090909e-01 2 2 2
1.227273e+00 -3.181818e-01 2 2 2
1.227273e+00 -2.272727e-01 1 1 1
1.227273e+00 -1.363636e-01 1 1 1
1.227273e+00 -4.545455e-02 1 1 1
1.227273e+00 4.545455e-02 1 1 1
1.227273e+00 1.363636e-01 1 1 1
1.227273e+00 2.272727e-01 1 1 1
1.227273e+00 3.181818e-01 1 1 1
1.227273e+00 4.090909e-01 1 1 1
1.227273e+00 5.000000e-01 1 1 1
1.227273e+00 5.909091e-01 1 1 1
1.227273e+00 6.818182e-01 1 1 1
1.227273e+00 7.727273e-01 1 1 1
1.227273e+00 8.636364e-01 1 1 1
1.227273e+00 9.545455e-01 1 1 1
1.227273e+00 1.045455e+00 1 1 1
1.227273e+00 1.136364e+00 1 1 1
1.227273e+00 1.227273e+00 1 1 1
1.227273e+00 1.318182e+00 1 1 1
1.227273e+00 1.409091e+00 1 1 1
1.227273e+00 1.500000e+00 1 1 1
1.227273e+00 1.590909e+00 1 1 1
1.227273e+00 1.681818e+00 1 1 1
1.227273e+00 1.772727e+00 1 1 1
1.227273e+00 1.863636e+00 1 1 1
1.227273e+00 1.954545e+00 2 1 1
1.227273e+00 2.045455e+00 1 1 1
1.227273e+00 2.136364e+00 1 1 1
1.227273e+00 2.227273e+00 1 1 1
1.227273e+00 2.318182e+00 1 1 1
1.227273e+00 2.409091e+00 1 1 1
1.227273e+00 2.500000e+00 1 1 1
1.227273e+00 2.590909e+00 2 1 1
1.227273e+00 2.681818e+00 1 1 1
1.227273e+00 2.772727e+00 1 1 1
1.227273e+00 2.863636e+00 1 1 1
1.227273e+00 2.954545e+00 1 1 1
1.227273e+00 3.045455e+00 2 2 1
1.227273e+00 3.136364e+00 2 2 1
1.227273e+00 3.227273e+00 2 1 1
1.227273e+00 3.318182e+00 2 2 1
1.227273e+00 3.409091e+00 2 2 1
1.227273e+00 3.500000e+00 2 2 1
1.227273e+00 3.590909e+00 2 2 1
1.227273e+00 3.681818e+00 1 2 1
1.227273e+00 3.772727e+00 1 2 1
1.227273e+00 3.863636e+00 2 2 1
1.227273e+00 3.954545e+00 2 2 1
1.227273e+00 4.045455e+00 2 2 1
1.227273e+00 4.136364e+00 2 2 1
1.227273e+00 4.227273e+00 2 2 1
1.227273e+00 4.318182e+00 2 2 1
1.227273e+00 4.409091e+00 2 2 1
1.227273e+00 4.500000e+00 4 2 1

1.318182e+00 -4.500000e+00 2 2 2
1.318182e+00 -4.409091e+00 1 2 2
1.318182e+00 -4.318182e+00 1 1 2
1.318182e+00 -4.227273e+00 3 1 2
1.318182e+00 -4.136364e+00 1 1 2
1.318182e+00 -4.045455e+00 1 1 2
1.318182e+00 -3.954545e+00 1 1 2
1.318182e+00 -3.863636e+00 1 1 2
1.318182e+00 -3.772727e+00 1 1 2
1.318182e+00 -3.681818e+00 1 1 2
1.318182e+00 -3.590909e+00 1 1 2
1.318182e+00 -3.500000e+00 2 1 2
1.318182e+00 -3.409091e+00 2 2 2
1.318182e+00 -3.318182e+00 2 2 2
1.318182e+00 -3.227273e+00 2 2 2
1.318182e+00 -3.136364e+00 2 2 2
1.318182e+00 -3.045455e+00 2 2 2
1.318182e+00 -2.954545e+00 2 2 2
1.318182e+00 -2.863636e+00 2 2 2
1.318182e+00 -2.772727e+00 2 2 2
1.318182e+00 -2.681818e+00 2 2 2
1.318182e+00 -2.590909e+00 2 2 2
1.318182e+00 -2.500000e+00 2 2 2
1.318182e+00 -2.409091e+00 2 2 2
1.318182e+00 -2.318182e+00 2 2 2
1.318182e+00 -2.227273e+00 2 2 2
1.318182e+00 -2.136364e+00 2 2 2
1.318182e+00 -2.045455e+00 2 2 2
1.318182e+00 -1.954545e+00 2 2 2
1.318182e+00 -1.863636e+00 2 2 2
1.318182e+00 -1.772727e+00 2 2 2
1.318182e+00 -1.681818e+00 2 2 2
1.318182e+00 -1.590909e+00 2 2 2
1.318182e+00 -1.500000e+00 2 2 2
1.318182e+00 -1.409091e+00 2 2 2
1.318182e+00 -1.318182e+00 2 2 2
1.318182e+00 -1.227273e+00 2 2 2
1.318182e+00 -1.136364e+00 2 2 2
1.318182e+00 -1.045455e+00 2 2 2
1.318182e+00 -9.545455e-01 2 2 2
1.318182e+00 -8.636364e-01 2 2 2
1.318182e+00 -7.727273e-01 2 2 2
1.318182e+00 -6.818182e-01 2 2 2
1.318182e+00 -5.909091e-01 2 2 2
1.318182e+00 -5.000000e-01 2 2 2
1.318182e+00 -4.090909e-01 2 2 2
1.318182e+00 -3.181818e-01 2 2 2
1.318182e+00 -2.272727e-01 1 1 1
1.318182e+00 -1.363636e-01 1 1 1
1.318182e+00 -4.545455e-02 1 1 1
1.318182e+00 4.545455e-02 1 1 1
1.318182e+00 1.363636e-01 1 1 1
1.318182e+00 2.272727e-01 1 1 1
1.318182e+00 3.181818e-01 1 1 1
1.318182e+00 4.090909e-01 1 1 1
1.318182e+00 5.000000e-01 1 1 1
1.318182e+00 5.909091e-01 1 1 1
1.318182e+00 6.818182e-01 1 1 1
1.318182e+00 7.727273e-01 1 1 1
1.318182e+00 8.636364e-01 1 1 1
1.318182e+00 9.545455e-01 1 1 1
1.318182e+00 1.045455e+00 1 1 1
1.318182e+00 1.136364e+00 1 1 1
1.318182e+00 1.227273e+00 1 1 1
1.318182e+00 1.318182e+00 1 1 1
1.318182e+00 1.409091e+00 1 1 1
1.318182e+00 1.500000e+00 2 1 1
1.318182e+00 1.590909e+00 1 1 1
1.318182e+00 1.681818e+00 1 1 1
1.318182e+00 1.772727e+00 1 1 1
1.318182e+00 1.863636e+00 1 1 1
1.318182e+00 1.954545e+00 1 1 1
1.318182e+00 2.045455e+00 1 1 1
1.318182e+00 2.136364e+00 1 1 1
1.318182e+00 2.227273e+00 1 1 1
1.318182e+00 2.318182e+00 1 1 1
1.318182e+00 2.409091e+00 1 1 1
1.318182e+00 2.500000e+00 1 1 1
1.318182e+00 2.590909e+00 2 1 1
1.318182e+00 2.681818e+00 1 1 1
1.318182e+00 2.772727e+00 1 1 1
1.318182e+00 2.863636e+00 1 1 1
1.318182e+00 2.954545e+00 1 1 1
1.318182e+00 3.045455e+00 1 1 1
1.318182e+00 3.136364e+00 2 2 1
1.318182e+00 3.227273e+00 2 1 1
1.318182e+00 3.318182e+00 2 2 1
1.318182e+00 3.409091e+00 2 2 1
1.318182e+00 3.500000e+00 2 2 1
1.318182e+00 3.590909e+00 2 2 1
1.318182e+00 3.681818e+00 1 2 1
1.318182e+00 3.772727e+00 1 2 1
1.318182e+00 3.863636e+00 2 2 1
1.318182e+00 3.954545e+00 2 2 1
1.318182e+00 4.045455e+00 2 2 1
1.318182e+00 4.136364e+00 2 2 1
1.318182e+00 4.227273e+00 2 2 1
1.318182e+00 4.318182e+00 4 2 1
1.318182e+00 4.409091e+00 2 2 1
1.318182e+00 4.500000e+00 1 2 1

1.409091e+00 -4.500000e+00 2 2 2
1.409091e+00 -4.409091e+00 3 3 2
1.409091e+00 -4.318182e+00 3 3 2
1.409091e+00 -4.227273e+00 3 3 2
1.409091e+00 -4.136364e+00 3 3 2
1.409091e+00 -4.045455e+00 1 1 2
1.409091e+00 -3.954545e+00 1 1 2
1.409091e+00 -3.863636e+00 1 1 2
1.409091e+00 -3.772727e+00 1 1 2
1.409091e+00 -3.681818e+00 1 1 2
1.409091e+00 -3.590909e+00 1 1 2
1.409091e+00 -3.500000e+00 1 1 2
1.409091e+00 -3.409091e+00 2 2 2
1.409091e+00 -3.318182e+00 2 2 2
1.409091e+00 -3.227273e+00 2 2 2
1.409091e+00 -3.136364e+00 2 2 2
1.409091e+00 -3.045455e+00 2 2 2
1.409091e+00 -2.954545e+00 2 2 2
1.409091e+00 -2.863636e+00 2 2 2
1.409091e+00 -2.772727e+00 2 2 2
1.409091e+00 -2.681818e+00 2 2 2
1.409091e+00 -2.590909e+00 2 2 2
1.409091e+00 -2.500000e+00 2 2 2
1.409091e+00 -2.409091e+00 2 2 2
1.409091e+00 -2.318182e+00 2 2 2
1.409091e+00 -2.227273e+00 2 2 2
1.409091e+00 -2.136364e+00 2 2 2
1.409091e+00 -2.045455e+00 2 2 2
1.409091e+00 -1.954545e+00 2 2 2
1.409091e+00 -1.863636e+00 2 2 2
1.409091e+00 -1.772727e+00 2 2 2
1.409091e+00 -1.681818e+00 2 2 2
1.409091e+00 -1.590909e+00 2 2 2
1.409091e+00 -1.500000e+00 2 2 2
1.409091e+00 -1.409091e+00 2 2 2
1.409091e+00 -1.318182e+00 2 2 2
1.409091e+00 -1.227273e+00 2 2 2
1.409091e+00 -1.136364e+00 2 2 2
1.409091e+00 -1.045455e+00 2 2 2
1.409091e+00 -9.545455e-01 2 2 2
1.409091e+00 -8.636364e-01 2 2 2
1.409091e+00 -7.727273e-01 2 2 2
1.409091e+00 -6.818182e-01 2 2 2
1.409091e+00 -5.909091e-01 2 2 2
1.409091e+00 -5.000000e-01 2 2 2
1.409091e+00 -4.090909e-01 2 2 2
1.409091e+00 -3.181818e-01 2 2 2
1.409091e+00 -2.272727e-01 1 1 1
1.409091e+00 -1.363636e-01 1 1 1
1.409091e+00 -4.545455e-02 1 1 1
1.409091e+00 4.545455e-02 1 1 1
1.409091e+00 1.363636e-01 1 1 1
1.409091e+00 2.272727e-01 1 1 1
1.409091e+00 3.181818e-01 1 1 1
1.409091e+00 4.090909e-01 1 1 1
1.409091e+00 5.000000e-01 1 1 1
1.409091e+00 5.909091e-01 1 1 1
1.409091e+00 6.818182e-01 1 1 1
1.409091e+00 7.727273e-01 1 1 1
1.409091e+00 8.636364e-01 1 1 1
1.409091e+00 9.545455e-01 1 1 1
1.409091e+00 1.045455e+00 1 1 1
1.409091e+00 1.136364e+00 1 1 1
1.409091e+00 1.227273e+00 1 1 1
1.409091e+00 1.318182e+00 1 1 1
1.409091e+00 1.409091e+00 1 1 1
1.409091e+00 1.500000e+00 1 1 1
1.409091e+00 1.590909e+00 1 1 1
1.409091e+00 1.681818e+00 1 1 1
1.409091e+00 1.772727e+00 1 1 1
1.409091e+00 1.863636e+00 1 1 1
1.409091e+00 1.954545e+00 1 1 1
1.409091e+00 2.045455e+00 1 1 1
1.409091e+00 2.136364e+00 1 1 1
1.409091e+00 2.227273e+00 1 1 1
1.409091e+00 2.318182e+00 1 1 1
1.409091e+00 2.409091e+00 2 1 1
1.409091e+00 2.500000e+00 2 1 1
1.409091e+00 2.590909e+00 2 1 1
1.409091e+00 2.681818e+00 1 1 1
1.409091e+00 2.772727e+00 1 1 1
1.409091e+00 2.863636e+00 1 1 1
1.409091e+00 2.954545e+00 1 1 1
1.409091e+00 3.045455e+00 1 1 1
1.409091e+00 3.136364e+00 1 1 1
1.409091e+00 3.227273e+00 1 2 1
1.409091e+00 3.318182e+00 2 2 1
1.409091e+00 3.409091e+00 2 2 1
1.409091e+00 3.500000e+00 2 2 1
1.409091e+00 3.590909e+00 2 2 1
1.409091e+00 3.681818e+00 1 2 1
1.409091e+00 3.772727e+00 1 2 1
1.409091e+00 3.863636e+00 2 2 1
1.409091e+00 3.954545e+00 2 2 1
1.409091e+00 4.045455e+00 2 2 1
1.409091e+00 4.136364e+00 2 2 1
1.409091e+00 4.227273e+00 2 2 1
1.409091e+00 4.318182e+00 2 2 1
1.409091e+00 4.409091e+00 4 2 1
1.409091e+00 4.500000e+00 1 2 1

1.500000e+00 -4.500000e+00 2 4 2
1.500000e+00 -4.409091e+00 3 3 2
1.500000e+00 -4.318182e+00 1 3 2
1.500000e+00 -4.227273e+00 1 2 2
1.500000e+00 -4.136364e+00 1 1 2
1.500000e+00 -4.045455e+00 1 1 2
1.500000e+00 -3.954545e+00 1 1 2
1.500000e+00 -3.863636e+00 1 1 2
1.500000e+00 -3.772727e+00 1 1 2
1.500000e+00 -3.681818e+00 1 1 2
1.500000e+00 -3.590909e+00 1 1 2
1.500000e+00 -3.500000e+00 1 1 2
1.500000e+00 -3.409091e+00 2 2 2
1.500000e+00 -3.318182e+00 2 2 2
1.500000e+00 -3.227273e+00 2 2 2
1.500000e+00 -3.136364e+00 2 2 2
1.500000e+00 -3.045455e+00 2 2 2
1.500000e+00 -2.954545e+00 2 2 2
1.500000e+00 -2.863636e+00 2 2 2
1.500000e+00 -2.772727e+00 2 2 2
1.500000e+00 -2.681818e+00 2 2 2
1.500000e+00 -2.590909e+00 2 2 2
1.500000e+00 -2.500000e+00 2 2 2
1.500000e+00 -2.409091e+00 2 2 2
1.500000e+00 -2.318182e+00 2 2 2
1.500000e+00 -2.227273e+00 2 2 2
1.500000e+00 -2.136364e+00 2 2 2
1.500000e+00 -2.045455e+00 2 2 2
1.500000e+00 -1.954545e+00 2 2 2
1.500000e+00 -1.863636e+00 2 2 2
1.500000e+00 -1.772727e+00 2 2 2
1.500000e+00 -1.681818e+00 2 2 2
1.500000e+00 -1.590909e+00 2 2 2
1.500000e+00 -1.500000e+00 2 2 2
1.500000e+00 -1.409091e+00 2 2 2
1.500000e+00 -1.318182e+00 2 2 2
1.500000e+00 -1.227273e+00 2 2 2
1.500000e+00 -1.136364e+00 2 2 2
1.500000e+00 -1.045455e+00 2 2 2
1.500000e+00 -9.545455e-01 2 2 2
1.500000e+00 -8.636364e-01 2 2 2
1.500000e+00 -7.727273e-01 2 2 2
1.500000e+00 -6.818182e-01 2 2 2
1.500000e+00 -5.909091e-01 2 2 2
1.500000e+00 -5.000000e-01 2 2 2
1.500000e+00 -4.090909e-01 2 2 2
1.500000e+00 -3.181818e-01 2 2 2
1.500000e+00 -2.272727e-01 2 1 1
1.500000e+00 -1.363636e-01 1 1 1
1.500000e+00 -4.545455e-02 1 1 1
1.500000e+00 4.545455e-02 1 1 1
1.500000e+00 1.363636e-01 1 1 1
1.500000e+00 2.272727e-01 1 1 1
1.500000e+00 3.181818e-01 1 1 1
1.500000e+00 4.090909e-01 1 1 1
1.500000e+00 5.000000e-01 1 1 1
1.500000e+00 5.909091e-01 1 1 1
1.500000e+00 6.818182e-01 1 1 1
1.500000e+00 7.727273e-01 1 1 1
1.500000e+00 8.636364e-01 1 1 1
1.500000e+00 9.545455e-01 1 1 1
1.500000e+00 1.045455e+00 1 1 1
1.500000e+00 1.136364e+00 1 1 1
1.500000e+00 1.227273e+00 1 1 1
1.500000e+00 1.318182e+00 1 1 1
1.500000e+00 1.409091e+00 1 1 1
1.500000e+00 1.500000e+00 1 1 1
1.500000e+00 1.590909e+00 1 1 1
1.500000e+00 1.681818e+00 1 1 1
1.500000e+00 1.772727e+00 1 1 1
1.500000e+00 1.863636e+00 1 1 1
1.500000e+00 1.954545e+00 1 1 1
1.500000e+00 2.045455e+00 1 1 1
1.500000e+00 2.136364e+00 1 1 1
1.500000e+00 2.227273e+00 1 1 1
1.500000e+00 2.318182e+00 1 1 1
1.500000e+00 2.409091e+00 2 1 1
1.500000e+00 2.500000e+00 2 1 1
1.500000e+00 2.590909e+00 2 1 1
1.500000e+00 2.681818e+00 1 2 1
1.500000e+00 2.772727e+00 1 1 1
1.500000e+00 2.863636e+00 1 1 1
1.500000e+00 2.954545e+00 1 1 1
1.500000e+00 3.045455e+00 1 1 1
1.500000e+00 3.136364e+00 1 1 1
1.500000e+00 3.227273e+00 2 1 1
1.500000e+00 3.318182e+00 2 2 1
1.500000e+00 3.409091e+00 2 2 1
1.500000e+00 3.500000e+00 2 2 1
1.500000e+00 3.590909e+00 2 2 1
1.500000e+00 3.681818e+00 1 2 1
1.500000e+00 3.772727e+00 1 2 1
1.500000e+00 3.863636e+00 2 2 1
1.500000e+00 3.954545e+00 4 2 1
1.500000e+00 4.045455e+00 2 2 1
1.500000e+00 4.136364e+00 2 2 1
1.500000e+00 4.227273e+00 2 2 1
1.500000e+00 4.318182e+00 2 2 1
1.500000e+00 4.409091e+00 2 2 1
1.500000e+00 4.500000e+00 1 2 1

1.590909e+00 -4.500000e+00 3 3 2
1.590909e+00 -4.409091e+00 1 2 2
1.590909e+00 -4.318182e+00 1 2 2
1.590909e+00 -4.227273e+00 1 1 2
1.590909e+00 -4.136364e+00 1 1 2
1.590909e+00 -4.045455e+00 1 1 2
1.590909e+00 -3.954545e+00 1 1 2
1.590909e+00 -3.863636e+00 1 1 2
1.590909e+00 -3.772727e+00 3 1 2
1.590909e+00 -3.681818e+00 1 1 2
1.590909e+00 -3.590909e+00 1 1 2
1.590909e+00 -3.500000e+00 1 1 2
1.590909e+00 -3.409091e+00 2 1 2
1.590909e+00 -3.318182e+00 2 2 2
1.590909e+00 -3.227273e+00 2 2 2
1.590909e+00 -3.136364e+00 2 2 2
1.590909e+00 -3.045455e+00 2 2 2
1.590909e+00 -2.954545e+00 2 2 2
1.590909e+00 -2.863636e+00 2 2 2
1.590909e+00 -2.772727e+00 2 2 2
1.590909e+00 -2.681818e+00 2 2 2
1.590909e+00 -2.590909e+00 2 2 2
1.590909e+00 -2.500000e+00 2 2 2
1.590909e+00 -2.409091e+00 2 2 2
1.590909e+00 -2.318182e+00 2 2 2
1.590909e+00 -2.227273e+00 2 2 2
1.590909e+00 -2.136364e+00 2 2 2
1.590909e+00 -2.045455e+00 2 2 2
1.590909e+00 -1.954545e+00 2 2 2
1.590909e+00 -1.863636e+00 1 2 2
1.590909e+00 -1.772727e+00 1 2 2
1.590909e+00 -1.681818e+00 2 2 2
1.590909e+00 -1.590909e+00 2 2 2
1.590909e+00 -1.500000e+00 2 2 2
1.590909e+00 -1.409091e+00 2 2 2
1.590909e+00 -1.318182e+00 1 2 2
1.590909e+00 -1.227273e+00 1 2 2
1.590909e+00 -1.136364e+00 1 2 2
1.590909e+00 -1.045455e+00 2 2 2
1.590909e+00 -9.545455e-01 2 2 2
1.590909e+00 -8.636364e-01 2 2 2
1.590909e+00 -7.727273e-01 2 2 2
1.590909e+00 -6.818182e-01 1 2 2
1.590909e+00 -5.909091e-01 2 2 2
1.590909e+00 -5.000000e-01 2 2 2
1.590909e+00 -4.090909e-01 1 2 2
1.590909e+00 -3.181818e-01 2 2 2
1.590909e+00 -2.272727e-01 2 1 2
1.590909e+00 -1.363636e-01 1 1 1
1.590909e+00 -4.545455e-02 1 1 1
1.590909e+00 4.545455e-02 1 1 1
1.590909e+00 1.363636e-01 2 1 1
1.590909e+00 2.272727e-01 1 1 1
1.590909e+00 3.181818e-01 1 1 1
1.590909e+00 4.090909e-01 1 1 1
1.590909e+00 5.000000e-01 1 1 1
1.590909e+00 5.909091e-01 1 1 1
1.590909e+00 6.818182e-01 1 1 1
1.590909e+00 7.727273e-01 1 1 1
1.590909e+00 8.636364e-01 1 1 1
1.590909e+00 9.545455e-01 1 1 1
1.590909e+00 1.045455e+00 1 1 1
1.590909e+00 1.136364e+00 1 1 1
1.590909e+00 1.227273e+00 1 1 1
1.590909e+00 1.318182e+00 1 1 1
1.590909e+00 1.409091e+00 1 1 1
1.590909e+00 1.500000e+00 1 1 1
1.590909e+00 1.590909e+00 1 1 1
1.590909e+00 1.681818e+00 1 1 1
1.590909e+00 1.772727e+00 1 1 1
1.590909e+00 1.863636e+00 1 1 1
1.590909e+00 1.954545e+00 1 1 1
1.590909e+00 2.045455e+00 1 1 1
1.590909e+00 2.136364e+00 1 1 1
1.590909e+00 2.227273e+00 1 1 1
1.590909e+00 2.318182e+00 1 1 1
1.590909e+00 2.409091e+00 1 1 1
1.590909e+00 2.500000e+00 1 1 1
1.590909e+00 2.590909e+00 1 1 1
1.590909e+00 2.681818e+00 1 2 1
1.590909e+00 2.772727e+00 1 2 1
1.590909e+00 2.863636e+00 1 1 1
1.590909e+00 2.954545e+00 1 1 1
1.590909e+00 3.045455e+00 1 1 1
1.590909e+00 3.136364e+00 1 1 1
1.590909e+00 3.227273e+00 2 2 1
1.590909e+00 3.318182e+00 4 2 1
1.590909e+00 3.409091e+00 2 2 1
1.590909e+00 3.500000e+00 2 2 1
1.590909e+00 3.590909e+00 4 2 1
1.590909e+00 3.681818e+00 1 2 1
1.590909e+00 3.772727e+00 1 2 1
1.590909e+00 3.863636e+00 2 2 1
1.590909e+00 3.954545e+00 2 2 1
1.590909e+00 4.045455e+00 2 2 1
1.590909e+00 4.136364e+00 2 2 1
1.590909e+00 4.227273e+00 2 2 1
1.590909e+00 4.318182e+00 2 2 1
1.590909e+00 4.409091e+00 1 2 1
1.590909e+00 4.500000e+00 4 2 1

1.681818e+00 -4.500000e+00 3 1 2
1.681818e+00 -4.409091e+00 1 2 2
1.681818e+00 -4.318182e+00 1 2 2
1.681818e+00 -4.227273e+00 1 1 2
1.681818e+00 -4.136364e+00 1 1 2
1.681818e+00 -4.045455e+00 1 1 2
1.681818e+00 -3.954545e+00 1 1 2
1.681818e+00 -3.863636e+00 1 1 2
1.681818e+00 -3.772727e+00 1 1 2
1.681818e+00 -3.681818e+00 1 1 2
1.681818e+00 -3.590909e+00 1 1 2
1.681818e+00 -3.500000e+00 3 1 2
1.681818e+00 -3.409091e+00 1 1 2
1.681818e+00 -3.318182e+00 4 1 2
1.681818e+00 -3.227273e+00 2 2 2
1.681818e+00 -3.136364e+00 2 2 2
1.681818e+00 -3.045455e+00 2 2 2
1.681818e+00 -2.954545e+00 2 2 2
1.681818e+00 -2.863636e+00 2 2 2
1.681818e+00 -2.772727e+00 2 2 2
1.681818e+00 -2.681818e+00 2 2 2
1.681818e+00 -2.590909e+00 2 2 2
1.681818e+00 -2.500000e+00 2 2 2
1.681818e+00 -2.409091e+00 2 2 2
1.681818e+00 -2.318182e+00 2 2 2
1.681818e+00 -2.227273e+00 2 2 2
1.681818e+00 -2.136364e+00 2 2 2
1.681818e+00 -2.045455e+00 2 2 2
1.681818e+00 -1.954545e+00 2 2 2
1.681818e+00 -1.863636e+00 2 2 2
1.681818e+00 -1.772727e+00 1 2 2
1.681818e+00 -1.681818e+00 2 2 2
1.681818e+00 -1.590909e+00 2 2 2
1.681818e+00 -1.500000e+00 2 2 2
1.681818e+00 -1.409091e+00 2 2 2
1.681818e+00 -1.318182e+00 2 2 2
1.681818e+00 -1.227273e+00 2 2 2
1.681818e+00 -1.136364e+00 2 2 2
1.681818e+00 -1.045455e+00 2 2 2
1.681818e+00 -9.545455e-01 2 2 2
1.681818e+00 -8.636364e-01 2 2 2
1.681818e+00 -7.727273e-01 1 2 2
1.681818e+00 -6.818182e-01 2 2 2
1.681818e+00 -5.909091e-01 1 2 2
1.681818e+00 -5.000000e-01 2 2 2
1.681818e+00 -4.090909e-01 1 2 2
1.681818e+00 -3.181818e-01 2 2 2
1.681818e+00 -2.272727e-01 2 1 2
1.681818e+00 -1.363636e-01 1 1 1
1.681818e+00 -4.545455e-02 2 1 1
1.681818e+00 4.545455e-02 1 1 1
1.681818e+00 1.363636e-01 1 1 1
1.681818e+00 2.272727e-01 1 1 1
1.681818e+00 3.181818e-01 1 1 1
1.681818e+00 4.090909e-01 1 1 1
1.681818e+00 5.000000e-01 1 1 1
1.681818e+00 5.909091e-01 1 1 1
1.681818e+00 6.818182e-01 1 1 1
1.681818e+00 7.727273e-01 1 1 1
1.681818e+00 8.636364e-01 1 1 1
1.681818e+00 9.545455e-01 1 1 1
1.681818e+00 1.045455e+00 1 1 1
1.681818e+00 1.136364e+00 1 1 1
1.681818e+00 1.227273e+00 1 1 1
1.681818e+00 1.318182e+00 1 2 1
1.681818e+00 1.409091e+00 1 3 1
1.681818e+00 1.500000e+00 1 1 1
1.681818e+00 1.590909e+00 1 1 1
1.681818e+00 1.681818e+00 4 1 1
1.681818e+00 1.772727e+00 4 1 1
1.681818e+00 1.863636e+00 1 1 1
1.681818e+00 1.954545e+00 1 1 1
1.681818e+00 2.045455e+00 1 1 1
1.681818e+00 2.136364e+00 1 1 1
1.681818e+00 2.227273e+00 1 1 1
1.681818e+00 2.318182e+00 1 1 1
1.681818e+00 2.409091e+00 1 1 1
1.681818e+00 2.500000e+00 1 1 1
1.681818e+00 2.590909e+00 1 1 1
1.681818e+00 2.681818e+00 1 2 1
1.681818e+00 2.772727e+00 1 2 1
1.681818e+00 2.863636e+00 1 1 1
1.681818e+00 2.954545e+00 1 1 1
1.681818e+00 3.045455e+00 1 1 1
1.681818e+00 3.136364e+00 1 1 1
1.681818e+00 3.227273e+00 2 2 1
1.681818e+00 3.318182e+00 4 2 1
1.681818e+00 3.409091e+00 2 2 1
1.681818e+00 3.500000e+00 2 2 1
1.681818e+00 3.590909e+00 2 2 1
1.681818e+00 3.681818e+00 1 2 1
1.681818e+00 3.772727e+00 2 2 1
1.681818e+00 3.863636e+00 1 2 1
1.681818e+00 3.954545e+00 1 2 1
1.681818e+00 4.045455e+00 2 2 1
1.681818e+00 4.136364e+00 1 2 1
1.681818e+00 4.227273e+00 2 2 1
1.681818e+00 4.318182e+00 2 2 1
1.681818e+00 4.409091e+00 2 2 1
1.681818e+00 4.500000e+00 4 2 1

1.772727e+00 -4.500000e+00 2 2 2
1.772727e+00 -4.409091e+00 1 2 2
1.772727e+00 -4.318182e+00 1 2 2
1.772727e+00 -4.227273e+00 1 1 2
1.772727e+00 -4.136364e+00 1 1 2
1.772727e+00 -4.045455e+00 1 1 2
1.772727e+00 -3.954545e+00 1 1 2
1.772727e+00 -3.863636e+00 1 1 2
1.772727e+00 -3.772727e+00 3 1 2
1.772727e+00 -3.681818e+00 3 1 2
1.772727e+00 -3.590909e+00 1 1 2
1.772727e+00 -3.500000e+00 1 1 2
1.772727e+00 -3.409091e+00 1 1 2
1.772727e+00 -3.318182e+00 1 1 2
1.772727e+00 -3.227273e+00 2 1 2
1.772727e+00 -3.136364e+00 2 1 2
1.772727e+00 -3.045455e+00 2 2 2
1.772727e+00 -2.954545e+00 2 2 2
1.772727e+00 -2.863636e+00 2 2 2
1.772727e+00 -2.772727e+00 2 2 2
1.772727e+00 -2.681818e+00 2 2 2
1.772727e+00 -2.590909e+00 2 2 2
1.772727e+00 -2.500000e+00 2 2 2
1.772727e+00 -2.409091e+00 2 2 2
1.772727e+00 -2.318182e+00 2 2 2
1.772727e+00 -2.227273e+00 2 2 2
1.772727e+00 -2.136364e+00 2 2 2
1.772727e+00 -2.045455e+00 2 2 2
1.772727e+00 -1.954545e+00 2 2 2
1.772727e+00 -1.863636e+00 2 2 2
1.772727e+00 -1.772727e+00 2 2 2
1.772727e+00 -1.681818e+00 2 2 2
1.772727e+00 -1.590909e+00 2 2 2
1.772727e+00 -1.500000e+00 2 2 2
1.772727e+00 -1.409091e+00 2 2 2
1.772727e+00 -1.318182e+00 2 2 2
1.772727e+00 -1.227273e+00 2 2 2
1.772727e+00 -1.136364e+00 2 2 2
1.772727e+00 -1.045455e+00 2 2 2
1.772727e+00 -9.545455e-01 2 2 2
1.772727e+00 -8.636364e-01 1 2 2
1.772727e+00 -7.727273e-01 2 2 2
1.772727e+00 -6.818182e-01 2 2 2
1.772727e+00 -5.909091e-01 1 2 2
1.772727e+00 -5.000000e-01 2 2 2
1.772727e+00 -4.090909e-01 2 2 2
1.772727e+00 -3.181818e-01 2 2 2
1.772727e+00 -2.272727e-01 2 1 2
1.772727e+00 -1.363636e-01 1 1 1
1.772727e+00 -4.545455e-02 2 1 1
1.772727e+00 4.545455e-02 1 1 1
1.772727e+00 1.363636e-01 1 1 1
1.772727e+00 2.272727e-01 1 1 1
1.772727e+00 3.181818e-01 1 1 1
1.772727e+00 4.090909e-01 1 1 1
1.772727e+00 5.000000e-01 1 1 1
1.772727e+00 5.909091e-01 1 1 1
1.772727e+00 6.818182e-01 1 1 1
1.772727e+00 7.727273e-01 1 1 1
1.772727e+00 8.636364e-01 1 1 1
1.772727e+00 9.545455e-01 1 1 1
1.772727e+00 1.045455e+00 1 1 1
1.772727e+00 1.136364e+00 1 1 1
1.772727e+00 1.227273e+00 1 1 1
1.772727e+00 1.318182e+00 1 1 1
1.772727e+00 1.409091e+00 1 1 1
1.772727e+00 1.500000e+00 1 1 1
1.772727e+00 1.590909e+00 4 1 1
1.772727e+00 1.681818e+00 1 1 1
1.772727e+00 1.772727e+00 1 1 1
1.772727e+00 1.863636e+00 1 1 1
1.772727e+00 1.954545e+00 1 1 1
1.772727e+00 2.045455e+00 1 1 1
1.772727e+00 2.136364e+00 1 1 1
1.772727e+00 2.227273e+00 1 1 1
1.772727e+00 2.318182e+00 1 1 1
1.772727e+00 2.409091e+00 2 1 1
1.772727e+00 2.500000e+00 1 1 1
1.772727e+00 2.590909e+00 1 1 1
1.772727e+00 2.681818e+00 1 1 1
1.772727e+00 2.772727e+00 1 1 1
1.772727e+00 2.863636e+00 3 1 1
1.772727e+00 2.954545e+00 1 1 1
1.772727e+00 3.045455e+00 3 1 1
1.772727e+00 3.136364e+00 1 1 1
1.772727e+00 3.227273e+00 1 2 1
1.772727e+00 3.318182e+00 2 2 1
1.772727e+00 3.409091e+00 2 2 1
1.772727e+00 3.500000e+00 2 2 1
1.772727e+00 3.590909e+00 2 2 1
1.772727e+00 3.681818e+00 1 2 1
1.772727e+00 3.772727e+00 2 2 1
1.772727e+00 3.863636e+00 1 2 1
1.772727e+00 3.954545e+00 2 2 1
1.772727e+00 4.045455e+00 1 2 1
1.772727e+00 4.136364e+00 2 2 1
1.772727e+00 4.227273e+00 2 2 1
1.772727e+00 4.318182e+00 2 2 1
1.772727e+00 4.409091e+00 2 2 1
1.772727e+00 4.500000e+00 4 2 1

1.863636e+00 -4.500000e+00 2 1 2
1.863636e+00 -4.409091e+00 1 2 2
1.863636e+00 -4.318182e+00 1 2 2
1.863636e+00 -4.227273e+00 1 1 2
1.863636e+00 -4.136364e+00 1 1 2
1.863636e+00 -4.045455e+00 4 1 2
1.863636e+00 -3.954545e+00 1 1 2
1.863636e+00 -3.863636e+00 1 1 2
1.863636e+00 -3.772727e+00 1 1 2
1.863636e+00 -3.681818e+00 1 1 2
1.863636e+00 -3.590909e+00 3 1 2
1.863636e+00 -3.500000e+00 1 1 2
1.863636e+00 -3.409091e+00 1 1 2
1.863636e+00 -3.318182e+00 1 1 2
1.863636e+00 -3.227273e+00 1 1 2
1.863636e+00 -3.136364e+00 1 1 2
1.863636e+00 -3.045455e+00 2 1 2
1.863636e+00 -2.954545e+00 2 1 2
1.863636e+00 -2.863636e+00 2 1 2
1.863636e+00 -2.772727e+00 1 1 2
1.863636e+00 -2.681818e+00 2 1 2
1.863636e+00 -2.590909e+00 1 1 2
1.863636e+00 -2.500000e+00 1 1 2
1.863636e+00 -2.409091e+00 1 1 2
1.863636e+00 -2.318182e+00 1 1 2
1.863636e+00 -2.227273e+00 1 1 2
1.863636e+00 -2.136364e+00 2 2 2
1.863636e+00 -2.045455e+00 2 2 2
1.863636e+00 -1.954545e+00 2 2 2
1.863636e+00 -1.863636e+00 1 2 2
1.863636e+00 -1.772727e+00 2 2 2
1.863636e+00 -1.681818e+00 1 2 2
1.863636e+00 -1.590909e+00 2 2 2
1.863636e+00 -1.500000e+00 2 2 2
1.863636e+00 -1.409091e+00 2 2 2
1.863636e+00 -1.318182e+00 2 2 2
1.863636e+00 -1.227273e+00 2 2 2
1.863636e+00 -1.136364e+00 2 2 2
1.863636e+00 -1.045455e+00 2 2 2
1.863636e+00 -9.545455e-01 2 2 2
1.863636e+00 -8.636364e-01 1 2 2
1.863636e+00 -7.727273e-01 2 2 2
1.863636e+00 -6.818182e-01 2 2 2
1.863636e+00 -5.909091e-01 1 2 2
1.863636e+00 -5.000000e-01 2 2 2
1.863636e+00 -4.090909e-01 2 2 2
1.863636e+00 -3.181818e-01 2 2 2
1.863636e+00 -2.272727e-01 2 1 2
1.863636e+00 -1.363636e-01 1 1 1
1.863636e+00 -4.545455e-02 1 1 1
1.863636e+00 4.545455e-02 1 1 1
1.863636e+00 1.363636e-01 1 1 1
1.863636e+00 2.272727e-01 1 1 1
1.863636e+00 3.181818e-01 1 1 1
1.863636e+00 4.090909e-01 1 1 1
1.863636e+00 5.000000e-01 1 1 1
1.863636e+00 5.909091e-01 1 1 1
1.863636e+00 6.818182e-01 1 1 1
1.863636e+00 7.727273e-01 1 1 1
1.863636e+00 8.636364e-01 1 1 1
1.863636e+00 9.545455e-01 1 1 1
1.863636e+00 1.045455e+00 1 1 1
1.863636e+00 1.136364e+00 1 1 1
1.863636e+00 1.227273e+00 1 1 1
1.863636e+00 1.318182e+00 1 1 1
1.863636e+00 1.409091e+00 1 1 1
1.863636e+00 1.500000e+00 1 1 1
1.863636e+00 1.590909e+00 1 1 1
1.863636e+00 1.681818e+00 1 1 1
1.863636e+00 1.772727e+00 1 1 1
1.863636e+00 1.863636e+00 1 1 1
1.863636e+00 1.954545e+00 1 1 1
1.863636e+00 2.045455e+00 1 1 1
1.863636e+00 2.136364e+00 1 1 1
1.863636e+00 2.227273e+00 1 1 1
1.863636e+00 2.318182e+00 2 1 1
1.863636e+00 2.409091e+00 2 1 1
1.863636e+00 2.500000e+00 1 1 1
1.863636e+00 2.590909e+00 1 1 1
1.863636e+00 2.681818e+00 1 1 1
1.863636e+00 2.772727e+00 1 2 1
1.863636e+00 2.863636e+00 1 1 1
1.863636e+00 2.954545e+00 1 1 1
1.863636e+00 3.045455e+00 1 1 1
1.863636e+00 3.136364e+00 2 2 1
1.863636e+00 3.227273e+00 2 2 1
1.863636e+00 3.318182e+00 2 2 1
1.863636e+00 3.409091e+00 2 2 1
1.863636e+00 3.500000e+00 2 2 1
1.863636e+00 3.590909e+00 2 2 1
1.863636e+00 3.681818e+00 1 2 1
1.863636e+00 3.772727e+00 2 2 1
1.863636e+00 3.863636e+00 1 2 1
1.863636e+00 3.954545e+00 1 2 1
1.863636e+00 4.045455e+00 1 2 1
1.863636e+00 4.136364e+00 2 2 1
1.863636e+00 4.227273e+00 2 2 1
1.863636e+00 4.318182e+00 2 2 1
1.863636e+00 4.409091e+00 2 2 1
1.863636e+00 4.500000e+00 4 2 1

1.954545e+00 -4.500000e+00 2 1 2
1.954545e+00 -4.409091e+00 1 2 2
1.954545e+00 -4.318182e+00 2 1 2
1.954545e+00 -4.227273e+00 1 1 2
1.954545e+00 -4.136364e+00 1 1 2
1.954545e+00 -4.045455e+00 1 1 2
1.954545e+00 -3.954545e+00 1 1 2
1.954545e+00 -3.863636e+00 1 1 2
1.954545e+00 -3.772727e+00 1 1 2
1.954545e+00 -3.681818e+00 1 1 2
1.954545e+00 -3.590909e+00 1 1 2
1.954545e+00 -3.500000e+00 3 1 2
1.954545e+00 -3.409091e+00 3 1 2
1.954545e+00 -3.318182e+00 1 1 2
1.954545e+00 -3.227273e+00 1 1 2
1.954545e+00 -3.136364e+00 1 1 2
1.954545e+00 -3.045455e+00 1 1 2
1.954545e+00 -2.954545e+00 2 1 2
1.954545e+00 -2.863636e+00 1 1 2
1.954545e+00 -2.772727e+00 1 2 2
1.954545e+00 -2.681818e+00 1 1 2
1.954545e+00 -2.590909e+00 1 1 2
1.954545e+00 -2.500000e+00 1 1 2
1.954545e+00 -2.409091e+00 2 1 2
1.954545e+00 -2.318182e+00 1 1 2
1.954545e+00 -2.227273e+00 1 1 2
1.954545e+00 -2.136364e+00 1 1 2
1.954545e+00 -2.045455e+00 2 2 2
1.954545e+00 -1.954545e+00 1 2 2
1.954545e+00 -1.863636e+00 1 2 2
1.954545e+00 -1.772727e+00 1 2 2
1.954545e+00 -1.681818e+00 2 2 2
1.954545e+00 -1.590909e+00 2 2 2
1.954545e+00 -1.500000e+00 4 2 2
1.954545e+00 -1.409091e+00 2 2 2
1.954545e+00 -1.318182e+00 2 2 2
1.954545e+00 -1.227273e+00 2 2 2
1.954545e+00 -1.136364e+00 1 2 2
1.954545e+00 -1.045455e+00 2 2 2
1.954545e+00 -9.545455e-01 2 2 2
1.954545e+00 -8.636364e-01 1 2 2
1.954545e+00 -7.727273e-01 2 2 2
1.954545e+00 -6.818182e-01 1 2 2
1.954545e+00 -5.909091e-01 1 2 2
1.954545e+00 -5.000000e-01 2 2 2
1.954545e+00 -4.090909e-01 2 2 2
1.954545e+00 -3.181818e-01 1 2 2
1.954545e+00 -2.272727e-01 2 1 2
1.954545e+00 -1.363636e-01 2 1 1
1.954545e+00 -4.545455e-02 1 1 1
1.954545e+00 4.545455e-02 1 1 1
1.954545e+00 1.363636e-01 1 1 1
1.954545e+00 2.272727e-01 1 1 1
1.954545e+00 3.181818e-01 1 1 1
1.954545e+00 4.090909e-01 1 1 1
1.954545e+00 5.000000e-01 1 1 1
1.954545e+00 5.909091e-01 1 1 1
1.954545e+00 6.818182e-01 1 1 1
1.954545e+00 7.727273e-01 1 1 1
1.954545e+00 8.636364e-01 1 1 1
1.954545e+00 9.545455e-01 1 1 1
1.954545e+00 1.045455e+00 1 1 1
1.954545e+00 1.136364e+00 1 1 1
1.954545e+00 1.227273e+00 1 1 1
1.954545e+00 1.318182e+00 1 1 1
1.954545e+00 1.409091e+00 1 1 1
1.954545e+00 1.500000e+00 1 1 1
1.954545e+00 1.590909e+00 1 1 1
1.954545e+00 1.681818e+00 1 1 1
1.954545e+00 1.772727e+00 1 1 1
1.954545e+00 1.863636e+00 1 1 1
1.954545e+00 1.954545e+00 4 1 1
1.954545e+00 2.045455e+00 1 1 1
1.954545e+00 2.136364e+00 1 1 1
1.954545e+00 2.227273e+00 1 1 1
1.954545e+00 2.318182e+00 2 1 1
1.954545e+00 2.409091e+00 1 1 1
1.954545e+00 2.500000e+00 1 1 1
1.954545e+00 2.590909e+00 1 1 1
1.954545e+00 2.681818e+00 1 1 1
1.954545e+00 2.772727e+00 1 2 1
1.954545e+00 2.863636e+00 1 1 1
1.954545e+00 2.954545e+00 1 1 1
1.954545e+00 3.045455e+00 1 1 1
1.954545e+00 3.136364e+00 2 2 1
1.954545e+00 3.227273e+00 2 2 1
1.954545e+00 3.318182e+00 2 2 1
1.954545e+00 3.409091e+00 2 2 1
1.954545e+00 3.500000e+00 2 2 1
1.954545e+00 3.590909e+00 2 2 1
1.954545e+00 3.681818e+00 1 2 1
1.954545e+00 3.772727e+00 2 2 1
1.954545e+00 3.863636e+00 4 2 1
1.954545e+00 3.954545e+00 4 2 1
1.954545e+00 4.045455e+00 1 2 1
1.954545e+00 4.136364e+00 2 2 1
1.954545e+00 4.227273e+00 2 2 1
1.954545e+00 4.318182e+00 2 2 1
1.954545e+00 4.409091e+00 2 2 1
1.954545e+00 4.500000e+00 1 2 1

2.045455e+00 -4.500000e+00 1 1 2
2.045455e+00 -4.409091e+00 1 2 2
2.045455e+00 -4.318182e+00 2 1 2
2.045455e+00 -4.227273e+00 1 1 2
2.045455e+00 -4.136364e+00 1 1 2
2.045455e+00 -4.045455e+00 1 1 2
2.045455e+00 -3.954545e+00 1 1 2
2.045455e+00 -3.863636e+00 3 1 2
2.045455e+00 -3.772727e+00 3 1 2
2.045455e+00 -3.681818e+00 1 1 2
2.045455e+00 -3.590909e+00 1 1 2
2.045455e+00 -3.500000e+00 1 1 2
2.045455e+00 -3.409091e+00 3 2 2
2.045455e+00 -3.318182e+00 3 1 2
2.045455e+00 -3.227273e+00 1 1 2
2.045455e+00 -3.136364e+00 1 1 2
2.045455e+00 -3.045455e+00 1 2 2
2.045455e+00 -2.954545e+00 1 1 2
2.045455e+00 -2.863636e+00 1 1 2
2.045455e+00 -2.772727e+00 1 1 2
2.045455e+00 -2.681818e+00 1 2 2
2.045455e+00 -2.590909e+00 1 1 2
2.045455e+00 -2.500000e+00 1 1 2
2.045455e+00 -2.409091e+00 2 1 2
2.045455e+00 -2.318182e+00 1 1 2
2.045455e+00 -2.227273e+00 1 1 2
2.045455e+00 -2.136364e+00 1 1 2
2.045455e+00 -2.045455e+00 1 1 2
2.045455e+00 -1.954545e+00 1 2 2
2.045455e+00 -1.863636e+00 2 2 2
2.045455e+00 -1.772727e+00 1 2 2
2.045455e+00 -1.681818e+00 2 2 2
2.045455e+00 -1.590909e+00 1 3 2
2.045455e+00 -1.500000e+00 1 2 2
2.045455e+00 -1.409091e+00 1 2 2
2.045455e+00 -1.318182e+00 1 2 2
2.045455e+00 -1.227273e+00 1 2 2
2.045455e+00 -1.136364e+00 1 2 2
2.045455e+00 -1.045455e+00 2 2 2
2.045455e+00 -9.545455e-01 2 2 2
2.045455e+00 -8.636364e-01 2 2 2
2.045455e+00 -7.727273e-01 2 2 2
2.045455e+00 -6.818182e-01 2 2 2
2.045455e+00 -5.909091e-01 2 2 2
2.045455e+00 -5.000000e-01 2 2 2
2.045455e+00 -4.090909e-01 2 2 2
2.045455e+00 -3.181818e-01 1 2 2
2.045455e+00 -2.272727e-01 1 1 2
2.045455e+00 -1.363636e-01 1 1 2
2.045455e+00 -4.545455e-02 1 1 1
2.045455e+00 4.545455e-02 2 1 1
2.045455e+00 1.363636e-01 1 1 1
2.045455e+00 2.272727e-01 1 1 1
2.045455e+00 3.181818e-01 1 1 1
2.045455e+00 4.090909e-01 1 1 1
2.045455e+00 5.000000e-01 1 1 1
2.045455e+00 5.909091e-01 1 1 1
2.045455e+00 6.818182e-01 1 1 1
2.045455e+00 7.727273e-01 1 1 1
2.045455e+00 8.636364e-01 1 1 1
2.045455e+00 9.545455e-01 1 1 1
2.045455e+00 1.045455e+00 1 1 1
2.045455e+00 1.136364e+00 1 1 1
2.045455e+00 1.227273e+00 1 1 1
2.045455e+00 1.318182e+00 1 1 1
2.045455e+00 1.409091e+00 1 1 1
2.045455e+00 1.500000e+00 1 1 1
2.045455e+00 1.590909e+00 1 1 1
2.045455e+00 1.681818e+00 1 1 1
2.045455e+00 1.772727e+00 1 1 1
2.045455e+00 1.863636e+00 1 1 1
2.045455e+00 1.954545e+00 1 1 1
2.045455e+00 2.045455e+00 1 1 1
2.045455e+00 2.136364e+00 1 1 1
2.045455e+00 2.227273e+00 1 1 1
2.045455e+00 2.318182e+00 1 1 1
2.045455e+00 2.409091e+00 1 1 1
2.045455e+00 2.500000e+00 1 1 1
2.045455e+00 2.590909e+00 1 1 1
2.045455e+00 2.681818e+00 1 1 1
2.045455e+00 2.772727e+00 3 2 1
2.045455e+00 2.863636e+00 1 1 1
2.045455e+00 2.954545e+00 3 1 1
2.045455e+00 3.045455e+00 1 1 1
2.045455e+00 3.136364e+00 2 2 1
2.045455e+00 3.227273e+00 2 2 1
2.045455e+00 3.318182e+00 2 2 1
2.045455e+00 3.409091e+00 2 2 1
2.045455e+00 3.500000e+00 2 2 1
2.045455e+00 3.590909e+00 1 2 1
2.045455e+00 3.681818e+00 2 2 1
2.045455e+00 3.772727e+00 1 2 1
2.045455e+00 3.863636e+00 4 2 1
2.045455e+00 3.954545e+00 4 2 1
2.045455e+00 4.045455e+00 1 2 1
2.045455e+00 4.136364e+00 2 2 1
2.045455e+00 4.227273e+00 2 2 1
2.045455e+00 4.318182e+00 2 2 1
2.045455e+00 4.409091e+00 4 2 1
2.045455e+00 4.500000e+00 1 2 1

2.136364e+00 -4.500000e+00 1 1 2
2.136364e+00 -4.409091e+00 2 2 2
2.136364e+00 -4.318182e+00 2 1 2
2.136364e+00 -4.227273e+00 1 1 2
2.136364e+00 -4.136364e+00 1 1 2
2.136364e+00 -4.045455e+00 1 1 2
2.136364e+00 -3.954545e+00 4 1 2
2.136364e+00 -3.863636e+00 3 1 2
2.136364e+00 -3.772727e+00 3 1 2
2.136364e+00 -3.681818e+00 3 1 2
2.136364e+00 -3.590909e+00 1 1 2
2.136364e+00 -3.500000e+00 1 1 2
2.136364e+00 -3.409091e+00 2 1 2
2.136364e+00 -3.318182e+00 1 2 2
2.136364e+00 -3.227273e+00 3 1 2
2.136364e+00 -3.136364e+00 1 1 2
2.136364e+00 -3.045455e+00 1 1 2
2.136364e+00 -2.954545e+00 1 2 2
2.136364e+00 -2.863636e+00 1 1 2
2.136364e+00 -2.772727e+00 1 1 2
2.136364e+00 -2.681818e+00 2 2 2
2.136364e+00 -2.590909e+00 1 1 2
2.136364e+00 -2.500000e+00 1 1 2
2.136364e+00 -2.409091e+00 1 1 2
2.136364e+00 -2.318182e+00 2 1 2
2.136364e+00 -2.227273e+00 1 1 2
2.136364e+00 -2.136364e+00 1 1 2
2.136364e+00 -2.045455e+00 1 1 2
2.136364e+00 -1.954545e+00 1 2 2
2.136364e+00 -1.863636e+00 1 2 2
2.136364e+00 -1.772727e+00 1 2 2
2.136364e+00 -1.681818e+00 4 2 2
2.136364e+00 -1.590909e+00 4 2 2
2.136364e+00 -1.500000e+00 1 3 2
2.136364e+00 -1.409091e+00 1 2 2
2.136364e+00 -1.318182e+00 1 2 2
2.136364e+00 -1.227273e+00 1 2 2
2.136364e+00 -1.136364e+00 1 2 2
2.136364e+00 -1.045455e+00 1 2 2
2.136364e+00 -9.545455e-01 1 2 2
2.136364e+00 -8.636364e-01 2 2 2
2.136364e+00 -7.727273e-01 2 2 2
2.136364e+00 -6.818182e-01 2 2 2
2.136364e+00 -5.909091e-01 1 2 2
2.136364e+00 -5.000000e-01 2 2 2
2.136364e+00 -4.090909e-01 1 2 2
2.136364e+00 -3.181818e-01 1 2 2
2.136364e+00 -2.272727e-01 1 1 2
2.136364e+00 -1.363636e-01 1 1 2
2.136364e+00 -4.545455e-02 1 1 1
2.136364e+00 4.545455e-02 2 1 1
2.136364e+00 1.363636e-01 1 1 1
2.136364e+00 2.272727e-01 1 1 1
2.136364e+00 3.181818e-01 1 1 1
2.136364e+00 4.090909e-01 1 1 1
2.136364e+00 5.000000e-01 1 1 1
2.136364e+00 5.909091e-01 1 1 1
2.136364e+00 6.818182e-01 1 1 1
2.136364e+00 7.727273e-01 1 1 1
2.136364e+00 8.636364e-01 1 1 1
2.136364e+00 9.545455e-01 1 1 1
2.136364e+00 1.045455e+00 1 1 1
2.136364e+00 1.136364e+00 1 1 1
2.136364e+00 1.227273e+00 1 1 1
2.136364e+00 1.318182e+00 1 1 1
2.136364e+00 1.409091e+00 1 1 1
2.136364e+00 1.500000e+00 1 1 1
2.136364e+00 1.590909e+00 1 1 1
2.136364e+00 1.681818e+00 1 1 1
2.136364e+00 1.772727e+00 1 1 1
2.136364e+00 1.863636e+00 1 1 1
2.136364e+00 1.954545e+00 1 1 1
2.136364e+00 2.045455e+00 4 1 1
2.136364e+00 2.136364e+00 1 1 1
2.136364e+00 2.227273e+00 1 1 1
2.136364e+00 2.318182e+00 1 1 1
2.136364e+00 2.409091e+00 1 1 1
2.136364e+00 2.500000e+00 1 1 1
2.136364e+00 2.590909e+00 1 1 1
2.136364e+00 2.681818e+00 1 1 1
2.136364e+00 2.772727e+00 1 2 1
2.136364e+00 2.863636e+00 1 1 1
2.136364e+00 2.954545e+00 1 1 1
2.136364e+00 3.045455e+00 1 1 1
2.136364e+00 3.136364e+00 2 2 1
2.136364e+00 3.227273e+00 2 2 1
2.136364e+00 3.318182e+00 2 2 1
2.136364e+00 3.409091e+00 2 2 1
2.136364e+00 3.500000e+00 2 2 1
2.136364e+00 3.590909e+00 1 2 1
2.136364e+00 3.681818e+00 2 2 1
2.136364e+00 3.772727e+00 1 2 1
2.136364e+00 3.863636e+00 4 2 1
2.136364e+00 3.954545e+00 4 2 1
2.136364e+00 4.045455e+00 1 2 1
2.136364e+00 4.136364e+00 2 2 1
2.136364e+00 4.227273e+00 2 2 1
2.136364e+00 4.318182e+00 2 2 1
2.136364e+00 4.409091e+00 4 2 1
2.136364e+00 4.500000e+00 1 2 1

2.227273e+00 -4.500000e+00 0 1 2
2.227273e+00 -4.409091e+00 2 2 2
2.227273e+00 -4.318182e+00 2 1 2
2.227273e+00 -4.227273e+00 1 1 2
2.227273e+00 -4.136364e+00 2 1 2
2.227273e+00 -4.045455e+00 1 1 2
2.227273e+00 -3.954545e+00 1 1 2
2.227273e+00 -3.863636e+00 1 1 2
2.227273e+00 -3.772727e+00 3 1 2
2.227273e+00 -3.681818e+00 3 1 2
2.227273e+00 -3.590909e+00 3 1 2
2.227273e+00 -3.500000e+00 1 1 2
2.227273e+00 -3.409091e+00 1 1 2
2.227273e+00 -3.318182e+00 1 2 2
2.227273e+00 -3.227273e+00 2 1 2
2.227273e+00 -3.136364e+00 2 1 2
2.227273e+00 -3.045455e+00 2 1 2
2.227273e+00 -2.954545e+00 1 2 2
2.227273e+00 -2.863636e+00 1 1 2
2.227273e+00 -2.772727e+00 1 1 2
2.227273e+00 -2.681818e+00 2 1 2
2.227273e+00 -2.590909e+00 1 2 2
2.227273e+00 -2.500000e+00 1 1 2
2.227273e+00 -2.409091e+00 1 1 2
2.227273e+00 -2.318182e+00 2 1 2
2.227273e+00 -2.227273e+00 1 1 2
2.227273e+00 -2.136364e+00 1 1 2
2.227273e+00 -2.045455e+00 2 1 2
2.227273e+00 -1.954545e+00 2 2 2
2.227273e+00 -1.863636e+00 1 2 2
2.227273e+00 -1.772727e+00 1 2 2
2.227273e+00 -1.681818e+00 2 2 2
2.227273e+00 -1.590909e+00 2 2 2
2.227273e+00 -1.500000e+00 1 3 2
2.227273e+00 -1.409091e+00 1 2 2
2.227273e+00 -1.318182e+00 1 2 2
2.227273e+00 -1.227273e+00 1 2 2
2.227273e+00 -1.136364e+00 1 2 2
2.227273e+00 -1.045455e+00 1 2 2
2.227273e+00 -9.545455e-01 1 2 2
2.227273e+00 -8.636364e-01 4 2 2
2.227273e+00 -7.727273e-01 4 2 2
2.227273e+00 -6.818182e-01 2 2 2
2.227273e+00 -5.909091e-01 1 2 2
2.227273e+00 -5.000000e-01 2 2 2
2.227273e+00 -4.090909e-01 1 2 2
2.227273e+00 -3.181818e-01 1 2 2
2.227273e+00 -2.272727e-01 1 1 2
2.227273e+00 -1.363636e-01 1 1 2
2.227273e+00 -4.545455e-02 2 1 1
2.227273e+00 4.545455e-02 1 1 1
2.227273e+00 1.363636e-01 1 2 1
2.227273e+00 2.272727e-01 1 1 1
2.227273e+00 3.181818e-01 1 1 1
2.227273e+00 4.090909e-01 1 1 1
2.227273e+00 5.000000e-01 1 1 1
2.227273e+00 5.909091e-01 1 1 1
2.227273e+00 6.818182e-01 1 1 1
2.227273e+00 7.727273e-01 1 1 1
2.227273e+00 8.636364e-01 1 1 1
2.227273e+00 9.545455e-01 1 1 1
2.227273e+00 1.045455e+00 1 1 1
2.227273e+00 1.136364e+00 1 1 1
2.227273e+00 1.227273e+00 1 1 1
2.227273e+00 1.318182e+00 1 1 1
2.227273e+00 1.409091e+00 1 1 1
2.227273e+00 1.500000e+00 1 1 1
2.227273e+00 1.590909e+00 1 1 1
2.227273e+00 1.681818e+00 1 1 1
2.227273e+00 1.772727e+00 1 1 1
2.227273e+00 1.863636e+00 1 3 1
2.227273e+00 1.954545e+00 1 1 1
2.227273e+00 2.045455e+00 1 1 1
2.227273e+00 2.136364e+00 1 1 1
2.227273e+00 2.227273e+00 2 1 1
2.227273e+00 2.318182e+00 1 1 1
2.227273e+00 2.409091e+00 1 1 1
2.227273e+00 2.500000e+00 1 1 1
2.227273e+00 2.590909e+00 1 1 1
2.227273e+00 2.681818e+00 1 1 1
2.227273e+00 2.772727e+00 1 1 1
2.227273e+00 2.863636e+00 1 1 1
2.227273e+00 2.954545e+00 1 1 1
2.227273e+00 3.045455e+00 2 2 1
2.227273e+00 3.136364e+00 2 2 1
2.227273e+00 3.227273e+00 2 2 1
2.227273e+00 3.318182e+00 2 2 1
2.227273e+00 3.409091e+00 2 2 1
2.227273e+00 3.500000e+00 2 2 1
2.227273e+00 3.590909e+00 1 2 1
2.227273e+00 3.681818e+00 2 2 1
2.227273e+00 3.772727e+00 1 2 1
2.227273e+00 3.863636e+00 4 2 1
2.227273e+00 3.954545e+00 4 2 1
2.227273e+00 4.045455e+00 2 2 1
2.227273e+00 4.136364e+00 2 2 1
2.227273e+00 4.227273e+00 2 2 1
2.227273e+00 4.318182e+00 2 2 1
2.227273e+00 4.409091e+00 4 1 1
2.227273e+00 4.500000e+00 1 2 1

2.318182e+00 -4.500000e+00 1 1 2
2.318182e+00 -4.409091e+00 2 2 2
2.318182e+00 -4.318182e+00 1 1 2
2.318182e+00 -4.227273e+00 1 1 2
2.318182e+00 -4.136364e+00 2 1 2
2.318182e+00 -4.045455e+00 1 1 2
2.318182e+00 -3.954545e+00 1 1 2
2.318182e+00 -3.863636e+00 1 1 2
2.318182e+00 -3.772727e+00 3 1 2
2.318182e+00 -3.681818e+00 3 1 2
2.318182e+00 -3.590909e+00 3 1 2
2.318182e+00 -3.500000e+00 3 1 2
2.318182e+00 -3.409091e+00 1 1 2
2.318182e+00 -3.318182e+00 1 1 2
2.318182e+00 -3.227273e+00 2 2 2
2.318182e+00 -3.136364e+00 2 1 2
2.318182e+00 -3.045455e+00 1 1 2
2.318182e+00 -2.954545e+00 1 2 2
2.318182e+00 -2.863636e+00 1 2 2
2.318182e+00 -2.772727e+00 1 1 2
2.318182e+00 -2.681818e+00 1 1 2
2.318182e+00 -2.590909e+00 2 2 2
2.318182e+00 -2.500000e+00 2 2 2
2.318182e+00 -2.409091e+00 2 2 2
2.318182e+00 -2.318182e+00 2 2 2
2.318182e+00 -2.227273e+00 2 2 2
2.318182e+00 -2.136364e+00 2 2 2
2.318182e+00 -2.045455e+00 2 2 2
2.318182e+00 -1.954545e+00 2 2 2
2.318182e+00 -1.863636e+00 2 2 2
2.318182e+00 -1.772727e+00 2 2 2
2.318182e+00 -1.681818e+00 2 2 2
2.318182e+00 -1.590909e+00 2 2 2
2.318182e+00 -1.500000e+00 2 2 2
2.318182e+00 -1.409091e+00 2 2 2
2.318182e+00 -1.318182e+00 2 2 2
2.318182e+00 -1.227273e+00 2 2 2
2.318182e+00 -1.136364e+00 2 2 2
2.318182e+00 -1.045455e+00 2 2 2
2.318182e+00 -9.545455e-01 2 2 2
2.318182e+00 -8.636364e-01 2 2 2
2.318182e+00 -7.727273e-01 2 2 2
2.318182e+00 -6.818182e-01 2 2 2
2.318182e+00 -5.909091e-01 2 2 2
2.318182e+00 -5.000000e-01 2 2 2
2.318182e+00 -4.090909e-01 2 2 2
2.318182e+00 -3.181818e-01 2 2 2
2.318182e+00 -2.272727e-01 2 2 2
2.318182e+00 -1.363636e-01 2 2 2
2.318182e+00 -4.545455e-02 1 1 1
2.318182e+00 4.545455e-02 1 1 1
2.318182e+00 1.363636e-01 1 1 1
2.318182e+00 2.272727e-01 1 1 1
2.318182e+00 3.181818e-01 1 1 1
2.318182e+00 4.090909e-01 1 1 1
2.318182e+00 5.000000e-01 1 1 1
2.318182e+00 5.909091e-01 1 1 1
2.318182e+00 6.818182e-01 1 1 1
2.318182e+00 7.727273e-01 1 1 1
2.318182e+00 8.636364e-01 1 1 1
2.318182e+00 9.545455e-01 1 1 1
2.318182e+00 1.045455e+00 1 1 1
2.318182e+00 1.136364e+00 1 1 1
2.318182e+00 1.227273e+00 1 1 1
2.318182e+00 1.318182e+00 1 1 1
2.318182e+00 1.409091e+00 1 1 1
2.318182e+00 1.500000e+00 1 1 1
2.318182e+00 1.590909e+00 1 1 1
2.318182e+00 1.681818e+00 1 1 1
2.318182e+00 1.772727e+00 1 1 1
2.318182e+00 1.863636e+00 1 1 1
2.318182e+00 1.954545e+00 1 1 1
2.318182e+00 2.045455e+00 1 1 1
2.318182e+00 2.136364e+00 1 1 1
2.318182e+00 2.227273e+00 2 1 1
2.318182e+00 2.318182e+00 1 1 1
2.318182e+00 2.409091e+00 1 1 1
2.318182e+00 2.500000e+00 1 1 1
2.318182e+00 2.590909e+00 1 1 1
2.318182e+00 2.681818e+00 1 1 1
2.318182e+00 2.772727e+00 1 1 1
2.318182e+00 2.863636e+00 1 1 1
2.318182e+00 2.954545e+00 1 1 1
2.318182e+00 3.045455e+00 2 2 1
2.318182e+00 3.136364e+00 2 2 1
2.318182e+00 3.227273e+00 2 2 1
2.318182e+00 3.318182e+00 2 2 1
2.318182e+00 3.409091e+00 2 2 1
2.318182e+00 3.500000e+00 1 2 1
2.318182e+00 3.590909e+00 1 2 1
2.318182e+00 3.681818e+00 2 2 1
2.318182e+00 3.772727e+00 1 2 1
2.318182e+00 3.863636e+00 4 2 1
2.318182e+00 3.954545e+00 2 2 1
2.318182e+00 4.045455e+00 2 2 1
2.318182e+00 4.136364e+00 2 2 1
2.318182e+00 4.227273e+00 2 2 1
2.318182e+00 4.318182e+00 3 2 1
2.318182e+00 4.409091e+00 4 2 1
2.318182e+00 4.500000e+00 1 2 1

2.409091e+00 -4.500000e+00 1 1 2
2.409091e+00 -4.409091e+00 2 2 2
2.409091e+00 -4.318182e+00 2 2 2
2.409091e+00 -4.227273e+00 4 1 2
2.409091e+00 -4.136364e+00 1 1 2
2.409091e+00 -4.045455e+00 1 1 2
2.409091e+00 -3.954545e+00 1 1 2
2.409091e+00 -3.863636e+00 2 1 2
2.409091e+00 -3.772727e+00 1 1 2
2.409091e+00 -3.681818e+00 3 1 2
2.409091e+00 -3.590909e+00 3 1 2
2.409091e+00 -3.500000e+00 3 1 2
2.409091e+00 -3.409091e+00 1 1 2
2.409091e+00 -3.318182e+00 1 1 2
2.409091e+00 -3.227273e+00 1 2 2
2.409091e+00 -3.136364e+00 2 1 2
2.409091e+00 -3.045455e+00 2 2 2
2.409091e+00 -2.954545e+00 2 2 2
2.409091e+00 -2.863636e+00 2 2 2
2.409091e+00 -2.772727e+00 2 2 2
2.409091e+00 -2.681818e+00 2 2 2
2.409091e+00 -2.590909e+00 2 2 2
2.409091e+00 -2.500000e+00 2 2 2
2.409091e+00 -2.409091e+00 2 2 2
2.409091e+00 -2.318182e+00 2 2 2
2.409091e+00 -2.227273e+00 2 2 2
2.409091e+00 -2.136364e+00 2 2 2
2.409091e+00 -2.045455e+00 2 2 2
2.409091e+00 -1.954545e+00 2 2 2
2.409091e+00 -1.863636e+00 2 2 2
2.409091e+00 -1.772727e+00 2 2 2
2.409091e+00 -1.681818e+00 2 2 2
2.409091e+00 -1.590909e+00 2 2 2
2.409091e+00 -1.500000e+00 2 2 2
2.409091e+00 -1.409091e+00 2 2 2
2.409091e+00 -1.318182e+00 2 2 2
2.409091e+00 -1.227273e+00 2 2 2
2.409091e+00 -1.136364e+00 2 2 2
2.409091e+00 -1.045455e+00 2 2 2
2.409091e+00 -9.545455e-01 2 2 2
2.409091e+00 -8.636364e-01 2 2 2
2.409091e+00 -7.727273e-01 2 2 2
2.409091e+00 -6.818182e-01 2 2 2
2.409091e+00 -5.909091e-01 2 2 2
2.409091e+00 -5.000000e-01 2 2 2
2.409091e+00 -4.090909e-01 2 2 2
2.409091e+00 -3.181818e-01 2 2 2
2.409091e+00 -2.272727e-01 2 2 2
2.409091e+00 -1.363636e-01 2 2 2
2.409091e+00 -4.545455e-02 1 1 1
2.409091e+00 4.545455e-02 1 1 1
2.409091e+00 1.363636e-01 1 1 1
2.409091e+00 2.272727e-01 1 1 1
2.409091e+00 3.181818e-01 1 1 1
2.409091e+00 4.090909e-01 1 1 1
2.409091e+00 5.000000e-01 1 1 1
2.409091e+00 5.909091e-01 1 1 1
2.409091e+00 6.818182e-01 1 1 1
2.409091e+00 7.727273e-01 1 1 1
2.409091e+00 8.636364e-01 1 1 1
2.409091e+00 9.545455e-01 1 1 1
2.409091e+00 1.045455e+00 1 1 1
2.409091e+00 1.136364e+00 1 1 1
2.409091e+00 1.227273e+00 1 1 1
2.409091e+00 1.318182e+00 1 1 1
2.409091e+00 1.409091e+00 1 1 1
2.409091e+00 1.500000e+00 1 1 1
2.409091e+00 1.590909e+00 1 1 1
2.409091e+00 1.681818e+00 1 1 1
2.409091e+00 1.772727e+00 1 1 1
2.409091e+00 1.863636e+00 1 1 1
2.409091e+00 1.954545e+00 1 1 1
2.409091e+00 2.045455e+00 1 1 1
2.409091e+00 2.136364e+00 1 1 1
2.409091e+00 2.227273e+00 2 1 1
2.409091e+00 2.318182e+00 1 1 1
2.409091e+00 2.409091e+00 1 1 1
2.409091e+00 2.500000e+00 1 1 1
2.409091e+00 2.590909e+00 1 1 1
2.409091e+00 2.681818e+00 1 1 1
2.409091e+00 2.772727e+00 1 1 1
2.409091e+00 2.863636e+00 1 1 1
2.409091e+00 2.954545e+00 1 1 1
2.409091e+00 3.045455e+00 2 2 1
2.409091e+00 3.136364e+00 2 2 1
2.409091e+00 3.227273e+00 2 2 1
2.409091e+00 3.318182e+00 2 2 1
2.409091e+00 3.409091e+00 2 2 1
2.409091e+00 3.500000e+00 1 2 1
2.409091e+00 3.590909e+00 2 2 1
2.409091e+00 3.681818e+00 1 2 1
2.409091e+00 3.772727e+00 2 2 1
2.409091e+00 3.863636e+00 4 2 1
2.409091e+00 3.954545e+00 1 2 1
2.409091e+00 4.045455e+00 2 2 1
2.409091e+00 4.136364e+00 2 2 1
2.409091e+00 4.227273e+00 2 2 1
2.409091e+00 4.318182e+00 2 2 1
2.409091e+00 4.409091e+00 3 2 1
2.409091e+00 4.500000e+00 2 2 1

2.500000e+00 -4.500000e+00 1 1 2
2.500000e+00 -4.409091e+00 2 2 2
2.500000e+00 -4.318182e+00 2 2 2
2.500000e+00 -4.227273e+00 1 1 2
2.500000e+00 -4.136364e+00 3 1 2
2.500000e+00 -4.045455e+00 1 1 2
2.500000e+00 -3.954545e+00 1 1 2
2.500000e+00 -3.863636e+00 2 1 2
2.500000e+00 -3.772727e+00 1 1 2
2.500000e+00 -3.681818e+00 3 1 2
2.500000e+00 -3.590909e+00 3 1 2
2.500000e+00 -3.500000e+00 3 1 2
2.500000e+00 -3.409091e+00 1 1 2
2.500000e+00 -3.318182e+00 2 2 2
2.500000e+00 -3.227273e+00 2 2 2
2.500000e+00 -3.136364e+00 2 2 2
2.500000e+00 -3.045455e+00 2 2 2
2.500000e+00 -2.954545e+00 2 2 2
2.500000e+00 -2.863636e+00 2 2 2
2.500000e+00 -2.772727e+00 2 2 2
2.500000e+00 -2.681818e+00 2 2 2
2.500000e+00 -2.590909e+00 2 2 2
2.500000e+00 -2.500000e+00 2 2 2
2.500000e+00 -2.409091e+00 2 2 2
2.500000e+00 -2.318182e+00 2 2 2
2.500000e+00 -2.227273e+00 2 2 2
2.500000e+00 -2.136364e+00 2 2 2
2.500000e+00 -2.045455e+00 2 2 2
2.500000e+00 -1.954545e+00 2 2 2
2.500000e+00 -1.863636e+00 2 2 2
2.500000e+00 -1.772727e+00 2 2 2
2.500000e+00 -1.681818e+00 2 2 2
2.500000e+00 -1.590909e+00 2 2 2
2.500000e+00 -1.500000e+00 2 2 2
2.500000e+00 -1.409091e+00 2 2 2
2.500000e+00 -1.318182e+00 2 2 2
2.500000e+00 -1.227273e+00 2 2 2
2.500000e+00 -1.136364e+00 2 2 2
2.500000e+00 -1.045455e+00 2 2 2
2.500000e+00 -9.545455e-01 2 2 2
2.500000e+00 -8.636364e-01 2 2 2
2.500000e+00 -7.727273e-01 2 2 2
2.500000e+00 -6.818182e-01 2 2 2
2.500000e+00 -5.909091e-01 2 2 2
2.500000e+00 -5.000000e-01 2 2 2
2.500000e+00 -4.090909e-01 2 2 2
2.500000e+00 -3.181818e-01 2 2 2
2.500000e+00 -2.272727e-01 2 2 2
2.500000e+00 -1.363636e-01 2 2 2
2.500000e+00 -4.545455e-02 1 1 1
2.500000e+00 4.545455e-02 1 1 1
2.500000e+00 1.363636e-01 1 1 1
2.500000e+00 2.272727e-01 1 1 1
2.500000e+00 3.181818e-01 1 1 1
2.500000e+00 4.090909e-01 1 1 1
2.500000e+00 5.000000e-01 1 1 1
2.500000e+00 5.909091e-01 1 1 1
2.500000e+00 6.818182e-01 1 1 1
2.500000e+00 7.727273e-01 1 1 1
2.500000e+00 8.636364e-01 1 1 1
2.500000e+00 9.545455e-01 1 1 1
2.500000e+00 1.045455e+00 1 1 1
2.500000e+00 1.136364e+00 1 1 1
2.500000e+00 1.227273e+00 1 1 1
2.500000e+00 1.318182e+00 1 1 1
2.500000e+00 1.409091e+00 1 1 1
2.500000e+00 1.500000e+00 1 1 1
2.500000e+00 1.590909e+00 1 1 1
2.500000e+00 1.681818e+00 1 1 1
2.500000e+00 1.772727e+00 1 1 1
2.500000e+00 1.863636e+00 1 1 1
2.500000e+00 1.954545e+00 1 1 1
2.500000e+00 2.045455e+00 1 1 1
2.500000e+00 2.136364e+00 1 1 1
2.500000e+00 2.227273e+00 1 1 1
2.500000e+00 2.318182e+00 1 1 1
2.500000e+00 2.409091e+00 1 1 1
2.500000e+00 2.500000e+00 1 1 1
2.500000e+00 2.590909e+00 1 1 1
2.500000e+00 2.681818e+00 1 1 1
2.500000e+00 2.772727e+00 1 1 1
2.500000e+00 2.863636e+00 2 2 1
2.500000e+00 2.954545e+00 1 2 1
2.500000e+00 3.045455e+00 2 2 1
2.500000e+00 3.136364e+00 2 2 1
2.500000e+00 3.227273e+00 2 2 1
2.500000e+00 3.318182e+00 2 2 1
2.500000e+00 3.409091e+00 1 1 1
2.500000e+00 3.500000e+00 1 2 1
2.500000e+00 3.590909e+00 2 2 1
2.500000e+00 3.681818e+00 1 2 1
2.500000e+00 3.772727e+00 2 2 1
2.500000e+00 3.863636e+00 1 2 1
2.500000e+00 3.954545e+00 1 2 1
2.500000e+00 4.045455e+00 2 2 1
2.500000e+00 4.136364e+00 2 2 1
2.500000e+00 4.227273e+00 2 2 1
2.500000e+00 4.318182e+00 2 2 1
2.500000e+00 4.409091e+00 1 2 1
2.500000e+00 4.500000e+00 2 2 1

2.590909e+00 -4.500000e+00 1 1 2
2.590909e+00 -4.409091e+00 2 2 2
2.590909e+00 -4.318182e+00 2 2 2
2.590909e+00 -4.227273e+00 0 1 2
2.590909e+00 -4.136364e+00 3 1 2
2.590909e+00 -4.045455e+00 1 1 2
2.590909e+00 -3.954545e+00 1 1 2
2.590909e+00 -3.863636e+00 1 1 2
2.590909e+00 -3.772727e+00 1 1 2
2.590909e+00 -3.681818e+00 3 1 2
2.590909e+00 -3.590909e+00 3 1 2
2.590909e+00 -3.500000e+00 3 1 2
2.590909e+00 -3.409091e+00 2 2 2
2.590909e+00 -3.318182e+00 2 2 2
2.590909e+00 -3.227273e+00 2 2 2
2.590909e+00 -3.136364e+00 2 2 2
2.590909e+00 -3.045455e+00 2 2 2
2.590909e+00 -2.954545e+00 2 2 2
2.590909e+00 -2.863636e+00 2 2 2
2.590909e+00 -2.772727e+00 2 2 2
2.590909e+00 -2.681818e+00 2 2 2
2.590909e+00 -2.590909e+00 2 2 2
2.590909e+00 -2.500000e+00 2 2 2
2.590909e+00 -2.409091e+00 2 2 2
2.590909e+00 -2.318182e+00 2 2 2
2.590909e+00 -2.227273e+00 2 2 2
2.590909e+00 -2.136364e+00 2 2 2
2.590909e+00 -2.045455e+00 2 2 2
2.590909e+00 -1.954545e+00 2 2 2
2.590909e+00 -1.863636e+00 2 2 2
2.590909e+00 -1.772727e+00 2 2 2
2.590909e+00 -1.681818e+00 2 2 2
2.590909e+00 -1.590909e+00 2 2 2
2.590909e+00 -1.500000e+00 2 2 2
2.590909e+00 -1.409091e+00 2 2 2
2.590909e+00 -1.318182e+00 2 2 2
2.590909e+00 -1.227273e+00 2 2 2
2.590909e+00 -1.136364e+00 2 2 2
2.590909e+00 -1.045455e+00 2 2 2
2.590909e+00 -9.545455e-01 2 2 2
2.590909e+00 -8.636364e-01 2 2 2
2.590909e+00 -7.727273e-01 2 2 2
2.590909e+00 -6.818182e-01 2 2 2
2.590909e+00 -5.909091e-01 2 2 2
2.590909e+00 -5.000000e-01 2 2 2
2.590909e+00 -4.090909e-01 2 2 2
2.590909e+00 -3.181818e-01 2 2 2
2.590909e+00 -2.272727e-01 2 2 2
2.590909e+00 -1.363636e-01 2 2 2
2.590909e+00 -4.545455e-02 1 1 2
2.590909e+00 4.545455e-02 1 1 1
2.590909e+00 1.363636e-01 1 1 1
2.590909e+00 2.272727e-01 1 1 1
2.590909e+00 3.181818e-01 1 1 1
2.590909e+00 4.090909e-01 1 1 1
2.590909e+00 5.000000e-01 1 1 1
2.590909e+00 5.909091e-01 1 1 1
2.590909e+00 6.818182e-01 1 1 1
2.590909e+00 7.727273e-01 1 1 1
2.590909e+00 8.636364e-01 1 1 1
2.590909e+00 9.545455e-01 1 1 1
2.590909e+00 1.045455e+00 1 1 1
2.590909e+00 1.136364e+00 1 1 1
2.590909e+00 1.227273e+00 1 1 1
2.590909e+00 1.318182e+00 1 1 1
2.590909e+00 1.409091e+00 1 1 1
2.590909e+00 1.500000e+00 1 1 1
2.590909e+00 1.590909e+00 1 1 1
2.590909e+00 1.681818e+00 1 1 1
2.590909e+00 1.772727e+00 1 1 1
2.590909e+00 1.863636e+00 1 1 1
2.590909e+00 1.954545e+00 1 1 1
2.590909e+00 2.045455e+00 1 1 1
2.590909e+00 2.136364e+00 1 1 1
2.590909e+00 2.227273e+00 1 1 1
2.590909e+00 2.318182e+00 1 2 1
2.590909e+00 2.409091e+00 1 1 1
2.590909e+00 2.500000e+00 1 1 1
2.590909e+00 2.590909e+00 1 1 1
2.590909e+00 2.681818e+00 1 1 1
2.590909e+00 2.772727e+00 2 2 1
2.590909e+00 2.863636e+00 2 2 1
2.590909e+00 2.954545e+00 1 1 1
2.590909e+00 3.045455e+00 1 1 1
2.590909e+00 3.136364e+00 1 1 1
2.590909e+00 3.227273e+00 1 1 1
2.590909e+00 3.318182e+00 1 1 1
2.590909e+00 3.409091e+00 1 2 1
2.590909e+00 3.500000e+00 1 2 1
2.590909e+00 3.590909e+00 2 2 1
2.590909e+00 3.681818e+00 2 2 1
2.590909e+00 3.772727e+00 1 2 1
2.590909e+00 3.863636e+00 1 2 1
2.590909e+00 3.954545e+00 2 2 1
2.590909e+00 4.045455e+00 2 2 1
2.590909e+00 4.136364e+00 2 2 1
2.590909e+00 4.227273e+00 2 2 1
2.590909e+00 4.318182e+00 4 1 1
2.590909e+00 4.409091e+00 1 2 1
2.590909e+00 4.500000e+00 2 2 1

2.681818e+00 -4.500000e+00 2 1 2
2.681818e+00 -4.409091e+00 2 2 2
2.681818e+00 -4.318182e+00 2 2 2
2.681818e+00 -4.227273e+00 2 2 2
2.681818e+00 -4.136364e+00 2 1 2
2.681818e+00 -4.045455e+00 1 1 2
2.681818e+00 -3.954545e+00 1 1 2
2.681818e+00 -3.863636e+00 2 1 2
2.681818e+00 -3.772727e+00 2 1 2
2.681818e+00 -3.681818e+00 3 1 2
2.681818e+00 -3.590909e+00 3 1 2
2.681818e+00 -3.500000e+00 2 2 2
2.681818e+00 -3.409091e+00 2 2 2
2.681818e+00 -3.318182e+00 2 2 2
2.681818e+00 -3.227273e+00 2 2 2
2.681818e+00 -3.136364e+00 2 2 2
2.681818e+00 -3.045455e+00 2 2 2
2.681818e+00 -2.954545e+00 2 2 2
2.681818e+00 -2.863636e+00 2 2 2
2.681818e+00 -2.772727e+00 2 2 2
2.681818e+00 -2.681818e+00 2 2 2
2.681818e+00 -2.590909e+00 2 2 2
2.681818e+00 -2.500000e+00 2 2 2
2.681818e+00 -2.409091e+00 2 2 2
2.681818e+00 -2.318182e+00 2 2 2
2.681818e+00 -2.227273e+00 2 2 2
2.681818e+00 -2.136364e+00 2 2 2
2.681818e+00 -2.045455e+00 2 2 2
2.681818e+00 -1.954545e+00 2 2 2
2.681818e+00 -1.863636e+00 2 2 2
2.681818e+00 -1.772727e+00 2 2 2
2.681818e+00 -1.681818e+00 2 2 2
2.681818e+00 -1.590909e+00 2 2 2
2.681818e+00 -1.500000e+00 2 2 2
2.681818e+00 -1.409091e+00 2 2 2
2.681818e+00 -1.318182e+00 2 2 2
2.681818e+00 -1.227273e+00 2 2 2
2.681818e+00 -1.136364e+00 2 2 2
2.681818e+00 -1.045455e+00 2 2 2
2.681818e+00 -9.545455e-01 2 2 2
2.681818e+00 -8.636364e-01 2 2 2
2.681818e+00 -7.727273e-01 2 2 2
2.681818e+00 -6.818182e-01 2 2 2
2.681818e+00 -5.909091e-01 2 2 2
2.681818e+00 -5.000000e-01 2 2 2
2.681818e+00 -4.090909e-01 2 2 2
2.681818e+00 -3.181818e-01 2 2 2
2.681818e+00 -2.272727e-01 2 2 2
2.681818e+00 -1.363636e-01 2 2 2
2.681818e+00 -4.545455e-02 2 2 2
2.681818e+00 4.545455e-02 1 1 1
2.681818e+00 1.363636e-01 1 1 1
2.681818e+00 2.272727e-01 1 1 1
2.681818e+00 3.181818e-01 1 1 1
2.681818e+00 4.090909e-01 1 1 1
2.681818e+00 5.000000e-01 1 1 1
2.681818e+00 5.909091e-01 1 1 1
2.681818e+00 6.818182e-01 1 1 1
2.681818e+00 7.727273e-01 1 1 1
2.681818e+00 8.636364e-01 1 1 1
2.681818e+00 9.545455e-01 1 1 1
2.681818e+00 1.045455e+00 1 1 1
2.681818e+00 1.136364e+00 1 1 1
2.681818e+00 1.227273e+00 1 1 1
2.681818e+00 1.318182e+00 1 1 1
2.681818e+00 1.409091e+00 1 1 1
2.681818e+00 1.500000e+00 1 1 1
2.681818e+00 1.590909e+00 1 1 1
2.681818e+00 1.681818e+00 1 1 1
2.681818e+00 1.772727e+00 1 1 1
2.681818e+00 1.863636e+00 1 1 1
2.681818e+00 1.954545e+00 1 1 1
2.681818e+00 2.045455e+00 1 1 1
2.681818e+00 2.136364e+00 1 1 1
2.681818e+00 2.227273e+00 1 1 1
2.681818e+00 2.318182e+00 1 1 1
2.681818e+00 2.409091e+00 1 1 1
2.681818e+00 2.500000e+00 1 1 1
2.681818e+00 2.590909e+00 1 1 1
2.681818e+00 2.681818e+00 2 2 1
2.681818e+00 2.772727e+00 2 2 1
2.681818e+00 2.863636e+00 1 1 1
2.681818e+00 2.954545e+00 1 1 1
2.681818e+00 3.045455e+00 1 1 1
2.681818e+00 3.136364e+00 1 1 1
2.681818e+00 3.227273e+00 1 1 1
2.681818e+00 3.318182e+00 1 1 1
2.681818e+00 3.409091e+00 1 2 1
2.681818e+00 3.500000e+00 2 2 1
2.681818e+00 3.590909e+00 2 2 1
2.681818e+00 3.681818e+00 2 2 1
2.681818e+00 3.772727e+00 2 2 1
2.681818e+00 3.863636e+00 1 2 1
2.681818e+00 3.954545e+00 2 2 1
2.681818e+00 4.045455e+00 2 2 1
2.681818e+00 4.136364e+00 2 2 1
2.681818e+00 4.227273e+00 1 2 1
2.681818e+00 4.318182e+00 4 2 1
2.681818e+00 4.409091e+00 1 2 1
2.681818e+00 4.500000e+00 2 2 1

2.772727e+00 -4.500000e+00 1 1 2
2.772727e+00 -4.409091e+00 1 1 2
2.772727e+00 -4.318182e+00 2 2 2
2.772727e+00 -4.227273e+00 2 2 2
2.772727e+00 -4.136364e+00 2 1 2
2.772727e+00 -4.045455e+00 1 1 2
2.772727e+00 -3.954545e+00 1 1 2
2.772727e+00 -3.863636e+00 2 1 2
2.772727e+00 -3.772727e+00 3 1 2
2.772727e+00 -3.681818e+00 3 1 2
2.772727e+00 -3.590909e+00 2 2 2
2.772727e+00 -3.500000e+00 2 2 2
2.772727e+00 -3.409091e+00 2 2 2
2.772727e+00 -3.318182e+00 2 2 2
2.772727e+00 -3.227273e+00 2 2 2
2.772727e+00 -3.136364e+00 2 2 2
2.772727e+00 -3.045455e+00 2 2 2
2.772727e+00 -2.954545e+00 2 2 2
2.772727e+00 -2.863636e+00 2 2 2
2.772727e+00 -2.772727e+00 2 2 2
2.772727e+00 -2.681818e+00 2 2 2
2.772727e+00 -2.590909e+00 2 2 2
2.772727e+00 -2.500000e+00 2 2 2
2.772727e+00 -2.409091e+00 2 2 2
2.772727e+00 -2.318182e+00 2 2 2
2.772727e+00 -2.227273e+00 2 2 2
2.772727e+00 -2.136364e+00 2 2 2
2.772727e+00 -2.045455e+00 2 2 2
2.772727e+00 -1.954545e+00 2 2 2
2.772727e+00 -1.863636e+00 2 2 2
2.772727e+00 -1.772727e+00 2 2 2
2.772727e+00 -1.681818e+00 2 2 2
2.772727e+00 -1.590909e+00 2 2 2
2.772727e+00 -1.500000e+00 2 2 2
2.772727e+00 -1.409091e+00 2 2 2
2.772727e+00 -1.318182e+00 2 2 2
2.772727e+00 -1.227273e+00 2 2 2
2.772727e+00 -1.136364e+00 2 2 2
2.772727e+00 -1.045455e+00 2 2 2
2.772727e+00 -9.545455e-01 2 2 2
2.772727e+00 -8.636364e-01 2 2 2
2.772727e+00 -7.727273e-01 2 2 2
2.772727e+00 -6.818182e-01 2 2 2
2.772727e+00 -5.909091e-01 2 2 2
2.772727e+00 -5.000000e-01 2 2 2
2.772727e+00 -4.090909e-01 2 2 2
2.772727e+00 -3.181818e-01 2 2 2
2.772727e+00 -2.272727e-01 2 2 2
2.772727e+00 -1.363636e-01 2 2 2
2.772727e+00 -4.545455e-02 2 2 2
2.772727e+00 4.545455e-02 1 1 1
2.772727e+00 1.363636e-01 1 1 1
2.772727e+00 2.272727e-01 1 1 1
2.772727e+00 3.181818e-01 1 1 1
2.772727e+00 4.090909e-01 1 1 1
2.772727e+00 5.000000e-01 1 1 1
2.772727e+00 5.909091e-01 1 1 1
2.772727e+00 6.818182e-01 1 1 1
2.772727e+00 7.727273e-01 1 1 1
2.772727e+00 8.636364e-01 1 1 1
2.772727e+00 9.545455e-01 1 1 1
2.772727e+00 1.045455e+00 1 1 1
2.772727e+00 1.136364e+00 1 1 1
2.772727e+00 1.227273e+00 1 1 1
2.772727e+00 1.318182e+00 1 1 1
2.772727e+00 1.409091e+00 1 1 1
2.772727e+00 1.500000e+00 1 1 1
2.772727e+00 1.590909e+00 1 1 1
2.772727e+00 1.681818e+00 1 1 1
2.772727e+00 1.772727e+00 1 1 1
2.772727e+00 1.863636e+00 1 1 1
2.772727e+00 1.954545e+00 1 1 1
2.772727e+00 2.045455e+00 1 1 1
2.772727e+00 2.136364e+00 1 1 1
2.772727e+00 2.227273e+00 1 1 1
2.772727e+00 2.318182e+00 1 1 1
2.772727e+00 2.409091e+00 1 1 1
2.772727e+00 2.500000e+00 1 1 1
2.772727e+00 2.590909e+00 1 1 1
2.772727e+00 2.681818e+00 1 1 1
2.772727e+00 2.772727e+00 1 1 1
2.772727e+00 2.863636e+00 1 1 1
2.772727e+00 2.954545e+00 1 1 1
2.772727e+00 3.045455e+00 1 1 1
2.772727e+00 3.136364e+00 1 1 1
2.772727e+00 3.227273e+00 1 1 1
2.772727e+00 3.318182e+00 1 2 1
2.772727e+00 3.409091e+00 1 2 1
2.772727e+00 3.500000e+00 2 2 1
2.772727e+00 3.590909e+00 2 2 1
2.772727e+00 3.681818e+00 4 2 1
2.772727e+00 3.772727e+00 4 2 1
2.772727e+00 3.863636e+00 2 2 1
2.772727e+00 3.954545e+00 2 2 1
2.772727e+00 4.045455e+00 2 2 1
2.772727e+00 4.136364e+00 2 2 1
2.772727e+00 4.227273e+00 2 2 1
2.772727e+00 4.318182e+00 3 2 1
2.772727e+00 4.409091e+00 2 2 1
2.772727e+00 4.500000e+00 2 2 1

2.863636e+00 -4.500000e+00 1 1 2
2.863636e+00 -4.409091e+00 1 1 2
2.863636e+00 -4.318182e+00 2 2 2
2.863636e+00 -4.227273e+00 2 2 2
2.863636e+00 -4.136364e+00 1 1 2
2.863636e+00 -4.045455e+00 1 1 2
2.863636e+00 -3.954545e+00 1 1 2
2.863636e+00 -3.863636e+00 2 1 2
2.863636e+00 -3.772727e+00 1 1 2
2.863636e+00 -3.681818e+00 3 1 2
2.863636e+00 -3.590909e+00 2 2 2
2.863636e+00 -3.500000e+00 2 2 2
2.863636e+00 -3.409091e+00 2 2 2
2.863636e+00 -3.318182e+00 2 2 2
2.863636e+00 -3.227273e+00 2 2 2
2.863636e+00 -3.136364e+00 2 2 2
2.863636e+00 -3.045455e+00 2 2 2
2.863636e+00 -2.954545e+00 2 2 2
2.863636e+00 -2.863636e+00 2 2 2
2.863636e+00 -2.772727e+00 2 2 2
2.863636e+00 -2.681818e+00 2 2 2
2.863636e+00 -2.590909e+00 2 2 2
2.863636e+00 -2.500000e+00 2 2 2
2.863636e+00 -2.409091e+00 2 2 2
2.863636e+00 -2.318182e+00 2 2 2
2.863636e+00 -2.227273e+00 2 2 2
2.863636e+00 -2.136364e+00 2 1 2
2.863636e+00 -2.045455e+00 2 2 2
2.863636e+00 -1.954545e+00 2 2 2
2.863636e+00 -1.863636e+00 2 2 2
2.863636e+00 -1.772727e+00 2 2 2
2.863636e+00 -1.681818e+00 2 2 2
2.863636e+00 -1.590909e+00 2 2 2
2.863636e+00 -1.500000e+00 2 2 2
2.863636e+00 -1.409091e+00 2 2 2
2.863636e+00 -1.318182e+00 2 2 2
2.863636e+00 -1.227273e+00 2 2 2
2.863636e+00 -1.136364e+00 2 2 2
2.863636e+00 -1.045455e+00 2 2 2
2.863636e+00 -9.545455e-01 2 2 2
2.863636e+00 -8.636364e-01 2 2 2
2.863636e+00 -7.727273e-01 2 2 2
2.863636e+00 -6.818182e-01 2 2 2
2.863636e+00 -5.909091e-01 2 2 2
2.863636e+00 -5.000000e-01 2 2 2
2.863636e+00 -4.090909e-01 2 2 2
2.863636e+00 -3.181818e-01 2 2 2
2.863636e+00 -2.272727e-01 2 2 2
2.863636e+00 -1.363636e-01 2 2 2
2.863636e+00 -4.545455e-02 2 2 2
2.863636e+00 4.545455e-02 1 1 1
2.863636e+00 1.363636e-01 1 1 1
2.863636e+00 2.272727e-01 1 1 1
2.863636e+00 3.181818e-01 1 1 1
2.863636e+00 4.090909e-01 1 1 1
2.863636e+00 5.000000e-01 1 1 1
2.863636e+00 5.909091e-01 1 1 1
2.863636e+00 6.818182e-01 1 1 1
2.863636e+00 7.727273e-01 1 1 1
2.863636e+00 8.636364e-01 1 1 1
2.863636e+00 9.545455e-01 1 1 1
2.863636e+00 1.045455e+00 1 1 1
2.863636e+00 1.136364e+00 1 1 1
2.863636e+00 1.227273e+00 1 1 1
2.863636e+00 1.318182e+00 1 1 1
2.863636e+00 1.409091e+00 1 1 1
2.863636e+00 1.500000e+00 1 1 1
2.863636e+00 1.590909e+00 1 1 1
2.863636e+00 1.681818e+00 1 1 1
2.863636e+00 1.772727e+00 1 1 1
2.863636e+00 1.863636e+00 1 1 1
2.863636e+00 1.954545e+00 1 1 1
2.863636e+00 2.045455e+00 1 1 1
2.863636e+00 2.136364e+00 1 1 1
2.863636e+00 2.227273e+00 1 1 1
2.863636e+00 2.318182e+00 1 1 1
2.863636e+00 2.409091e+00 1 1 1
2.863636e+00 2.500000e+00 1 1 1
2.863636e+00 2.590909e+00 1 1 1
2.863636e+00 2.681818e+00 1 1 1
2.863636e+00 2.772727e+00 1 1 1
2.863636e+00 2.863636e+00 1 1 1
2.863636e+00 2.954545e+00 1 1 1
2.863636e+00 3.045455e+00 1 1 1
2.863636e+00 3.136364e+00 1 1 1
2.863636e+00 3.227273e+00 1 1 1
2.863636e+00 3.318182e+00 1 1 1
2.863636e+00 3.409091e+00 1 1 1
2.863636e+00 3.500000e+00 1 1 1
2.863636e+00 3.590909e+00 2 2 1
2.863636e+00 3.681818e+00 2 2 1
2.863636e+00 3.772727e+00 2 2 1
2.863636e+00 3.863636e+00 2 2 1
2.863636e+00 3.954545e+00 2 2 1
2.863636e+00 4.045455e+00 2 2 1
2.863636e+00 4.136364e+00 2 2 1
2.863636e+00 4.227273e+00 2 2 1
2.863636e+00 4.318182e+00 1 2 1
2.863636e+00 4.409091e+00 2 2 1
2.863636e+00 4.500000e+00 2 2 1

2.954545e+00 -4.500000e+00 1 1 2
2.954545e+00 -4.409091e+00 1 1 2
2.954545e+00 -4.318182e+00 2 2 2
2.954545e+00 -4.227273e+00 1 2 2
2.954545e+00 -4.136364e+00 1 1 2
2.954545e+00 -4.045455e+00 1 1 2
2.954545e+00 -3.954545e+00 1 1 2
2.954545e+00 -3.863636e+00 1 1 2
2.954545e+00 -3.772727e+00 3 1 2
2.954545e+00 -3.681818e+00 3 1 2
2.954545e+00 -3.590909e+00 2 2 2
2.954545e+00 -3.500000e+00 2 2 2
2.954545e+00 -3.409091e+00 2 2 2
2.954545e+00 -3.318182e+00 2 2 2
2.954545e+00 -3.227273e+00 2 2 2
2.954545e+00 -3.136364e+00 2 2 2
2.954545e+00 -3.045455e+00 2 2 2
2.954545e+00 -2.954545e+00 2 2 2
2.954545e+00 -2.863636e+00 2 2 2
2.954545e+00 -2.772727e+00 2 2 2
2.954545e+00 -2.681818e+00 2 2 2
2.954545e+00 -2.590909e+00 2 2 2
2.954545e+00 -2.500000e+00 2 2 2
2.954545e+00 -2.409091e+00 2 2 2
2.954545e+00 -2.318182e+00 2 2 2
2.954545e+00 -2.227273e+00 2 2 2
2.954545e+00 -2.136364e+00 2 2 2
2.954545e+00 -2.045455e+00 2 2 2
2.954545e+00 -1.954545e+00 2 2 2
2.954545e+00 -1.863636e+00 2 2 2
2.954545e+00 -1.772727e+00 2 2 2
2.954545e+00 -1.681818e+00 2 2 2
2.954545e+00 -1.590909e+00 2 2 2
2.954545e+00 -1.500000e+00 2 2 2
2.954545e+00 -1.409091e+00 2 2 2
2.954545e+00 -1.318182e+00 2 2 2
2.954545e+00 -1.227273e+00 2 2 2
2.954545e+00 -1.136364e+00 2 2 2
2.954545e+00 -1.045455e+00 2 2 2
2.954545e+00 -9.545455e-01 2 2 2
2.954545e+00 -8.636364e-01 2 2 2
2.954545e+00 -7.727273e-01 2 2 2
2.954545e+00 -6.818182e-01 2 2 2
2.954545e+00 -5.909091e-01 2 2 2
2.954545e+00 -5.000000e-01 2 2 2
2.954545e+00 -4.090909e-01 2 2 2
2.954545e+00 -3.181818e-01 2 2 2
2.954545e+00 -2.272727e-01 2 2 2
2.954545e+00 -1.363636e-01 2 2 2
2.954545e+00 -4.545455e-02 2 2 2
2.954545e+00 4.545455e-02 1 1 1
2.954545e+00 1.363636e-01 1 1 1
2.954545e+00 2.272727e-01 1 1 1
2.954545e+00 3.181818e-01 1 1 1
2.954545e+00 4.090909e-01 1 1 1
2.954545e+00 5.000000e-01 1 1 1
2.954545e+00 5.909091e-01 1 1 1
2.954545e+00 6.818182e-01 1 1 1
2.954545e+00 7.727273e-01 1 1 1
2.954545e+00 8.636364e-01 1 1 1
2.954545e+00 9.545455e-01 1 1 1
2.954545e+00 1.045455e+00 1 1 1
2.954545e+00 1.136364e+00 1 1 1
2.954545e+00 1.227273e+00 1 1 1
2.954545e+00 1.318182e+00 1 1 1
2.954545e+00 1.409091e+00 1 1 1
2.954545e+00 1.500000e+00 1 1 1
2.954545e+00 1.590909e+00 1 1 1
2.954545e+00 1.681818e+00 1 1 1
2.954545e+00 1.772727e+00 1 1 1
2.954545e+00 1.863636e+00 1 1 1
2.954545e+00 1.954545e+00 1 1 1
2.954545e+00 2.045455e+00 1 1 1
2.954545e+00 2.136364e+00 1 1 1
2.954545e+00 2.227273e+00 1 1 1
2.954545e+00 2.318182e+00 1 1 1
2.954545e+00 2.409091e+00 1 1 1
2.954545e+00 2.500000e+00 1 1 1
2.954545e+00 2.590909e+00 1 1 1
2.954545e+00 2.681818e+00 1 1 1
2.954545e+00 2.772727e+00 1 1 1
2.954545e+00 2.863636e+00 1 1 1
2.954545e+00 2.954545e+00 1 1 1
2.954545e+00 3.045455e+00 1 1 1
2.954545e+00 3.136364e+00 1 1 1
2.954545e+00 3.227273e+00 1 1 1
2.954545e+00 3.318182e+00 1 1 1
2.954545e+00 3.409091e+00 1 1 1
2.954545e+00 3.500000e+00 1 1 1
2.954545e+00 3.590909e+00 1 1 1
2.954545e+00 3.681818e+00 2 2 1
2.954545e+00 3.772727e+00 2 2 1
2.954545e+00 3.863636e+00 2 2 1
2.954545e+00 3.954545e+00 2 2 1
2.954545e+00 4.045455e+00 1 2 1
2.954545e+00 4.136364e+00 3 2 1
2.954545e+00 4.227273e+00 2 2 1
2.954545e+00 4.318182e+00 1 2 1
2.954545e+00 4.409091e+00 2 2 1
2.954545e+00 4.500000e+00 2 2 1

3.045455e+00 -4.500000e+00 1 1 2
3.045455e+00 -4.409091e+00 1 1 2
3.045455e+00 -4.318182e+00 2 2 2
3.045455e+00 -4.227273e+00 2 2 2
3.045455e+00 -4.136364e+00 2 1 2
3.045455e+00 -4.045455e+00 1 1 2
3.045455e+00 -3.954545e+00 1 1 2
3.045455e+00 -3.863636e+00 3 1 2
3.045455e+00 -3.772727e+00 3 1 2
3.045455e+00 -3.681818e+00 3 1 2
3.045455e+00 -3.590909e+00 3 1 2
3.045455e+00 -3.500000e+00 2 2 2
3.045455e+00 -3.409091e+00 2 2 2
3.045455e+00 -3.318182e+00 2 2 2
3.045455e+00 -3.227273e+00 2 2 2
3.045455e+00 -3.136364e+00 2 2 2
3.045455e+00 -3.045455e+00 2 2 2
3.045455e+00 -2.954545e+00 2 2 2
3.045455e+00 -2.863636e+00 2 2 2
3.045455e+00 -2.772727e+00 2 2 2
3.045455e+00 -2.681818e+00 2 2 2
3.045455e+00 -2.590909e+00 2 2 2
3.045455e+00 -2.500000e+00 2 2 2
3.045455e+00 -2.409091e+00 2 2 2
3.045455e+00 -2.318182e+00 2 2 2
3.045455e+00 -2.227273e+00 2 2 2
3.045455e+00 -2.136364e+00 2 2 2
3.045455e+00 -2.045455e+00 2 2 2
3.045455e+00 -1.954545e+00 2 2 2
3.045455e+00 -1.863636e+00 2 2 2
3.045455e+00 -1.772727e+00 2 2 2
3.045455e+00 -1.681818e+00 2 2 2
3.045455e+00 -1.590909e+00 2 2 2
3.045455e+00 -1.500000e+00 2 2 2
3.045455e+00 -1.409091e+00 2 2 2
3.045455e+00 -1.318182e+00 2 2 2
3.045455e+00 -1.227273e+00 2 2 2
3.045455e+00 -1.136364e+00 2 2 2
3.045455e+00 -1.045455e+00 2 2 2
3.045455e+00 -9.545455e-01 2 2 2
3.045455e+00 -8.636364e-01 2 2 2
3.045455e+00 -7.727273e-01 2 2 2
3.045455e+00 -6.818182e-01 2 2 2
3.045455e+00 -5.909091e-01 2 2 2
3.045455e+00 -5.000000e-01 2 2 2
3.045455e+00 -4.090909e-01 2 2 2
3.045455e+00 -3.181818e-01 2 2 2
3.045455e+00 -2.272727e-01 2 2 2
3.045455e+00 -1.363636e-01 2 2 2
3.045455e+00 -4.545455e-02 2 2 2
3.045455e+00 4.545455e-02 1 1 1
3.045455e+00 1.363636e-01 1 1 1
3.045455e+00 2.272727e-01 1 1 1
3.045455e+00 3.181818e-01 1 1 1
3.045455e+00 4.090909e-01 1 1 1
3.045455e+00 5.000000e-01 1 1 1
3.045455e+00 5.909091e-01 1 1 1
3.045455e+00 6.818182e-01 1 1 1
3.045455e+00 7.727273e-01 1 1 1
3.045455e+00 8.636364e-01 1 1 1
3.045455e+00 9.545455e-01 1 1 1
3.045455e+00 1.045455e+00 1 1 1
3.045455e+00 1.136364e+00 1 1 1
3.045455e+00 1.227273e+00 1 1 1
3.045455e+00 1.318182e+00 1 1 1
3.045455e+00 1.409091e+00 1 1 1
3.045455e+00 1.500000e+00 1 1 1
3.045455e+00 1.590909e+00 1 1 1
3.045455e+00 1.681818e+00 1 1 1
3.045455e+00 1.772727e+00 1 1 1
3.045455e+00 1.863636e+00 1 1 1
3.045455e+00 1.954545e+00 1 1 1
3.045455e+00 2.045455e+00 1 1 1
3.045455e+00 2.136364e+00 1 1 1
3.045455e+00 2.227273e+00 1 1 1
3.045455e+00 2.318182e+00 1 1 1
3.045455e+00 2.409091e+00 1 1 1
3.045455e+00 2.500000e+00 1 1 1
3.045455e+00 2.590909e+00 1 1 1
3.045455e+00 2.681818e+00 1 1 1
3.045455e+00 2.772727e+00 1 1 1
3.045455e+00 2.863636e+00 1 1 1
3.045455e+00 2.954545e+00 1 1 1
3.045455e+00 3.045455e+00 1 1 1
3.045455e+00 3.136364e+00 1 1 1
3.045455e+00 3.227273e+00 1 1 1
3.045455e+00 3.318182e+00 1 1 1
3.045455e+00 3.409091e+00 1 1 1
3.045455e+00 3.500000e+00 1 1 1
3.045455e+00 3.590909e+00 1 1 1
3.045455e+00 3.681818e+00 1 1 1
3.045455e+00 3.772727e+00 2 2 1
3.045455e+00 3.863636e+00 2 2 1
3.045455e+00 3.954545e+00 2 2 1
3.045455e+00 4.045455e+00 2 2 1
3.045455e+00 4.136364e+00 2 2 1
3.045455e+00 4.227273e+00 2 2 1
3.045455e+00 4.318182e+00 2 2 1
3.045455e+00 4.409091e+00 2 2 1
3.045455e+00 4.500000e+00 2 2 1

3.136364e+00 -4.500000e+00 1 1 2
3.136364e+00 -4.409091e+00 1 1 2
3.136364e+00 -4.318182e+00 2 2 2
3.136364e+00 -4.227273e+00 2 2 2
3.136364e+00 -4.136364e+00 3 1 2
3.136364e+00 -4.045455e+00 1 1 2
3.136364e+00 -3.954545e+00 3 1 2
3.136364e+00 -3.863636e+00 1 1 2
3.136364e+00 -3.772727e+00 1 1 2
3.136364e+00 -3.681818e+00 3 1 2
3.136364e+00 -3.590909e+00 3 1 2
3.136364e+00 -3.500000e+00 3 1 2
3.136364e+00 -3.409091e+00 2 2 2
3.136364e+00 -3.318182e+00 2 2 2
3.136364e+00 -3.227273e+00 2 2 2
3.136364e+00 -3.136364e+00 2 2 2
3.136364e+00 -3.045455e+00 2 2 2
3.136364e+00 -2.954545e+00 2 2 2
3.136364e+00 -2.863636e+00 2 2 2
3.136364e+00 -2.772727e+00 2 2 2
3.136364e+00 -2.681818e+00 2 2 2
3.136364e+00 -2.590909e+00 2 2 2
3.136364e+00 -2.500000e+00 2 2 2
3.136364e+00 -2.409091e+00 2 2 2
3.136364e+00 -2.318182e+00 2 2 2
3.136364e+00 -2.227273e+00 2 2 2
3.136364e+00 -2.136364e+00 2 2 2
3.136364e+00 -2.045455e+00 2 2 2
3.136364e+00 -1.954545e+00 2 2 2
3.136364e+00 -1.863636e+00 2 2 2
3.136364e+00 -1.772727e+00 2 2 2
3.136364e+00 -1.681818e+00 2 2 2
3.136364e+00 -1.590909e+00 2 2 2
3.136364e+00 -1.500000e+00 2 2 2
3.136364e+00 -1.409091e+00 2 2 2
3.136364e+00 -1.318182e+00 2 2 2
3.136364e+00 -1.227273e+00 2 2 2
3.136364e+00 -1.136364e+00 2 2 2
3.136364e+00 -1.045455e+00 2 2 2
3.136364e+00 -9.545455e-01 2 2 2
3.136364e+00 -8.636364e-01 2 2 2
3.136364e+00 -7.727273e-01 2 2 2
3.136364e+00 -6.818182e-01 2 2 2
3.136364e+00 -5.909091e-01 2 2 2
3.136364e+00 -5.000000e-01 2 2 2
3.136364e+00 -4.090909e-01 2 2 2
3.136364e+00 -3.181818e-01 2 2 2
3.136364e+00 -2.272727e-01 2 2 2
3.136364e+00 -1.363636e-01 2 2 2
3.136364e+00 -4.545455e-02 2 2 2
3.136364e+00 4.545455e-02 1 1 1
3.136364e+00 1.363636e-01 1 1 1
3.136364e+00 2.272727e-01 1 1 1
3.136364e+00 3.181818e-01 1 1 1
3.136364e+00 4.090909e-01 1 1 1
3.136364e+00 5.000000e-01 1 1 1
3.136364e+00 5.909091e-01 1 1 1
3.136364e+00 6.818182e-01 1 1 1
3.136364e+00 7.727273e-01 1 1 1
3.136364e+00 8.636364e-01 1 1 1
3.136364e+00 9.545455e-01 1 1 1
3.136364e+00 1.045455e+00 1 1 1
3.136364e+00 1.136364e+00 1 1 1
3.136364e+00 1.227273e+00 1 1 1
3.136364e+00 1.318182e+00 1 1 1
3.136364e+00 1.409091e+00 1 1 1
3.136364e+00 1.500000e+00 1 1 1
3.136364e+00 1.590909e+00 1 1 1
3.136364e+00 1.681818e+00 1 1 1
3.136364e+00 1.772727e+00 1 1 1
3.136364e+00 1.863636e+00 1 1 1
3.136364e+00 1.954545e+00 1 1 1
3.136364e+00 2.045455e+00 1 1 1
3.136364e+00 2.136364e+00 1 1 1
3.136364e+00 2.227273e+00 1 1 1
3.136364e+00 2.318182e+00 1 1 1
3.136364e+00 2.409091e+00 1 1 1
3.136364e+00 2.500000e+00 1 1 1
3.136364e+00 2.590909e+00 1 1 1
3.136364e+00 2.681818e+00 1 1 1
3.136364e+00 2.772727e+00 1 1 1
3.136364e+00 2.863636e+00 1 1 1
3.136364e+00 2.954545e+00 1 1 1
3.136364e+00 3.045455e+00 1 1 1
3.136364e+00 3.136364e+00 1 1 1
3.136364e+00 3.227273e+00 1 1 1
3.136364e+00 3.318182e+00 1 1 1
3.136364e+00 3.409091e+00 1 1 1
3.136364e+00 3.500000e+00 1 1 1
3.136364e+00 3.590909e+00 1 1 1
3.136364e+00 3.681818e+00 1 1 1
3.136364e+00 3.772727e+00 1 1 1
3.136364e+00 3.863636e+00 2 2 1
3.136364e+00 3.954545e+00 2 2 1
3.136364e+00 4.045455e+00 2 2 1
3.136364e+00 4.136364e+00 4 2 1
3.136364e+00 4.227273e+00 4 2 1
3.136364e+00 4.318182e+00 2 2 1
3.136364e+00 4.409091e+00 2 2 1
3.136364e+00 4.500000e+00 4 2 1

3.227273e+00 -4.500000e+00 1 1 2
3.227273e+00 -4.409091e+00 1 1 2
3.227273e+00 -4.318182e+00 2 2 2
3.227273e+00 -4.227273e+00 1 1 2
3.227273e+00 -4.136364e+00 1 1 2
3.227273e+00 -4.045455e+00 3 1 2
3.227273e+00 -3.954545e+00 3 1 2
3.227273e+00 -3.863636e+00 3 1 2
3.227273e+00 -3.772727e+00 3 1 2
3.227273e+00 -3.681818e+00 3 1 2
3.227273e+00 -3.590909e+00 3 1 2
3.227273e+00 -3.500000e+00 3 1 2
3.227273e+00 -3.409091e+00 1 1 2
3.227273e+00 -3.318182e+00 2 2 2
3.227273e+00 -3.227273e+00 2 2 2
3.227273e+00 -3.136364e+00 2 2 2
3.227273e+00 -3.045455e+00 2 2 2
3.227273e+00 -2.954545e+00 2 2 2
3.227273e+00 -2.863636e+00 2 2 2
3.227273e+00 -2.772727e+00 2 2 2
3.227273e+00 -2.681818e+00 2 2 2
3.227273e+00 -2.590909e+00 2 2 2
3.227273e+00 -2.500000e+00 2 2 2
3.227273e+00 -2.409091e+00 2 2 2
3.227273e+00 -2.318182e+00 2 2 2
3.227273e+00 -2.227273e+00 2 2 2
3.227273e+00 -2.136364e+00 2 2 2
3.227273e+00 -2.045455e+00 2 2 2
3.227273e+00 -1.954545e+00 2 2 2
3.227273e+00 -1.863636e+00 2 2 2
3.227273e+00 -1.772727e+00 2 2 2
3.227273e+00 -1.681818e+00 2 2 2
3.227273e+00 -1.590909e+00 2 2 2
3.227273e+00 -1.500000e+00 2 2 2
3.227273e+00 -1.409091e+00 2 2 2
3.227273e+00 -1.318182e+00 2 2 2
3.227273e+00 -1.227273e+00 2 2 2
3.227273e+00 -1.136364e+00 2 2 2
3.227273e+00 -1.045455e+00 2 2 2
3.227273e+00 -9.545455e-01 2 2 2
3.227273e+00 -8.636364e-01 2 2 2
3.227273e+00 -7.727273e-01 2 2 2
3.227273e+00 -6.818182e-01 2 2 2
3.227273e+00 -5.909091e-01 2 2 2
3.227273e+00 -5.000000e-01 2 2 2
3.227273e+00 -4.090909e-01 2 2 2
3.227273e+00 -3.181818e-01 2 2 2
3.227273e+00 -2.272727e-01 2 2 2
3.227273e+00 -1.363636e-01 2 2 2
3.227273e+00 -4.545455e-02 2 2 2
3.227273e+00 4.545455e-02 2 2 2
3.227273e+00 1.363636e-01 1 1 1
3.227273e+00 2.272727e-01 1 1 1
3.227273e+00 3.181818e-01 1 1 1
3.227273e+00 4.090909e-01 1 1 1
3.227273e+00 5.000000e-01 1 1 1
3.227273e+00 5.909091e-01 1 1 1
3.227273e+00 6.818182e-01 1 1 1
3.227273e+00 7.727273e-01 1 1 1
3.227273e+00 8.636364e-01 1 1 1
3.227273e+00 9.545455e-01 1 1 1
3.227273e+00 1.045455e+00 1 1 1
3.227273e+00 1.136364e+00 1 1 1
3.227273e+00 1.227273e+00 1 1 1
3.227273e+00 1.318182e+00 1 1 1
3.227273e+00 1.409091e+00 1 1 1
3.227273e+00 1.500000e+00 1 1 1
3.227273e+00 1.590909e+00 1 1 1
3.227273e+00 1.681818e+00 1 1 1
3.227273e+00 1.772727e+00 1 1 1
3.227273e+00 1.863636e+00 1 1 1
3.227273e+00 1.954545e+00 1 1 1
3.227273e+00 2.045455e+00 1 1 1
3.227273e+00 2.136364e+00 1 1 1
3.227273e+00 2.227273e+00 1 1 1
3.227273e+00 2.318182e+00 1 1 1
3.227273e+00 2.409091e+00 4 4 1
3.227273e+00 2.500000e+00 1 1 1
3.227273e+00 2.590909e+00 1 1 1
3.227273e+00 2.681818e+00 1 1 1
3.227273e+00 2.772727e+00 1 1 1
3.227273e+00 2.863636e+00 1 1 1
3.227273e+00 2.954545e+00 1 1 1
3.227273e+00 3.045455e+00 1 1 1
3.227273e+00 3.136364e+00 1 1 1
3.227273e+00 3.227273e+00 1 1 1
3.227273e+00 3.318182e+00 1 1 1
3.227273e+00 3.409091e+00 1 1 1
3.227273e+00 3.500000e+00 1 1 1
3.227273e+00 3.590909e+00 1 1 1
3.227273e+00 3.681818e+00 1 1 1
3.227273e+00 3.772727e+00 1 1 1
3.227273e+00 3.863636e+00 2 2 1
3.227273e+00 3.954545e+00 2 2 1
3.227273e+00 4.045455e+00 2 2 1
3.227273e+00 4.136364e+00 2 2 1
3.227273e+00 4.227273e+00 2 2 1
3.227273e+00 4.318182e+00 2 2 1
3.227273e+00 4.409091e+00 1 2 1
3.227273e+00 4.500000e+00 2 2 1

3.318182e+00 -4.500000e+00 1 1 2
3.318182e+00 -4.409091e+00 1 1 2
3.318182e+00 -4.318182e+00 2 2 2
3.318182e+00 -4.227273e+00 4 1 2
3.318182e+00 -4.136364e+00 3 1 2
3.318182e+00 -4.045455e+00 3 1 2
3.318182e+00 -3.954545e+00 3 1 2
3.318182e+00 -3.863636e+00 3 1 2
3.318182e+00 -3.772727e+00 3 1 2
3.318182e+00 -3.681818e+00 3 1 2
3.318182e+00 -3.590909e+00 3 1 2
3.318182e+00 -3.500000e+00 1 1 2
3.318182e+00 -3.409091e+00 1 1 2
3.318182e+00 -3.318182e+00 1 1 2
3.318182e+00 -3.227273e+00 2 1 2
3.318182e+00 -3.136364e+00 2 1 2
3.318182e+00 -3.045455e+00 2 2 2
3.318182e+00 -2.954545e+00 2 2 2
3.318182e+00 -2.863636e+00 2 2 2
3.318182e+00 -2.772727e+00 2 2 2
3.318182e+00 -2.681818e+00 2 2 2
3.318182e+00 -2.590909e+00 2 2 2
3.318182e+00 -2.500000e+00 2 2 2
3.318182e+00 -2.409091e+00 2 2 2
3.318182e+00 -2.318182e+00 2 2 2
3.318182e+00 -2.227273e+00 2 2 2
3.318182e+00 -2.136364e+00 2 2 2
3.318182e+00 -2.045455e+00 2 2 2
3.318182e+00 -1.954545e+00 2 2 2
3.318182e+00 -1.863636e+00 2 2 2
3.318182e+00 -1.772727e+00 2 2 2
3.318182e+00 -1.681818e+00 2 2 2
3.318182e+00 -1.590909e+00 2 2 2
3.318182e+00 -1.500000e+00 2 2 2
3.318182e+00 -1.409091e+00 2 2 2
3.318182e+00 -1.318182e+00 2 2 2
3.318182e+00 -1.227273e+00 2 2 2
3.318182e+00 -1.136364e+00 2 2 2
3.318182e+00 -1.045455e+00 2 2 2
3.318182e+00 -9.545455e-01 2 2 2
3.318182e+00 -8.636364e-01 2 2 2
3.318182e+00 -7.727273e-01 2 2 2
3.318182e+00 -6.818182e-01 2 2 2
3.318182e+00 -5.909091e-01 2 2 2
3.318182e+00 -5.000000e-01 2 2 2
3.318182e+00 -4.090909e-01 2 2 2
3.318182e+00 -3.181818e-01 2 2 2
3.318182e+00 -2.272727e-01 2 2 2
3.318182e+00 -1.363636e-01 2 2 2
3.318182e+00 -4.545455e-02 2 2 2
3.318182e+00 4.545455e-02 2 2 2
3.318182e+00 1.363636e-01 1 1 1
3.318182e+00 2.272727e-01 1 1 1
3.318182e+00 3.181818e-01 1 1 1
3.318182e+00 4.090909e-01 1 1 1
3.318182e+00 5.000000e-01 1 1 1
3.318182e+00 5.909091e-01 1 1 1
3.318182e+00 6.818182e-01 1 1 1
3.318182e+00 7.727273e-01 1 1 1
3.318182e+00 8.636364e-01 1 1 1
3.318182e+00 9.545455e-01 1 1 1
3.318182e+00 1.045455e+00 1 1 1
3.318182e+00 1.136364e+00 1 1 1
3.318182e+00 1.227273e+00 1 1 1
3.318182e+00 1.318182e+00 1 1 1
3.318182e+00 1.409091e+00 1 1 1
3.318182e+00 1.500000e+00 1 1 1
3.318182e+00 1.590909e+00 1 1 1
3.318182e+00 1.681818e+00 1 1 1
3.318182e+00 1.772727e+00 1 1 1
3.318182e+00 1.863636e+00 1 1 1
3.318182e+00 1.954545e+00 1 1 1
3.318182e+00 2.045455e+00 1 1 1
3.318182e+00 2.136364e+00 1 1 1
3.318182e+00 2.227273e+00 1 1 1
3.318182e+00 2.318182e+00 1 1 1
3.318182e+00 2.409091e+00 1 1 1
3.318182e+00 2.500000e+00 1 1 1
3.318182e+00 2.590909e+00 1 1 1
3.318182e+00 2.681818e+00 1 1 1
3.318182e+00 2.772727e+00 1 1 1
3.318182e+00 2.863636e+00 1 1 1
3.318182e+00 2.954545e+00 1 1 1
3.318182e+00 3.045455e+00 1 1 1
3.318182e+00 3.136364e+00 1 1 1
3.318182e+00 3.227273e+00 1 1 1
3.318182e+00 3.318182e+00 1 1 1
3.318182e+00 3.409091e+00 1 1 1
3.318182e+00 3.500000e+00 1 1 1
3.318182e+00 3.590909e+00 1 1 1
3.318182e+00 3.681818e+00 1 1 1
3.318182e+00 3.772727e+00 1 1 1
3.318182e+00 3.863636e+00 1 1 1
3.318182e+00 3.954545e+00 2 2 1
3.318182e+00 4.045455e+00 2 2 1
3.318182e+00 4.136364e+00 2 2 1
3.318182e+00 4.227273e+00 2 2 1
3.318182e+00 4.318182e+00 2 2 1
3.318182e+00 4.409091e+00 2 2 1
3.318182e+00 4.500000e+00 2 2 1

3.409091e+00 -4.500000e+00 1 1 2
3.409091e+00 -4.409091e+00 1 1 2
3.409091e+00 -4.318182e+00 2 2 2
3.409091e+00 -4.227273e+00 3 1 2
3.409091e+00 -4.136364e+00 3 1 2
3.409091e+00 -4.045455e+00 3 1 2
3.409091e+00 -3.954545e+00 3 1 2
3.409091e+00 -3.863636e+00 3 1 2
3.409091e+00 -3.772727e+00 3 1 2
3.409091e+00 -3.681818e+00 1 1 2
3.409091e+00 -3.590909e+00 1 1 2
3.409091e+00 -3.500000e+00 1 1 2
3.409091e+00 -3.409091e+00 1 1 2
3.409091e+00 -3.318182e+00 1 1 2
3.409091e+00 -3.227273e+00 2 1 2
3.409091e+00 -3.136364e+00 2 1 2
3.409091e+00 -3.045455e+00 2 1 2
3.409091e+00 -2.954545e+00 2 2 2
3.409091e+00 -2.863636e+00 2 2 2
3.409091e+00 -2.772727e+00 2 2 2
3.409091e+00 -2.681818e+00 2 2 2
3.409091e+00 -2.590909e+00 2 2 2
3.409091e+00 -2.500000e+00 2 2 2
3.409091e+00 -2.409091e+00 2 2 2
3.409091e+00 -2.318182e+00 2 2 2
3.409091e+00 -2.227273e+00 2 2 2
3.409091e+00 -2.136364e+00 2 2 2
3.409091e+00 -2.045455e+00 2 2 2
3.409091e+00 -1.954545e+00 2 2 2
3.409091e+00 -1.863636e+00 2 2 2
3.409091e+00 -1.772727e+00 2 2 2
3.409091e+00 -1.681818e+00 2 2 2
3.409091e+00 -1.590909e+00 2 2 2
3.409091e+00 -1.500000e+00 2 2 2
3.409091e+00 -1.409091e+00 2 2 2
3.409091e+00 -1.318182e+00 2 2 2
3.409091e+00 -1.227273e+00 2 2 2
3.409091e+00 -1.136364e+00 2 2 2
3.409091e+00 -1.045455e+00 2 2 2
3.409091e+00 -9.545455e-01 2 2 2
3.409091e+00 -8.636364e-01 2 2 2
3.409091e+00 -7.727273e-01 2 2 2
3.409091e+00 -6.818182e-01 2 2 2
3.409091e+00 -5.909091e-01 2 2 2
3.409091e+00 -5.000000e-01 2 2 2
3.409091e+00 -4.090909e-01 2 2 2
3.409091e+00 -3.181818e-01 2 2 2
3.409091e+00 -2.272727e-01 2 2 2
3.409091e+00 -1.363636e-01 2 2 2
3.409091e+00 -4.545455e-02 2 2 2
3.409091e+00 4.545455e-02 2 2 2
3.409091e+00 1.363636e-01 2 1 1
3.409091e+00 2.272727e-01 1 1 1
3.409091e+00 3.181818e-01 3 3 1
3.409091e+00 4.090909e-01 1 1 1
3.409091e+00 5.000000e-01 1 1 1
3.409091e+00 5.909091e-01 1 1 1
3.409091e+00 6.818182e-01 1 1 1
3.409091e+00 7.727273e-01 1 1 1
3.409091e+00 8.636364e-01 1 1 1
3.409091e+00 9.545455e-01 1 1 1
3.409091e+00 1.045455e+00 1 1 1
3.409091e+00 1.136364e+00 1 1 1
3.409091e+00 1.227273e+00 1 1 1
3.409091e+00 1.318182e+00 1 1 1
3.409091e+00 1.409091e+00 1 1 1
3.409091e+00 1.500000e+00 1 1 1
3.409091e+00 1.590909e+00 1 1 1
3.409091e+00 1.681818e+00 1 1 1
3.409091e+00 1.772727e+00 1 1 1
3.409091e+00 1.863636e+00 1 1 1
3.409091e+00 1.954545e+00 1 1 1
3.409091e+00 2.045455e+00 1 1 1
3.409091e+00 2.136364e+00 1 1 1
3.409091e+00 2.227273e+00 1 1 1
3.409091e+00 2.318182e+00 1 1 1
3.409091e+00 2.409091e+00 1 1 1
3.409091e+00 2.500000e+00 1 1 1
3.409091e+00 2.590909e+00 1 1 1
3.409091e+00 2.681818e+00 2 4 1
3.409091e+00 2.772727e+00 4 4 1
3.409091e+00 2.863636e+00 1 1 1
3.409091e+00 2.954545e+00 1 1 1
3.409091e+00 3.045455e+00 1 1 1
3.409091e+00 3.136364e+00 1 1 1
3.409091e+00 3.227273e+00 1 1 1
3.409091e+00 3.318182e+00 1 1 1
3.409091e+00 3.409091e+00 1 1 1
3.409091e+00 3.500000e+00 1 1 1
3.409091e+00 3.590909e+00 1 1 1
3.409091e+00 3.681818e+00 1 1 1
3.409091e+00 3.772727e+00 1 1 1
3.409091e+00 3.863636e+00 1 1 1
3.409091e+00 3.954545e+00 2 3 1
3.409091e+00 4.045455e+00 1 1 1
3.409091e+00 4.136364e+00 1 3 1
3.409091e+00 4.227273e+00 2 2 1
3.409091e+00 4.318182e+00 2 2 1
3.409091e+00 4.409091e+00 2 2 1
3.409091e+00 4.500000e+00 2 2 1

3.500000e+00 -4.500000e+00 1 1 2
3.500000e+00 -4.409091e+00 1 1 2
3.500000e+00 -4.318182e+00 2 2 2
3.500000e+00 -4.227273e+00 3 1 2
3.500000e+00 -4.136364e+00 3 1 2
3.500000e+00 -4.045455e+00 3 1 2
3.500000e+00 -3.954545e+00 3 1 2
3.500000e+00 -3.863636e+00 1 1 2
3.500000e+00 -3.772727e+00 1 1 2
3.500000e+00 -3.681818e+00 1 1 2
3.500000e+00 -3.590909e+00 1 1 2
3.500000e+00 -3.500000e+00 1 1 2
3.500000e+00 -3.409091e+00 1 1 2
3.500000e+00 -3.318182e+00 2 1 2
3.500000e+00 -3.227273e+00 2 1 2
3.500000e+00 -3.136364e+00 2 2 2
3.500000e+00 -3.045455e+00 2 2 2
3.500000e+00 -2.954545e+00 2 2 2
3.500000e+00 -2.863636e+00 2 2 2
3.500000e+00 -2.772727e+00 2 2 2
3.500000e+00 -2.681818e+00 2 2 2
3.500000e+00 -2.590909e+00 2 2 2
3.500000e+00 -2.500000e+00 2 2 2
3.500000e+00 -2.409091e+00 2 2 2
3.500000e+00 -2.318182e+00 2 2 2
3.500000e+00 -2.227273e+00 2 2 2
3.500000e+00 -2.136364e+00 2 2 2
3.500000e+00 -2.045455e+00 2 2 2
3.500000e+00 -1.954545e+00 2 2 2
3.500000e+00 -1.863636e+00 2 2 2
3.500000e+00 -1.772727e+00 2 2 2
3.500000e+00 -1.681818e+00 2 2 2
3.500000e+00 -1.590909e+00 2 2 2
3.500000e+00 -1.500000e+00 2 2 2
3.500000e+00 -1.409091e+00 2 2 2
3.500000e+00 -1.318182e+00 2 2 2
3.500000e+00 -1.227273e+00 2 2 2
3.500000e+00 -1.136364e+00 2 2 2
3.500000e+00 -1.045455e+00 2 2 2
3.500000e+00 -9.545455e-01 2 2 2
3.500000e+00 -8.636364e-01 2 2 2
3.500000e+00 -7.727273e-01 2 2 2
3.500000e+00 -6.818182e-01 2 2 2
3.500000e+00 -5.909091e-01 2 2 2
3.500000e+00 -5.000000e-01 2 2 2
3.500000e+00 -4.090909e-01 4 2 2
3.500000e+00 -3.181818e-01 2 2 2
3.500000e+00 -2.272727e-01 2 2 2
3.500000e+00 -1.363636e-01 2 2 2
3.500000e+00 -4.545455e-02 2 2 2
3.500000e+00 4.545455e-02 2 2 2
3.500000e+00 1.363636e-01 1 1 1
3.500000e+00 2.272727e-01 1 1 1
3.500000e+00 3.181818e-01 1 1 1
3.500000e+00 4.090909e-01 1 1 1
3.500000e+00 5.000000e-01 1 1 1
3.500000e+00 5.909091e-01 1 1 1
3.500000e+00 6.818182e-01 1 1 1
3.500000e+00 7.727273e-01 1 1 1
3.500000e+00 8.636364e-01 1 1 1
3.500000e+00 9.545455e-01 1 1 1
3.500000e+00 1.045455e+00 1 1 1
3.500000e+00 1.136364e+00 1 1 1
3.500000e+00 1.227273e+00 1 1 1
3.500000e+00 1.318182e+00 1 1 1
3.500000e+00 1.409091e+00 1 1 1
3.500000e+00 1.500000e+00 1 1 1
3.500000e+00 1.590909e+00 1 1 1
3.500000e+00 1.681818e+00 1 1 1
3.500000e+00 1.772727e+00 1 1 1
3.500000e+00 1.863636e+00 1 1 1
3.500000e+00 1.954545e+00 1 1 1
3.500000e+00 2.045455e+00 1 1 1
3.500000e+00 2.136364e+00 1 1 1
3.500000e+00 2.227273e+00 1 1 1
3.500000e+00 2.318182e+00 1 1 1
3.500000e+00 2.409091e+00 1 1 1
3.500000e+00 2.500000e+00 1 1 1
3.500000e+00 2.590909e+00 1 1 1
3.500000e+00 2.681818e+00 2 4 1
3.500000e+00 2.772727e+00 1 1 1
3.500000e+00 2.863636e+00 1 1 1
3.500000e+00 2.954545e+00 1 1 1
3.500000e+00 3.045455e+00 1 1 1
3.500000e+00 3.136364e+00 1 1 1
3.500000e+00 3.227273e+00 1 1 1
3.500000e+00 3.318182e+00 1 1 1
3.500000e+00 3.409091e+00 1 1 1
3.500000e+00 3.500000e+00 1 1 1
3.500000e+00 3.590909e+00 1 1 1
3.500000e+00 3.681818e+00 1 1 1
3.500000e+00 3.772727e+00 1 1 1
3.500000e+00 3.863636e+00 1 2 1
3.500000e+00 3.954545e+00 3 2 1
3.500000e+00 4.045455e+00 1 1 1
3.500000e+00 4.136364e+00 2 2 1
3.500000e+00 4.227273e+00 2 2 1
3.500000e+00 4.318182e+00 2 2 1
3.500000e+00 4.409091e+00 2 2 1
3.500000e+00 4.500000e+00 2 2 1

3.590909e+00 -4.500000e+00 1 1 2
3.590909e+00 -4.409091e+00 1 1 2
3.590909e+00 -4.318182e+00 4 2 2
3.590909e+00 -4.227273e+00 4 1 2
3.590909e+00 -4.136364e+00 3 1 2
3.590909e+00 -4.045455e+00 1 1 2
3.590909e+00 -3.954545e+00 1 1 2
3.590909e+00 -3.863636e+00 1 1 2
3.590909e+00 -3.772727e+00 1 1 2
3.590909e+00 -3.681818e+00 1 1 2
3.590909e+00 -3.590909e+00 1 3 2
3.590909e+00 -3.500000e+00 1 3 2
3.590909e+00 -3.409091e+00 1 1 2
3.590909e+00 -3.318182e+00 2 1 2
3.590909e+00 -3.227273e+00 2 2 2
3.590909e+00 -3.136364e+00 1 1 2
3.590909e+00 -3.045455e+00 1 1 2
3.590909e+00 -2.954545e+00 2 2 2
3.590909e+00 -2.863636e+00 2 2 2
3.590909e+00 -2.772727e+00 2 2 2
3.590909e+00 -2.681818e+00 2 2 2
3.590909e+00 -2.590909e+00 2 2 2
3.590909e+00 -2.500000e+00 2 2 2
3.590909e+00 -2.409091e+00 2 2 2
3.590909e+00 -2.318182e+00 2 2 2
3.590909e+00 -2.227273e+00 2 2 2
3.590909e+00 -2.136364e+00 2 2 2
3.590909e+00 -2.045455e+00 2 2 2
3.590909e+00 -1.954545e+00 2 2 2
3.590909e+00 -1.863636e+00 2 2 2
3.590909e+00 -1.772727e+00 2 2 2
3.590909e+00 -1.681818e+00 2 2 2
3.590909e+00 -1.590909e+00 2 2 2
3.590909e+00 -1.500000e+00 2 2 2
3.590909e+00 -1.409091e+00 2 2 2
3.590909e+00 -1.318182e+00 2 2 2
3.590909e+00 -1.227273e+00 2 2 2
3.590909e+00 -1.136364e+00 2 2 2
3.590909e+00 -1.045455e+00 2 2 2
3.590909e+00 -9.545455e-01 2 2 2
3.590909e+00 -8.636364e-01 2 2 2
3.590909e+00 -7.727273e-01 2 2 2
3.590909e+00 -6.818182e-01 2 2 2
3.590909e+00 -5.909091e-01 2 2 2
3.590909e+00 -5.000000e-01 2 2 2
3.590909e+00 -4.090909e-01 2 2 2
3.590909e+00 -3.181818e-01 2 2 2
3.590909e+00 -2.272727e-01 2 2 2
3.590909e+00 -1.363636e-01 2 2 2
3.590909e+00 -4.545455e-02 2 2 2
3.590909e+00 4.545455e-02 2 2 2
3.590909e+00 1.363636e-01 1 1 1
3.590909e+00 2.272727e-01 1 1 1
3.590909e+00 3.181818e-01 1 1 1
3.590909e+00 4.090909e-01 1 1 1
3.590909e+00 5.000000e-01 1 1 1
3.590909e+00 5.909091e-01 1 1 1
3.590909e+00 6.818182e-01 1 1 1
3.590909e+00 7.727273e-01 1 1 1
3.590909e+00 8.636364e-01 1 1 1
3.590909e+00 9.545455e-01 1 1 1
3.590909e+00 1.045455e+00 1 1 1
3.590909e+00 1.136364e+00 1 1 1
3.590909e+00 1.227273e+00 1 1 1
3.590909e+00 1.318182e+00 1 1 1
3.590909e+00 1.409091e+00 1 1 1
3.590909e+00 1.500000e+00 1 1 1
3.590909e+00 1.590909e+00 1 1 1
3.590909e+00 1.681818e+00 1 1 1
3.590909e+00 1.772727e+00 1 1 1
3.590909e+00 1.863636e+00 1 1 1
3.590909e+00 1.954545e+00 1 1 1
3.590909e+00 2.045455e+00 1 1 1
3.590909e+00 2.136364e+00 1 1 1
3.590909e+00 2.227273e+00 1 1 1
3.590909e+00 2.318182e+00 1 1 1
3.590909e+00 2.409091e+00 1 1 1
3.590909e+00 2.500000e+00 1 1 1
3.590909e+00 2.590909e+00 1 1 1
3.590909e+00 2.681818e+00 1 1 1
3.590909e+00 2.772727e+00 1 1 1
3.590909e+00 2.863636e+00 1 1 1
3.590909e+00 2.954545e+00 1 1 1
3.590909e+00 3.045455e+00 1 1 1
3.590909e+00 3.136364e+00 1 1 1
3.590909e+00 3.227273e+00 1 1 1
3.590909e+00 3.318182e+00 1 1 1
3.590909e+00 3.409091e+00 1 1 1
3.590909e+00 3.500000e+00 1 1 1
3.590909e+00 3.590909e+00 1 1 1
3.590909e+00 3.681818e+00 1 1 1
3.590909e+00 3.772727e+00 1 2 1
3.590909e+00 3.863636e+00 1 2 1
3.590909e+00 3.954545e+00 1 2 1
3.590909e+00 4.045455e+00 4 4 1
3.590909e+00 4.136364e+00 4 4 1
3.590909e+00 4.227273e+00 2 2 1
3.590909e+00 4.318182e+00 2 2 1
3.590909e+00 4.409091e+00 2 2 1
3.590909e+00 4.500000e+00 2 2 1

3.681818e+00 -4.500000e+00 1 1 2
3.681818e+00 -4.409091e+00 1 1 2
3.681818e+00 -4.318182e+00 3 2 2
3.681818e+00 -4.227273e+00 1 1 2
3.681818e+00 -4.136364e+00 1 1 2
3.681818e+00 -4.045455e+00 1 1 2
3.681818e+00 -3.954545e+00 1 1 2
3.681818e+00 -3.863636e+00 1 3 2
3.681818e+00 -3.772727e+00 1 1 2
3.681818e+00 -3.681818e+00 1 1 2
3.681818e+00 -3.590909e+00 1 1 2
3.681818e+00 -3.500000e+00 1 1 2
3.681818e+00 -3.409091e+00 1 1 2
3.681818e+00 -3.318182e+00 3 2 2
3.681818e+00 -3.227273e+00 1 1 2
3.681818e+00 -3.136364e+00 1 1 2
3.681818e+00 -3.045455e+00 1 1 2
3.681818e+00 -2.954545e+00 1 1 2
3.681818e+00 -2.863636e+00 1 1 2
3.681818e+00 -2.772727e+00 1 1 2
3.681818e+00 -2.681818e+00 1 1 2
3.681818e+00 -2.590909e+00 1 1 2
3.681818e+00 -2.500000e+00 2 2 2
3.681818e+00 -2.409091e+00 2 2 2
3.681818e+00 -2.318182e+00 2 2 2
3.681818e+00 -2.227273e+00 2 2 2
3.681818e+00 -2.136364e+00 2 2 2
3.681818e+00 -2.045455e+00 2 2 2
3.681818e+00 -1.954545e+00 2 2 2
3.681818e+00 -1.863636e+00 2 2 2
3.681818e+00 -1.772727e+00 2 2 2
3.681818e+00 -1.681818e+00 2 2 2
3.681818e+00 -1.590909e+00 2 2 2
3.681818e+00 -1.500000e+00 2 2 2
3.681818e+00 -1.409091e+00 2 2 2
3.681818e+00 -1.318182e+00 2 2 2
3.681818e+00 -1.227273e+00 2 2 2
3.681818e+00 -1.136364e+00 2 2 2
3.681818e+00 -1.045455e+00 2 2 2
3.681818e+00 -9.545455e-01 2 2 2
3.681818e+00 -8.636364e-01 2 2 2
3.681818e+00 -7.727273e-01 2 2 2
3.681818e+00 -6.818182e-01 2 2 2
3.681818e+00 -5.909091e-01 2 2 2
3.681818e+00 -5.000000e-01 2 2 2
3.681818e+00 -4.090909e-01 2 2 2
3.681818e+00 -3.181818e-01 2 2 2
3.681818e+00 -2.272727e-01 2 2 2
3.681818e+00 -1.363636e-01 2 2 2
3.681818e+00 -4.545455e-02 1 2 2
3.681818e+00 4.545455e-02 2 2 2
3.681818e+00 1.363636e-01 1 1 1
3.681818e+00 2.272727e-01 1 1 1
3.681818e+00 3.181818e-01 1 1 1
3.681818e+00 4.090909e-01 1 1 1
3.681818e+00 5.000000e-01 1 1 1
3.681818e+00 5.909091e-01 1 1 1
3.681818e+00 6.818182e-01 1 1 1
3.681818e+00 7.727273e-01 1 1 1
3.681818e+00 8.636364e-01 1 1 1
3.681818e+00 9.545455e-01 1 1 1
3.681818e+00 1.045455e+00 1 1 1
3.681818e+00 1.136364e+00 1 1 1
3.681818e+00 1.227273e+00 1 1 1
3.681818e+00 1.318182e+00 1 1 1
3.681818e+00 1.409091e+00 1 1 1
3.681818e+00 1.500000e+00 1 1 1
3.681818e+00 1.590909e+00 1 1 1
3.681818e+00 1.681818e+00 1 1 1
3.681818e+00 1.772727e+00 1 1 1
3.681818e+00 1.863636e+00 1 1 1
3.681818e+00 1.954545e+00 1 1 1
3.681818e+00 2.045455e+00 2 1 1
3.681818e+00 2.136364e+00 2 1 1
3.681818e+00 2.227273e+00 1 1 1
3.681818e+00 2.318182e+00 1 1 1
3.681818e+00 2.409091e+00 1 1 1
3.681818e+00 2.500000e+00 1 1 1
3.681818e+00 2.590909e+00 1 1 1
3.681818e+00 2.681818e+00 1 1 1
3.681818e+00 2.772727e+00 1 1 1
3.681818e+00 2.863636e+00 1 1 1
3.681818e+00 2.954545e+00 1 1 1
3.681818e+00 3.045455e+00 1 1 1
3.681818e+00 3.136364e+00 4 4 1
3.681818e+00 3.227273e+00 4 4 1
3.681818e+00 3.318182e+00 4 4 1
3.681818e+00 3.409091e+00 1 1 1
3.681818e+00 3.500000e+00 1 1 1
3.681818e+00 3.590909e+00 1 1 1
3.681818e+00 3.681818e+00 1 1 1
3.681818e+00 3.772727e+00 2 1 1
3.681818e+00 3.863636e+00 2 2 1
3.681818e+00 3.954545e+00 2 4 1
3.681818e+00 4.045455e+00 4 4 1
3.681818e+00 4.136364e+00 4 4 1
3.681818e+00 4.227273e+00 2 2 1
3.681818e+00 4.318182e+00 2 2 1
3.681818e+00 4.409091e+00 2 2 1
3.681818e+00 4.500000e+00 2 2 1

3.772727e+00 -4.500000e+00 1 1 2
3.772727e+00 -4.409091e+00 1 1 2
3.772727e+00 -4.318182e+00 3 3 2
3.772727e+00 -4.227273e+00 3 3 2
3.772727e+00 -4.136364e+00 3 3 2
3.772727e+00 -4.045455e+00 1 1 2
3.772727e+00 -3.954545e+00 1 1 2
3.772727e+00 -3.863636e+00 1 1 2
3.772727e+00 -3.772727e+00 1 1 2
3.772727e+00 -3.681818e+00 1 1 2
3.772727e+00 -3.590909e+00 1 1 2
3.772727e+00 -3.500000e+00 1 1 2
3.772727e+00 -3.409091e+00 1 1 2
3.772727e+00 -3.318182e+00 1 1 2
3.772727e+00 -3.227273e+00 1 1 2
3.772727e+00 -3.136364e+00 1 1 2
3.772727e+00 -3.045455e+00 1 1 2
3.772727e+00 -2.954545e+00 1 1 2
3.772727e+00 -2.863636e+00 1 1 2
3.772727e+00 -2.772727e+00 2 2 2
3.772727e+00 -2.681818e+00 2 2 2
3.772727e+00 -2.590909e+00 2 2 2
3.772727e+00 -2.500000e+00 2 2 2
3.772727e+00 -2.409091e+00 2 2 2
3.772727e+00 -2.318182e+00 2 2 2
3.772727e+00 -2.227273e+00 2 2 2
3.772727e+00 -2.136364e+00 2 2 2
3.772727e+00 -2.045455e+00 2 2 2
3.772727e+00 -1.954545e+00 2 2 2
3.772727e+00 -1.863636e+00 2 2 2
3.772727e+00 -1.772727e+00 2 2 2
3.772727e+00 -1.681818e+00 2 2 2
3.772727e+00 -1.590909e+00 2 2 2
3.772727e+00 -1.500000e+00 2 2 2
3.772727e+00 -1.409091e+00 2 2 2
3.772727e+00 -1.318182e+00 2 2 2
3.772727e+00 -1.227273e+00 2 2 2
3.772727e+00 -1.136364e+00 2 2 2
3.772727e+00 -1.045455e+00 2 2 2
3.772727e+00 -9.545455e-01 2 2 2
3.772727e+00 -8.636364e-01 2 2 2
3.772727e+00 -7.727273e-01 2 2 2
3.772727e+00 -6.818182e-01 2 2 2
3.772727e+00 -5.909091e-01 2 2 2
3.772727e+00 -5.000000e-01 2 2 2
3.772727e+00 -4.090909e-01 2 2 2
3.772727e+00 -3.181818e-01 2 2 2
3.772727e+00 -2.272727e-01 2 2 2
3.772727e+00 -1.363636e-01 2 2 2
3.772727e+00 -4.545455e-02 1 2 2
3.772727e+00 4.545455e-02 2 2 2
3.772727e+00 1.363636e-01 2 1 1
3.772727e+00 2.272727e-01 1 1 1
3.772727e+00 3.181818e-01 1 1 1
3.772727e+00 4.090909e-01 1 1 1
3.772727e+00 5.000000e-01 1 1 1
3.772727e+00 5.909091e-01 1 1 1
3.772727e+00 6.818182e-01 1 1 1
3.772727e+00 7.727273e-01 1 1 1
3.772727e+00 8.636364e-01 1 1 1
3.772727e+00 9.545455e-01 1 1 1
3.772727e+00 1.045455e+00 1 1 1
3.772727e+00 1.136364e+00 1 1 1
3.772727e+00 1.227273e+00 1 1 1
3.772727e+00 1.318182e+00 1 1 1
3.772727e+00 1.409091e+00 1 1 1
3.772727e+00 1.500000e+00 1 1 1
3.772727e+00 1.590909e+00 1 1 1
3.772727e+00 1.681818e+00 1 1 1
3.772727e+00 1.772727e+00 1 1 1
3.772727e+00 1.863636e+00 2 1 1
3.772727e+00 1.954545e+00 2 1 1
3.772727e+00 2.045455e+00 2 1 1
3.772727e+00 2.136364e+00 2 1 1
3.772727e+00 2.227273e+00 1 1 1
3.772727e+00 2.318182e+00 2 1 1
3.772727e+00 2.409091e+00 1 1 1
3.772727e+00 2.500000e+00 1 1 1
3.772727e+00 2.590909e+00 1 1 1
3.772727e+00 2.681818e+00 1 1 1
3.772727e+00 2.772727e+00 1 1 1
3.772727e+00 2.863636e+00 1 1 1
3.772727e+00 2.954545e+00 4 4 1
3.772727e+00 3.045455e+00 4 4 1
3.772727e+00 3.136364e+00 2 4 1
3.772727e+00 3.227273e+00 4 4 1
3.772727e+00 3.318182e+00 4 4 1
3.772727e+00 3.409091e+00 1 2 1
3.772727e+00 3.500000e+00 1 2 1
3.772727e+00 3.590909e+00 1 2 1
3.772727e+00 3.681818e+00 1 2 1
3.772727e+00 3.772727e+00 1 2 1
3.772727e+00 3.863636e+00 4 4 1
3.772727e+00 3.954545e+00 4 4 1
3.772727e+00 4.045455e+00 4 4 1
3.772727e+00 4.136364e+00 4 4 1
3.772727e+00 4.227273e+00 2 2 1
3.772727e+00 4.318182e+00 2 2 1
3.772727e+00 4.409091e+00 2 2 1
3.772727e+00 4.500000e+00 2 2 1

3.863636e+00 -4.500000e+00 1 1 2
3.863636e+00 -4.409091e+00 1 1 2
3.863636e+00 -4.318182e+00 3 3 2
3.863636e+00 -4.227273e+00 3 3 2
3.863636e+00 -4.136364e+00 1 1 2
3.863636e+00 -4.045455e+00 1 1 2
3.863636e+00 -3.954545e+00 1 1 2
3.863636e+00 -3.863636e+00 1 1 2
3.863636e+00 -3.772727e+00 1 1 2
3.863636e+00 -3.681818e+00 1 1 2
3.863636e+00 -3.590909e+00 1 1 2
3.863636e+00 -3.500000e+00 1 1 2
3.863636e+00 -3.409091e+00 1 1 2
3.863636e+00 -3.318182e+00 1 1 2
3.863636e+00 -3.227273e+00 1 1 2
3.863636e+00 -3.136364e+00 1 1 2
3.863636e+00 -3.045455e+00 1 1 2
3.863636e+00 -2.954545e+00 2 2 2
3.863636e+00 -2.863636e+00 2 2 2
3.863636e+00 -2.772727e+00 2 2 2
3.863636e+00 -2.681818e+00 2 2 2
3.863636e+00 -2.590909e+00 2 2 2
3.863636e+00 -2.500000e+00 2 2 2
3.863636e+00 -2.409091e+00 2 2 2
3.863636e+00 -2.318182e+00 2 2 2
3.863636e+00 -2.227273e+00 2 2 2
3.863636e+00 -2.136364e+00 2 2 2
3.863636e+00 -2.045455e+00 2 2 2
3.863636e+00 -1.954545e+00 2 2 2
3.863636e+00 -1.863636e+00 2 2 2
3.863636e+00 -1.772727e+00 2 2 2
3.863636e+00 -1.681818e+00 2 2 2
3.863636e+00 -1.590909e+00 2 2 2
3.863636e+00 -1.500000e+00 2 2 2
3.863636e+00 -1.409091e+00 2 2 2
3.863636e+00 -1.318182e+00 2 2 2
3.863636e+00 -1.227273e+00 2 2 2
3.863636e+00 -1.136364e+00 2 2 2
3.863636e+00 -1.045455e+00 2 2 2
3.863636e+00 -9.545455e-01 2 2 2
3.863636e+00 -8.636364e-01 2 2 2
3.863636e+00 -7.727273e-01 2 2 2
3.863636e+00 -6.818182e-01 2 2 2
3.863636e+00 -5.909091e-01 2 2 2
3.863636e+00 -5.000000e-01 2 2 2
3.863636e+00 -4.090909e-01 2 2 2
3.863636e+00 -3.181818e-01 2 2 2
3.863636e+00 -2.272727e-01 2 2 2
3.863636e+00 -1.363636e-01 2 2 2
3.863636e+00 -4.545455e-02 2 2 2
3.863636e+00 4.545455e-02 2 1 2
3.863636e+00 1.363636e-01 1 1 1
3.863636e+00 2.272727e-01 1 1 1
3.863636e+00 3.181818e-01 1 1 1
3.863636e+00 4.090909e-01 2 1 1
3.863636e+00 5.000000e-01 1 1 1
3.863636e+00 5.909091e-01 1 1 1
3.863636e+00 6.818182e-01 1 1 1
3.863636e+00 7.727273e-01 1 1 1
3.863636e+00 8.636364e-01 1 1 1
3.863636e+00 9.545455e-01 1 1 1
3.863636e+00 1.045455e+00 1 1 1
3.863636e+00 1.136364e+00 1 1 1
3.863636e+00 1.227273e+00 1 1 1
3.863636e+00 1.318182e+00 1 1 1
3.863636e+00 1.409091e+00 1 1 1
3.863636e+00 1.500000e+00 1 1 1
3.863636e+00 1.590909e+00 1 1 1
3.863636e+00 1.681818e+00 1 1 1
3.863636e+00 1.772727e+00 2 1 1
3.863636e+00 1.863636e+00 2 1 1
3.863636e+00 1.954545e+00 2 1 1
3.863636e+00 2.045455e+00 2 1 1
3.863636e+00 2.136364e+00 2 1 1
3.863636e+00 2.227273e+00 1 1 1
3.863636e+00 2.318182e+00 2 1 1
3.863636e+00 2.409091e+00 2 1 1
3.863636e+00 2.500000e+00 2 1 1
3.863636e+00 2.590909e+00 1 1 1
3.863636e+00 2.681818e+00 1 1 1
3.863636e+00 2.772727e+00 1 1 1
3.863636e+00 2.863636e+00 4 4 1
3.863636e+00 2.954545e+00 4 4 1
3.863636e+00 3.045455e+00 4 4 1
3.863636e+00 3.136364e+00 4 4 1
3.863636e+00 3.227273e+00 4 4 1
3.863636e+00 3.318182e+00 4 4 1
3.863636e+00 3.409091e+00 1 2 1
3.863636e+00 3.500000e+00 2 1 1
3.863636e+00 3.590909e+00 2 2 1
3.863636e+00 3.681818e+00 2 2 1
3.863636e+00 3.772727e+00 4 4 1
3.863636e+00 3.863636e+00 2 4 1
3.863636e+00 3.954545e+00 4 4 1
3.863636e+00 4.045455e+00 4 4 1
3.863636e+00 4.136364e+00 4 4 1
3.863636e+00 4.227273e+00 4 4 1
3.863636e+00 4.318182e+00 2 2 1
3.863636e+00 4.409091e+00 2 2 1
3.863636e+00 4.500000e+00 2 2 1

3.954545e+00 -4.500000e+00 1 1 2
3.954545e+00 -4.409091e+00 1 1 2
3.954545e+00 -4.318182e+00 3 3 2
3.954545e+00 -4.227273e+00 3 3 2
3.954545e+00 -4.136364e+00 1 1 2
3.954545e+00 -4.045455e+00 1 1 2
3.954545e+00 -3.954545e+00 1 1 2
3.954545e+00 -3.863636e+00 1 1 2
3.954545e+00 -3.772727e+00 1 1 2
3.954545e+00 -3.681818e+00 1 1 2
3.954545e+00 -3.590909e+00 1 1 2
3.954545e+00 -3.500000e+00 3 1 2
3.954545e+00 -3.409091e+00 1 1 2
3.954545e+00 -3.318182e+00 1 1 2
3.954545e+00 -3.227273e+00 1 1 2
3.954545e+00 -3.136364e+00 1 1 2
3.954545e+00 -3.045455e+00 2 2 2
3.954545e+00 -2.954545e+00 2 2 2
3.954545e+00 -2.863636e+00 2 2 2
3.954545e+00 -2.772727e+00 2 2 2
3.954545e+00 -2.681818e+00 2 2 2
3.954545e+00 -2.590909e+00 2 2 2
3.954545e+00 -2.500000e+00 2 2 2
3.954545e+00 -2.409091e+00 2 2 2
3.954545e+00 -2.318182e+00 2 2 2
3.954545e+00 -2.227273e+00 2 2 2
3.954545e+00 -2.136364e+00 2 2 2
3.954545e+00 -2.045455e+00 2 2 2
3.954545e+00 -1.954545e+00 2 2 2
3.954545e+00 -1.863636e+00 2 2 2
3.954545e+00 -1.772727e+00 1 2 2
3.954545e+00 -1.681818e+00 2 2 2
3.954545e+00 -1.590909e+00 2 2 2
3.954545e+00 -1.500000e+00 2 2 2
3.954545e+00 -1.409091e+00 2 2 2
3.954545e+00 -1.318182e+00 2 2 2
3.954545e+00 -1.227273e+00 2 2 2
3.954545e+00 -1.136364e+00 2 2 2
3.954545e+00 -1.045455e+00 2 2 2
3.954545e+00 -9.545455e-01 2 2 2
3.954545e+00 -8.636364e-01 2 2 2
3.954545e+00 -7.727273e-01 2 2 2
3.954545e+00 -6.818182e-01 2 2 2
3.954545e+00 -5.909091e-01 2 2 2
3.954545e+00 -5.000000e-01 1 2 2
3.954545e+00 -4.090909e-01 2 2 2
3.954545e+00 -3.181818e-01 1 2 2
3.954545e+00 -2.272727e-01 2 2 2
3.954545e+00 -1.363636e-01 1 2 2
3.954545e+00 -4.545455e-02 2 2 2
3.954545e+00 4.545455e-02 2 2 2
3.954545e+00 1.363636e-01 1 1 2
3.954545e+00 2.272727e-01 1 1 1
3.954545e+00 3.181818e-01 1 1 1
3.954545e+00 4.090909e-01 2 1 1
3.954545e+00 5.000000e-01 1 1 1
3.954545e+00 5.909091e-01 1 1 1
3.954545e+00 6.818182e-01 1 1 1
3.954545e+00 7.727273e-01 1 1 1
3.954545e+00 8.636364e-01 1 1 1
3.954545e+00 9.545455e-01 1 1 1
3.954545e+00 1.045455e+00 1 1 1
3.954545e+00 1.136364e+00 1 1 1
3.954545e+00 1.227273e+00 1 1 1
3.954545e+00 1.318182e+00 1 1 1
3.954545e+00 1.409091e+00 1 1 1
3.954545e+00 1.500000e+00 2 1 1
3.954545e+00 1.590909e+00 1 1 1
3.954545e+00 1.681818e+00 2 1 1
3.954545e+00 1.772727e+00 2 1 1
3.954545e+00 1.863636e+00 2 1 1
3.954545e+00 1.954545e+00 2 1 1
3.954545e+00 2.045455e+00 2 1 1
3.954545e+00 2.136364e+00 2 1 1
3.954545e+00 2.227273e+00 2 1 1
3.954545e+00 2.318182e+00 2 1 1
3.954545e+00 2.409091e+00 2 1 1
3.954545e+00 2.500000e+00 2 1 1
3.954545e+00 2.590909e+00 2 1 1
3.954545e+00 2.681818e+00 2 1 1
3.954545e+00 2.772727e+00 1 1 1
3.954545e+00 2.863636e+00 4 4 1
3.954545e+00 2.954545e+00 4 4 1
3.954545e+00 3.045455e+00 4 4 1
3.954545e+00 3.136364e+00 4 4 1
3.954545e+00 3.227273e+00 4 4 1
3.954545e+00 3.318182e+00 1 4 1
3.954545e+00 3.409091e+00 2 2 1
3.954545e+00 3.500000e+00 2 2 1
3.954545e+00 3.590909e+00 2 2 1
3.954545e+00 3.681818e+00 4 4 1
3.954545e+00 3.772727e+00 4 4 1
3.954545e+00 3.863636e+00 4 4 1
3.954545e+00 3.954545e+00 4 4 1
3.954545e+00 4.045455e+00 4 4 1
3.954545e+00 4.136364e+00 4 4 1
3.954545e+00 4.227273e+00 4 4 1
3.954545e+00 4.318182e+00 2 2 1
3.954545e+00 4.409091e+00 2 2 1
3.954545e+00 4.500000e+00 2 2 1

4.045455e+00 -4.500000e+00 1 1 2
4.045455e+00 -4.409091e+00 1 3 2
4.045455e+00 -4.318182e+00 3 3 2
4.045455e+00 -4.227273e+00 3 3 2
4.045455e+00 -4.136364e+00 1 1 2
4.045455e+00 -4.045455e+00 1 1 2
4.045455e+00 -3.954545e+00 1 1 2
4.045455e+00 -3.863636e+00 1 1 2
4.045455e+00 -3.772727e+00 1 1 2
4.045455e+00 -3.681818e+00 1 1 2
4.045455e+00 -3.590909e+00 1 1 2
4.045455e+00 -3.500000e+00 1 1 2
4.045455e+00 -3.409091e+00 1 1 2
4.045455e+00 -3.318182e+00 1 1 2
4.045455e+00 -3.227273e+00 1 1 2
4.045455e+00 -3.136364e+00 2 1 2
4.045455e+00 -3.045455e+00 2 2 2
4.045455e+00 -2.954545e+00 2 2 2
4.045455e+00 -2.863636e+00 2 2 2
4.045455e+00 -2.772727e+00 3 3 2
4.045455e+00 -2.681818e+00 3 3 2
4.045455e+00 -2.590909e+00 2 2 2
4.045455e+00 -2.500000e+00 2 2 2
4.045455e+00 -2.409091e+00 2 2 2
4.045455e+00 -2.318182e+00 2 2 2
4.045455e+00 -2.227273e+00 2 2 2
4.045455e+00 -2.136364e+00 2 1 2
4.045455e+00 -2.045455e+00 2 2 2
4.045455e+00 -1.954545e+00 2 1 2
4.045455e+00 -1.863636e+00 2 2 2
4.045455e+00 -1.772727e+00 2 2 2
4.045455e+00 -1.681818e+00 1 2 2
4.045455e+00 -1.590909e+00 4 4 2
4.045455e+00 -1.500000e+00 4 4 2
4.045455e+00 -1.409091e+00 4 4 2
4.045455e+00 -1.318182e+00 4 4 2
4.045455e+00 -1.227273e+00 4 4 2
4.045455e+00 -1.136364e+00 4 4 2
4.045455e+00 -1.045455e+00 4 4 2
4.045455e+00 -9.545455e-01 2 2 2
4.045455e+00 -8.636364e-01 2 2 2
4.045455e+00 -7.727273e-01 2 2 2
4.045455e+00 -6.818182e-01 2 2 2
4.045455e+00 -5.909091e-01 2 2 2
4.045455e+00 -5.000000e-01 1 2 2
4.045455e+00 -4.090909e-01 2 2 2
4.045455e+00 -3.181818e-01 2 2 2
4.045455e+00 -2.272727e-01 1 2 2
4.045455e+00 -1.363636e-01 2 2 2
4.045455e+00 -4.545455e-02 2 2 2
4.045455e+00 4.545455e-02 2 2 2
4.045455e+00 1.363636e-01 1 1 2
4.045455e+00 2.272727e-01 2 1 1
4.045455e+00 3.181818e-01 1 1 1
4.045455e+00 4.090909e-01 2 1 1
4.045455e+00 5.000000e-01 1 1 1
4.045455e+00 5.909091e-01 1 1 1
4.045455e+00 6.818182e-01 1 1 1
4.045455e+00 7.727273e-01 1 1 1
4.045455e+00 8.636364e-01 1 1 1
4.045455e+00 9.545455e-01 1 1 1
4.045455e+00 1.045455e+00 1 1 1
4.045455e+00 1.136364e+00 1 1 1
4.045455e+00 1.227273e+00 1 1 1
4.045455e+00 1.318182e+00 1 1 1
4.045455e+00 1.409091e+00 2 1 1
4.045455e+00 1.500000e+00 2 1 1
4.045455e+00 1.590909e+00 2 1 1
4.045455e+00 1.681818e+00 2 1 1
4.045455e+00 1.772727e+00 1 1 1
4.045455e+00 1.863636e+00 2 1 1
4.045455e+00 1.954545e+00 2 1 1
4.045455e+00 2.045455e+00 2 1 1
4.045455e+00 2.136364e+00 2 1 1
4.045455e+00 2.227273e+00 2 1 1
4.045455e+00 2.318182e+00 2 1 1
4.045455e+00 2.409091e+00 2 1 1
4.045455e+00 2.500000e+00 2 1 1
4.045455e+00 2.590909e+00 2 1 1
4.045455e+00 2.681818e+00 2 1 1
4.045455e+00 2.772727e+00 2 1 1
4.045455e+00 2.863636e+00 2 1 1
4.045455e+00 2.954545e+00 1 1 1
4.045455e+00 3.045455e+00 1 1 1
4.045455e+00 3.136364e+00 1 1 1
4.045455e+00 3.227273e+00 1 1 1
4.045455e+00 3.318182e+00 2 2 1
4.045455e+00 3.409091e+00 2 2 1
4.045455e+00 3.500000e+00 2 1 1
4.045455e+00 3.590909e+00 3 3 1
4.045455e+00 3.681818e+00 4 4 1
4.045455e+00 3.772727e+00 4 4 1
4.045455e+00 3.863636e+00 4 4 1
4.045455e+00 3.954545e+00 2 4 1
4.045455e+00 4.045455e+00 4 4 1
4.045455e+00 4.136364e+00 4 4 1
4.045455e+00 4.227273e+00 4 4 1
4.045455e+00 4.318182e+00 2 2 1
4.045455e+00 4.409091e+00 2 2 1
4.045455e+00 4.500000e+00 2 2 1

4.136364e+00 -4.500000e+00 1 1 2
4.136364e+00 -4.409091e+00 3 3 2
4.136364e+00 -4.318182e+00 3 3 2
4.136364e+00 -4.227273e+00 3 3 2
4.136364e+00 -4.136364e+00 1 1 2
4.136364e+00 -4.045455e+00 1 1 2
4.136364e+00 -3.954545e+00 1 1 2
4.136364e+00 -3.863636e+00 1 1 2
4.136364e+00 -3.772727e+00 1 1 2
4.136364e+00 -3.681818e+00 1 1 2
4.136364e+00 -3.590909e+00 1 1 2
4.136364e+00 -3.500000e+00 1 1 2
4.136364e+00 -3.409091e+00 1 1 2
4.136364e+00 -3.318182e+00 3 3 2
4.136364e+00 -3.227273e+00 2 2 2
4.136364e+00 -3.136364e+00 2 2 2
4.136364e+00 -3.045455e+00 2 2 2
4.136364e+00 -2.954545e+00 2 2 2
4.136364e+00 -2.863636e+00 2 2 2
4.136364e+00 -2.772727e+00 2 2 2
4.136364e+00 -2.681818e+00 2 2 2
4.136364e+00 -2.590909e+00 2 2 2
4.136364e+00 -2.500000e+00 2 2 2
4.136364e+00 -2.409091e+00 2 1 2
4.136364e+00 -2.318182e+00 2 1 2
4.136364e+00 -2.227273e+00 2 1 2
4.136364e+00 -2.136364e+00 2 1 2
4.136364e+00 -2.045455e+00 1 1 2
4.136364e+00 -1.954545e+00 1 1 2
4.136364e+00 -1.863636e+00 2 2 2
4.136364e+00 -1.772727e+00 2 2 2
4.136364e+00 -1.681818e+00 2 2 2
4.136364e+00 -1.590909e+00 1 2 2
4.136364e+00 -1.500000e+00 1 2 2
4.136364e+00 -1.409091e+00 1 2 2
4.136364e+00 -1.318182e+00 1 2 2
4.136364e+00 -1.227273e+00 1 2 2
4.136364e+00 -1.136364e+00 2 2 2
4.136364e+00 -1.045455e+00 2 2 2
4.136364e+00 -9.545455e-01 1 2 2
4.136364e+00 -8.636364e-01 2 2 2
4.136364e+00 -7.727273e-01 4 2 2
4.136364e+00 -6.818182e-01 2 2 2
4.136364e+00 -5.909091e-01 2 2 2
4.136364e+00 -5.000000e-01 1 2 2
4.136364e+00 -4.090909e-01 1 2 2
4.136364e+00 -3.181818e-01 2 2 2
4.136364e+00 -2.272727e-01 1 2 2
4.136364e+00 -1.363636e-01 1 2 2
4.136364e+00 -4.545455e-02 1 2 2
4.136364e+00 4.545455e-02 2 2 2
4.136364e+00 1.363636e-01 1 1 2
4.136364e+00 2.272727e-01 2 1 1
4.136364e+00 3.181818e-01 1 1 1
4.136364e+00 4.090909e-01 1 1 1
4.136364e+00 5.000000e-01 1 1 1
4.136364e+00 5.909091e-01 1 1 1
4.136364e+00 6.818182e-01 2 1 1
4.136364e+00 7.727273e-01 1 1 1
4.136364e+00 8.636364e-01 1 1 1
4.136364e+00 9.545455e-01 1 1 1
4.136364e+00 1.045455e+00 1 1 1
4.136364e+00 1.136364e+00 1 1 1
4.136364e+00 1.227273e+00 1 1 1
4.136364e+00 1.318182e+00 1 1 1
4.136364e+00 1.409091e+00 1 1 1
4.136364e+00 1.500000e+00 1 1 1
4.136364e+00 1.590909e+00 1 1 1
4.136364e+00 1.681818e+00 1 1 1
4.136364e+00 1.772727e+00 1 1 1
4.136364e+00 1.863636e+00 1 1 1
4.136364e+00 1.954545e+00 2 1 1
4.136364e+00 2.045455e+00 2 1 1
4.136364e+00 2.136364e+00 2 1 1
4.136364e+00 2.227273e+00 2 1 1
4.136364e+00 2.318182e+00 2 1 1
4.136364e+00 2.409091e+00 2 1 1
4.136364e+00 2.500000e+00 2 1 1
4.136364e+00 2.590909e+00 2 1 1
4.136364e+00 2.681818e+00 2 1 1
4.136364e+00 2.772727e+00 2 1 1
4.136364e+00 2.863636e+00 2 1 1
4.136364e+00 2.954545e+00 2 1 1
4.136364e+00 3.045455e+00 2 1 1
4.136364e+00 3.136364e+00 2 1 1
4.136364e+00 3.227273e+00 1 1 1
4.136364e+00 3.318182e+00 2 1 1
4.136364e+00 3.409091e+00 2 3 1
4.136364e+00 3.500000e+00 3 3 1
4.136364e+00 3.590909e+00 4 4 1
4.136364e+00 3.681818e+00 4 4 1
4.136364e+00 3.772727e+00 1 4 1
4.136364e+00 3.863636e+00 4 4 1
4.136364e+00 3.954545e+00 4 4 1
4.136364e+00 4.045455e+00 4 4 1
4.136364e+00 4.136364e+00 4 4 1
4.136364e+00 4.227273e+00 4 4 1
4.136364e+00 4.318182e+00 4 4 1
4.136364e+00 4.409091e+00 2 2 1
4.136364e+00 4.500000e+00 2 2 1

4.227273e+00 -4.500000e+00 1 1 2
4.227273e+00 -4.409091e+00 3 3 2
4.227273e+00 -4.318182e+00 3 3 2
4.227273e+00 -4.227273e+00 2 3 2
4.227273e+00 -4.136364e+00 1 1 2
4.227273e+00 -4.045455e+00 1 1 2
4.227273e+00 -3.954545e+00 1 1 2
4.227273e+00 -3.863636e+00 1 1 2
4.227273e+00 -3.772727e+00 1 1 2
4.227273e+00 -3.681818e+00 1 1 2
4.227273e+00 -3.590909e+00 1 1 2
4.227273e+00 -3.500000e+00 1 1 2
4.227273e+00 -3.409091e+00 3 3 2
4.227273e+00 -3.318182e+00 3 3 2
4.227273e+00 -3.227273e+00 3 3 2
4.227273e+00 -3.136364e+00 2 2 2
4.227273e+00 -3.045455e+00 2 2 2
4.227273e+00 -2.954545e+00 2 2 2
4.227273e+00 -2.863636e+00 2 2 2
4.227273e+00 -2.772727e+00 2 2 2
4.227273e+00 -2.681818e+00 2 1 2
4.227273e+00 -2.590909e+00 2 1 2
4.227273e+00 -2.500000e+00 2 2 2
4.227273e+00 -2.409091e+00 2 1 2
4.227273e+00 -2.318182e+00 1 1 2
4.227273e+00 -2.227273e+00 1 1 2
4.227273e+00 -2.136364e+00 2 1 2
4.227273e+00 -2.045455e+00 1 1 2
4.227273e+00 -1.954545e+00 1 1 2
4.227273e+00 -1.863636e+00 1 1 2
4.227273e+00 -1.772727e+00 2 2 2
4.227273e+00 -1.681818e+00 1 2 2
4.227273e+00 -1.590909e+00 2 2 2
4.227273e+00 -1.500000e+00 1 2 2
4.227273e+00 -1.409091e+00 1 2 2
4.227273e+00 -1.318182e+00 1 2 2
4.227273e+00 -1.227273e+00 1 2 2
4.227273e+00 -1.136364e+00 1 2 2
4.227273e+00 -1.045455e+00 1 2 2
4.227273e+00 -9.545455e-01 1 2 2
4.227273e+00 -8.636364e-01 1 2 2
4.227273e+00 -7.727273e-01 1 2 2
4.227273e+00 -6.818182e-01 1 2 2
4.227273e+00 -5.909091e-01 1 2 2
4.227273e+00 -5.000000e-01 1 2 2
4.227273e+00 -4.090909e-01 1 2 2
4.227273e+00 -3.181818e-01 1 2 2
4.227273e+00 -2.272727e-01 1 2 2
4.227273e+00 -1.363636e-01 1 2 2
4.227273e+00 -4.545455e-02 2 2 2
4.227273e+00 4.545455e-02 1 2 2
4.227273e+00 1.363636e-01 1 1 2
4.227273e+00 2.272727e-01 1 1 1
4.227273e+00 3.181818e-01 1 1 1
4.227273e+00 4.090909e-01 1 1 1
4.227273e+00 5.000000e-01 1 1 1
4.227273e+00 5.909091e-01 1 1 1
4.227273e+00 6.818182e-01 2 1 1
4.227273e+00 7.727273e-01 1 1 1
4.227273e+00 8.636364e-01 2 1 1
4.227273e+00 9.545455e-01 1 1 1
4.227273e+00 1.045455e+00 1 1 1
4.227273e+00 1.136364e+00 1 1 1
4.227273e+00 1.227273e+00 1 1 1
4.227273e+00 1.318182e+00 1 1 1
4.227273e+00 1.409091e+00 1 1 1
4.227273e+00 1.500000e+00 1 1 1
4.227273e+00 1.590909e+00 1 1 1
4.227273e+00 1.681818e+00 1 1 1
4.227273e+00 1.772727e+00 1 1 1
4.227273e+00 1.863636e+00 1 1 1
4.227273e+00 1.954545e+00 1 1 1
4.227273e+00 2.045455e+00 2 1 1
4.227273e+00 2.136364e+00 2 1 1
4.227273e+00 2.227273e+00 2 1 1
4.227273e+00 2.318182e+00 2 1 1
4.227273e+00 2.409091e+00 2 1 1
4.227273e+00 2.500000e+00 3 1 1
4.227273e+00 2.590909e+00 2 1 1
4.227273e+00 2.681818e+00 2 1 1
4.227273e+00 2.772727e+00 2 1 1
4.227273e+00 2.863636e+00 2 1 1
4.227273e+00 2.954545e+00 2 1 1
4.227273e+00 3.045455e+00 2 1 1
4.227273e+00 3.136364e+00 2 1 1
4.227273e+00 3.227273e+00 3 3 1
4.227273e+00 3.318182e+00 3 3 1
4.227273e+00 3.409091e+00 3 3 1
4.227273e+00 3.500000e+00 4 4 1
4.227273e+00 3.590909e+00 4 4 1
4.227273e+00 3.681818e+00 4 4 1
4.227273e+00 3.772727e+00 4 4 1
4.227273e+00 3.863636e+00 4 4 1
4.227273e+00 3.954545e+00 4 4 1
4.227273e+00 4.045455e+00 4 4 1
4.227273e+00 4.136364e+00 4 4 1
4.227273e+00 4.227273e+00 4 4 1
4.227273e+00 4.318182e+00 4 4 1
4.227273e+00 4.409091e+00 2 2 1
4.227273e+00 4.500000e+00 2 2 1

4.318182e+00 -4.500000e+00 1 1 2
4.318182e+00 -4.409091e+00 1 1 2
4.318182e+00 -4.318182e+00 3 3 2
4.318182e+00 -4.227273e+00 1 3 2
4.318182e+00 -4.136364e+00 1 1 2
4.318182e+00 -4.045455e+00 1 1 2
4.318182e+00 -3.954545e+00 1 1 2
4.318182e+00 -3.863636e+00 1 1 2
4.318182e+00 -3.772727e+00 1 1 2
4.318182e+00 -3.681818e+00 1 1 2
4.318182e+00 -3.590909e+00 1 1 2
4.318182e+00 -3.500000e+00 1 1 2
4.318182e+00 -3.409091e+00 3 3 2
4.318182e+00 -3.318182e+00 3 3 2
4.318182e+00 -3.227273e+00 3 3 2
4.318182e+00 -3.136364e+00 2 2 2
4.318182e+00 -3.045455e+00 2 2 2
4.318182e+00 -2.954545e+00 2 2 2
4.318182e+00 -2.863636e+00 4 2 2
4.318182e+00 -2.772727e+00 2 1 2
4.318182e+00 -2.681818e+00 2 1 2
4.318182e+00 -2.590909e+00 1 1 2
4.318182e+00 -2.500000e+00 2 1 2
4.318182e+00 -2.409091e+00 1 1 2
4.318182e+00 -2.318182e+00 1 2 2
4.318182e+00 -2.227273e+00 1 1 2
4.318182e+00 -2.136364e+00 1 1 2
4.318182e+00 -2.045455e+00 1 1 2
4.318182e+00 -1.954545e+00 2 1 2
4.318182e+00 -1.863636e+00 1 1 2
4.318182e+00 -1.772727e+00 2 2 2
4.318182e+00 -1.681818e+00 1 2 2
4.318182e+00 -1.590909e+00 1 2 2
4.318182e+00 -1.500000e+00 2 2 2
4.318182e+00 -1.409091e+00 1 2 2
4.318182e+00 -1.318182e+00 1 2 2
4.318182e+00 -1.227273e+00 1 2 2
4.318182e+00 -1.136364e+00 1 2 2
4.318182e+00 -1.045455e+00 1 2 2
4.318182e+00 -9.545455e-01 1 2 2
4.318182e+00 -8.636364e-01 1 2 2
4.318182e+00 -7.727273e-01 1 2 2
4.318182e+00 -6.818182e-01 2 2 2
4.318182e+00 -5.909091e-01 1 2 2
4.318182e+00 -5.000000e-01 1 2 2
4.318182e+00 -4.090909e-01 1 2 2
4.318182e+00 -3.181818e-01 1 2 2
4.318182e+00 -2.272727e-01 2 2 2
4.318182e+00 -1.363636e-01 1 2 2
4.318182e+00 -4.545455e-02 2 2 2
4.318182e+00 4.545455e-02 1 1 2
4.318182e+00 1.363636e-01 1 1 2
4.318182e+00 2.272727e-01 1 1 1
4.318182e+00 3.181818e-01 1 2 1
4.318182e+00 4.090909e-01 1 1 1
4.318182e+00 5.000000e-01 1 1 1
4.318182e+00 5.909091e-01 1 1 1
4.318182e+00 6.818182e-01 1 1 1
4.318182e+00 7.727273e-01 1 1 1
4.318182e+00 8.636364e-01 1 1 1
4.318182e+00 9.545455e-01 1 1 1
4.318182e+00 1.045455e+00 1 1 1
4.318182e+00 1.136364e+00 1 1 1
4.318182e+00 1.227273e+00 1 1 1
4.318182e+00 1.318182e+00 1 1 1
4.318182e+00 1.409091e+00 2 1 1
4.318182e+00 1.500000e+00 2 1 1
4.318182e+00 1.590909e+00 1 1 1
4.318182e+00 1.681818e+00 1 1 1
4.318182e+00 1.772727e+00 1 1 1
4.318182e+00 1.863636e+00 1 1 1
4.318182e+00 1.954545e+00 1 1 1
4.318182e+00 2.045455e+00 2 1 1
4.318182e+00 2.136364e+00 2 1 1
4.318182e+00 2.227273e+00 2 1 1
4.318182e+00 2.318182e+00 2 1 1
4.318182e+00 2.409091e+00 2 1 1
4.318182e+00 2.500000e+00 2 1 1
4.318182e+00 2.590909e+00 2 1 1
4.318182e+00 2.681818e+00 2 1 1
4.318182e+00 2.772727e+00 2 1 1
4.318182e+00 2.863636e+00 3 3 1
4.318182e+00 2.954545e+00 3 3 1
4.318182e+00 3.045455e+00 1 3 1
4.318182e+00 3.136364e+00 3 3 1
4.318182e+00 3.227273e+00 3 3 1
4.318182e+00 3.318182e+00 3 3 1
4.318182e+00 3.409091e+00 4 4 1
4.318182e+00 3.500000e+00 4 4 1
4.318182e+00 3.590909e+00 4 4 1
4.318182e+00 3.681818e+00 4 4 1
4.318182e+00 3.772727e+00 4 4 1
4.318182e+00 3.863636e+00 4 4 1
4.318182e+00 3.954545e+00 4 4 1
4.318182e+00 4.045455e+00 4 4 1
4.318182e+00 4.136364e+00 4 4 1
4.318182e+00 4.227273e+00 4 4 1
4.318182e+00 4.318182e+00 1 4 1
4.318182e+00 4.409091e+00 2 2 1
4.318182e+00 4.500000e+00 2 2 1

4.409091e+00 -4.500000e+00 1 1 2
4.409091e+00 -4.409091e+00 3 3 2
4.409091e+00 -4.318182e+00 3 1 2
4.409091e+00 -4.227273e+00 3 3 2
4.409091e+00 -4.136364e+00 1 1 2
4.409091e+00 -4.045455e+00 2 1 2
4.409091e+00 -3.954545e+00 1 1 2
4.409091e+00 -3.863636e+00 1 1 2
4.409091e+00 -3.772727e+00 1 1 2
4.409091e+00 -3.681818e+00 1 1 2
4.409091e+00 -3.590909e+00 1 1 2
4.409091e+00 -3.500000e+00 3 3 2
4.409091e+00 -3.409091e+00 3 3 2
4.409091e+00 -3.318182e+00 3 3 2
4.409091e+00 -3.227273e+00 3 3 2
4.409091e+00 -3.136364e+00 3 3 2
4.409091e+00 -3.045455e+00 3 3 2
4.409091e+00 -2.954545e+00 2 1 2
4.409091e+00 -2.863636e+00 2 1 2
4.409091e+00 -2.772727e+00 1 1 2
4.409091e+00 -2.681818e+00 1 1 2
4.409091e+00 -2.590909e+00 1 2 2
4.409091e+00 -2.500000e+00 2 1 2
4.409091e+00 -2.409091e+00 1 1 2
4.409091e+00 -2.318182e+00 1 1 2
4.409091e+00 -2.227273e+00 1 1 2
4.409091e+00 -2.136364e+00 1 1 2
4.409091e+00 -2.045455e+00 1 1 2
4.409091e+00 -1.954545e+00 2 1 2
4.409091e+00 -1.863636e+00 4 4 2
4.409091e+00 -1.772727e+00 4 4 2
4.409091e+00 -1.681818e+00 4 4 2
4.409091e+00 -1.590909e+00 4 4 2
4.409091e+00 -1.500000e+00 4 4 2
4.409091e+00 -1.409091e+00 4 4 2
4.409091e+00 -1.318182e+00 4 4 2
4.409091e+00 -1.227273e+00 4 4 2
4.409091e+00 -1.136364e+00 4 4 2
4.409091e+00 -1.045455e+00 4 4 2
4.409091e+00 -9.545455e-01 4 4 2
4.409091e+00 -8.636364e-01 4 4 2
4.409091e+00 -7.727273e-01 4 4 2
4.409091e+00 -6.818182e-01 4 4 2
4.409091e+00 -5.909091e-01 4 4 2
4.409091e+00 -5.000000e-01 1 2 2
4.409091e+00 -4.090909e-01 2 2 2
4.409091e+00 -3.181818e-01 1 2 2
4.409091e+00 -2.272727e-01 1 2 2
4.409091e+00 -1.363636e-01 1 2 2
4.409091e+00 -4.545455e-02 2 2 2
4.409091e+00 4.545455e-02 1 1 2
4.409091e+00 1.363636e-01 1 1 2
4.409091e+00 2.272727e-01 1 1 1
4.409091e+00 3.181818e-01 2 2 1
4.409091e+00 4.090909e-01 1 1 1
4.409091e+00 5.000000e-01 1 1 1
4.409091e+00 5.909091e-01 1 1 1
4.409091e+00 6.818182e-01 1 1 1
4.409091e+00 7.727273e-01 2 1 1
4.409091e+00 8.636364e-01 1 1 1
4.409091e+00 9.545455e-01 1 1 1
4.409091e+00 1.045455e+00 1 1 1
4.409091e+00 1.136364e+00 1 1 1
4.409091e+00 1.227273e+00 2 1 1
4.409091e+00 1.318182e+00 1 1 1
4.409091e+00 1.409091e+00 1 1 1
4.409091e+00 1.500000e+00 1 1 1
4.409091e+00 1.590909e+00 1 1 1
4.409091e+00 1.681818e+00 1 1 1
4.409091e+00 1.772727e+00 1 1 1
4.409091e+00 1.863636e+00 1 1 1
4.409091e+00 1.954545e+00 1 1 1
4.409091e+00 2.045455e+00 2 1 1
4.409091e+00 2.136364e+00 2 1 1
4.409091e+00 2.227273e+00 1 3 1
4.409091e+00 2.318182e+00 4 3 1
4.409091e+00 2.409091e+00 3 3 1
4.409091e+00 2.500000e+00 3 3 1
4.409091e+00 2.590909e+00 3 3 1
4.409091e+00 2.681818e+00 3 3 1
4.409091e+00 2.772727e+00 3 3 1
4.409091e+00 2.863636e+00 3 3 1
4.409091e+00 2.954545e+00 3 3 1
4.409091e+00 3.045455e+00 3 3 1
4.409091e+00 3.136364e+00 3 3 1
4.409091e+00 3.227273e+00 3 3 1
4.409091e+00 3.318182e+00 4 4 1
4.409091e+00 3.409091e+00 4 4 1
4.409091e+00 3.500000e+00 4 4 1
4.409091e+00 3.590909e+00 4 4 1
4.409091e+00 3.681818e+00 4 4 1
4.409091e+00 3.772727e+00 4 4 1
4.409091e+00 3.863636e+00 4 4 1
4.409091e+00 3.954545e+00 4 4 1
4.409091e+00 4.045455e+00 4 4 1
4.409091e+00 4.136364e+00 4 4 1
4.409091e+00 4.227273e+00 4 4 1
4.409091e+00 4.318182e+00 2 4 1
4.409091e+00 4.409091e+00 2 2 1
4.409091e+00 4.500000e+00 2 2 1

4.500000e+00 -4.500000e+00 1 1 2
4.500000e+00 -4.409091e+00 3 3 2
4.500000e+00 -4.318182e+00 3 3 2
4.500000e+00 -4.227273e+00 3 3 2
4.500000e+00 -4.136364e+00 2 1 2
4.500000e+00 -4.045455e+00 1 1 2
4.500000e+00 -3.954545e+00 1 1 2
4.500000e+00 -3.863636e+00 1 1 2
4.500000e+00 -3.772727e+00 1 1 2
4.500000e+00 -3.681818e+00 1 1 2
4.500000e+00 -3.590909e+00 1 1 2
4.500000e+00 -3.500000e+00 3 3 2
4.500000e+00 -3.409091e+00 3 3 2
4.500000e+00 -3.318182e+00 3 3 2
4.500000e+00 -3.227273e+00 3 3 2
4.500000e+00 -3.136364e+00 3 3 2
4.500000e+00 -3.045455e+00 3 3 2
4.500000e+00 -2.954545e+00 2 1 2
4.500000e+00 -2.863636e+00 1 1 2
4.500000e+00 -2.772727e+00 1 1 2
4.500000e+00 -2.681818e+00 1 1 2
4.500000e+00 -2.590909e+00 1 2 2
4.500000e+00 -2.500000e+00 1 1 2
4.500000e+00 -2.409091e+00 1 1 2
4.500000e+00 -2.318182e+00 1 1 2
4.500000e+00 -2.227273e+00 1 2 2
4.500000e+00 -2.136364e+00 4 4 2
4.500000e+00 -2.045455e+00 4 4 2
4.500000e+00 -1.954545e+00 4 4 2
4.500000e+00 -1.863636e+00 4 4 2
4.500000e+00 -1.772727e+00 4 4 2
4.500000e+00 -1.681818e+00 4 4 2
4.500000e+00 -1.590909e+00 4 4 2
4.500000e+00 -1.500000e+00 4 4 2
4.500000e+00 -1.409091e+00 4 4 2
4.500000e+00 -1.318182e+00 4 4 2
4.500000e+00 -1.227273e+00 4 4 2
4.500000e+00 -1.136364e+00 2 2 2
4.500000e+00 -1.045455e+00 1 2 2
4.500000e+00 -9.545455e-01 1 2 2
4.500000e+00 -8.636364e-01 4 2 2
4.500000e+00 -7.727273e-01 1 2 2
4.500000e+00 -6.818182e-01 1 2 2
4.500000e+00 -5.909091e-01 2 2 2
4.500000e+00 -5.000000e-01 1 2 2
4.500000e+00 -4.090909e-01 1 2 2
4.500000e+00 -3.181818e-01 1 2 2
4.500000e+00 -2.272727e-01 1 2 2
4.500000e+00 -1.363636e-01 1 2 2
4.500000e+00 -4.545455e-02 2 2 2
4.500000e+00 4.545455e-02 1 2 2
4.500000e+00 1.363636e-01 2 1 2
4.500000e+00 2.272727e-01 1 2 1
4.500000e+00 3.181818e-01 2 2 1
4.500000e+00 4.090909e-01 1 1 1
4.500000e+00 5.000000e-01 1 1 1
4.500000e+00 5.909091e-01 2 1 1
4.500000e+00 6.818182e-01 1 1 1
4.500000e+00 7.727273e-01 1 1 1
4.500000e+00 8.636364e-01 1 1 1
4.500000e+00 9.545455e-01 1 1 1
4.500000e+00 1.045455e+00 1 1 1
4.500000e+00 1.136364e+00 1 1 1
4.500000e+00 1.227273e+00 1 1 1
4.500000e+00 1.318182e+00 2 1 1
4.500000e+00 1.409091e+00 2 1 1
4.500000e+00 1.500000e+00 2 1 1
4.500000e+00 1.590909e+00 1 3 1
4.500000e+00 1.681818e+00 1 3 1
4.500000e+00 1.772727e+00 2 3 1
4.500000e+00 1.863636e+00 1 3 1
4.500000e+00 1.954545e+00 3 3 1
4.500000e+00 2.045455e+00 2 3 1
4.500000e+00 2.136364e+00 4 3 1
4.500000e+00 2.227273e+00 3 3 1
4.500000e+00 2.318182e+00 3 3 1
4.500000e+00 2.409091e+00 3 3 1
4.500000e+00 2.500000e+00 3 3 1
4.500000e+00 2.590909e+00 3 3 1
4.500000e+00 2.681818e+00 3 3 1
4.500000e+00 2.772727e+00 3 3 1
4.500000e+00 2.863636e+00 2 3 1
4.500000e+00 2.954545e+00 3 3 1
4.500000e+00 3.045455e+00 3 3 1
4.500000e+00 3.136364e+00 4 1 1
4.500000e+00 3.227273e+00 4 4 1
4.500000e+00 3.318182e+00 4 4 1
4.500000e+00 3.409091e+00 4 4 1
4.500000e+00 3.500000e+00 4 4 1
4.500000e+00 3.590909e+00 4 4 1
4.500000e+00 3.681818e+00 4 4 1
4.500000e+00 3.772727e+00 4 4 1
4.500000e+00 3.863636e+00 4 4 1
4.500000e+00 3.954545e+00 4 4 1
4.500000e+00 4.045455e+00 4 4 1
4.500000e+00 4.136364e+00 4 4 1
4.500000e+00 4.227273e+00 3 4 1
4.500000e+00 4.318182e+00 4 4 1
4.500000e+00 4.409091e+00 1 2 1
4.500000e+00 4.500000e+00 2 1 1

